#Timing report of worst 37 path(s)
# Unit scale: 1e-09 seconds
# Output precision: 3

#Path 1
Startpoint: delay_dff_Q_23.QZ[0] (Q_FRAG clocked by clk)
Endpoint  : num_dffe_Q.QEN[0] (Q_FRAG clocked by clk)
Path Type : setup

Point                                                                                                                                       Incr      Path
----------------------------------------------------------------------------------------------------------------------------------------------------------
clock clk (rise edge)                                                                                                                      0.000     0.000
clock source latency                                                                                                                       0.000     0.000
u_qlal4s3b_cell_macro.Sys_Clk0[0] (ASSP)                                                                                                   0.000     0.000
delay_dff_Q_23.QCK[0] (Q_FRAG)                                                                                                            12.136    12.136
delay_dff_Q_23.QZ[0] (Q_FRAG) [clock-to-output]                                                                                            1.701    13.838
num_dffe_Q_EN_LUT4_O_I3_LUT2_O_I1_LUT4_O_I2_LUT4_O_I2_LUT2_I0_O_LUT3_O_5_I2_LUT4_O.c_frag.BB2[0] (C_FRAG)                                  2.683    16.521
num_dffe_Q_EN_LUT4_O_I3_LUT2_O_I1_LUT4_O_I2_LUT4_O_I2_LUT2_I0_O_LUT3_O_5_I2_LUT4_O.c_frag.CZ[0] (C_FRAG)                                   1.552    18.073
num_dffe_Q_EN_LUT4_O_I3_LUT2_O_I1_LUT4_O_I2_LUT4_O_I2_LUT2_I0_O_LUT3_O_5_I2_LUT4_I3.c_frag.TBS[0] (C_FRAG)                                 3.514    21.587
num_dffe_Q_EN_LUT4_O_I3_LUT2_O_I1_LUT4_O_I2_LUT4_O_I2_LUT2_I0_O_LUT3_O_5_I2_LUT4_I3.c_frag.CZ[0] (C_FRAG)                                  0.996    22.583
num_dffe_Q_EN_LUT4_O_I3_LUT2_O_I1_LUT4_O_I2_LUT4_O_I2_LUT2_I0_O_LUT3_O_5_I2_LUT4_I3_O_LUT4_I3.c_frag.TBS[0] (C_FRAG)                       4.822    27.405
num_dffe_Q_EN_LUT4_O_I3_LUT2_O_I1_LUT4_O_I2_LUT4_O_I2_LUT2_I0_O_LUT3_O_5_I2_LUT4_I3_O_LUT4_I3.c_frag.CZ[0] (C_FRAG)                        0.996    28.401
num_dffe_Q_EN_LUT4_O_I3_LUT2_O_I1_LUT4_O_I2_LUT4_O_I2_LUT2_I0_O_LUT2_O_9_I0_LUT2_O.t_frag.XAB[0] (T_FRAG)                                  4.330    32.730
num_dffe_Q_EN_LUT4_O_I3_LUT2_O_I1_LUT4_O_I2_LUT4_O_I2_LUT2_I0_O_LUT2_O_9_I0_LUT2_O.t_frag.XZ[0] (T_FRAG)                                   1.251    33.981
num_dffe_Q_EN_LUT4_O_I3_LUT2_O_I1_LUT4_O_I2_LUT4_O_I2_LUT2_I0_O_LUT2_O_7_I0_LUT3_I0.t_frag.XSL[0] (T_FRAG)                                 3.122    37.103
num_dffe_Q_EN_LUT4_O_I3_LUT2_O_I1_LUT4_O_I2_LUT4_O_I2_LUT2_I0_O_LUT2_O_7_I0_LUT3_I0.t_frag.XZ[0] (T_FRAG)                                  1.406    38.509
num_dffe_Q_EN_LUT4_O_I3_LUT2_O_I1_LUT4_O_I2_LUT4_O_I1_LUT4_O_I3_LUT3_O_I2_LUT4_O.c_frag.TBS[0] (C_FRAG)                                    3.859    42.368
num_dffe_Q_EN_LUT4_O_I3_LUT2_O_I1_LUT4_O_I2_LUT4_O_I1_LUT4_O_I3_LUT3_O_I2_LUT4_O.c_frag.CZ[0] (C_FRAG)                                     0.996    43.364
num_dffe_Q_EN_LUT4_O_I3_LUT2_O_I1_LUT4_O_I2_LUT4_O_I1_LUT4_O_I3_LUT3_O.t_frag.XAB[0] (T_FRAG)                                              3.735    47.099
num_dffe_Q_EN_LUT4_O_I3_LUT2_O_I1_LUT4_O_I2_LUT4_O_I1_LUT4_O_I3_LUT3_O.t_frag.XZ[0] (T_FRAG)                                               1.305    48.404
num_dffe_Q_EN_LUT4_O_I3_LUT2_O_I1_LUT4_O_I2_LUT4_O_I1_LUT4_O.c_frag.TBS[0] (C_FRAG)                                                        5.563    53.967
num_dffe_Q_EN_LUT4_O_I3_LUT2_O_I1_LUT4_O_I2_LUT4_O_I1_LUT4_O.c_frag.CZ[0] (C_FRAG)                                                         0.996    54.963
num_dffe_Q_EN_LUT4_O_I3_LUT2_O_I1_LUT4_O_I2_LUT4_O.c_frag.TSL[0] (C_FRAG)                                                                  3.141    58.104
num_dffe_Q_EN_LUT4_O_I3_LUT2_O_I1_LUT4_O_I2_LUT4_O.c_frag.CZ[0] (C_FRAG)                                                                   1.593    59.697
num_dffe_Q_EN_LUT4_O_I3_LUT2_O_I1_LUT4_O_I3_LUT2_I0.t_frag.XAB[0] (T_FRAG)                                                                 4.857    64.553
num_dffe_Q_EN_LUT4_O_I3_LUT2_O_I1_LUT4_O_I3_LUT2_I0.t_frag.XZ[0] (T_FRAG)                                                                  1.251    65.804
num_dffe_Q_EN_LUT4_O_I2_LUT4_O.c_frag.TBS[0] (C_FRAG)                                                                                      5.238    71.043
num_dffe_Q_EN_LUT4_O_I2_LUT4_O.c_frag.CZ[0] (C_FRAG)                                                                                       0.996    72.038
num_dffe_Q_EN_LUT4_O.c_frag.TAB[0] (C_FRAG)                                                                                                2.600    74.639
num_dffe_Q_EN_LUT4_O.c_frag.CZ[0] (C_FRAG)                                                                                                 1.437    76.076
num_dffe_Q.QEN[0] (Q_FRAG)                                                                                                                 3.075    79.151
data arrival time                                                                                                                                   79.151

clock clk (rise edge)                                                                                                                      0.000     0.000
clock source latency                                                                                                                       0.000     0.000
u_qlal4s3b_cell_macro.Sys_Clk0[0] (ASSP)                                                                                                   0.000     0.000
num_dffe_Q.QCK[0] (Q_FRAG)                                                                                                                 9.006     9.006
clock uncertainty                                                                                                                          0.000     9.006
cell setup time                                                                                                                           -0.591     8.415
data required time                                                                                                                                   8.415
----------------------------------------------------------------------------------------------------------------------------------------------------------
data required time                                                                                                                                   8.415
data arrival time                                                                                                                                  -79.151
----------------------------------------------------------------------------------------------------------------------------------------------------------
slack (VIOLATED)                                                                                                                                   -70.737


#Path 2
Startpoint: delay_dff_Q_23.QZ[0] (Q_FRAG clocked by clk)
Endpoint  : num_dffe_Q.QD[0] (Q_FRAG clocked by clk)
Path Type : setup

Point                                                                                                                                       Incr      Path
----------------------------------------------------------------------------------------------------------------------------------------------------------
clock clk (rise edge)                                                                                                                      0.000     0.000
clock source latency                                                                                                                       0.000     0.000
u_qlal4s3b_cell_macro.Sys_Clk0[0] (ASSP)                                                                                                   0.000     0.000
delay_dff_Q_23.QCK[0] (Q_FRAG)                                                                                                            12.136    12.136
delay_dff_Q_23.QZ[0] (Q_FRAG) [clock-to-output]                                                                                            1.701    13.838
num_dffe_Q_EN_LUT4_O_I3_LUT2_O_I1_LUT4_O_I2_LUT4_O_I2_LUT2_I0_O_LUT3_O_5_I2_LUT4_O.c_frag.BB2[0] (C_FRAG)                                  2.683    16.521
num_dffe_Q_EN_LUT4_O_I3_LUT2_O_I1_LUT4_O_I2_LUT4_O_I2_LUT2_I0_O_LUT3_O_5_I2_LUT4_O.c_frag.CZ[0] (C_FRAG)                                   1.552    18.073
num_dffe_Q_EN_LUT4_O_I3_LUT2_O_I1_LUT4_O_I2_LUT4_O_I2_LUT2_I0_O_LUT3_O_5_I2_LUT4_I3.c_frag.TBS[0] (C_FRAG)                                 3.514    21.587
num_dffe_Q_EN_LUT4_O_I3_LUT2_O_I1_LUT4_O_I2_LUT4_O_I2_LUT2_I0_O_LUT3_O_5_I2_LUT4_I3.c_frag.CZ[0] (C_FRAG)                                  0.996    22.583
num_dffe_Q_EN_LUT4_O_I3_LUT2_O_I1_LUT4_O_I2_LUT4_O_I2_LUT2_I0_O_LUT3_O_5_I2_LUT4_I3_O_LUT4_I3.c_frag.TBS[0] (C_FRAG)                       4.822    27.405
num_dffe_Q_EN_LUT4_O_I3_LUT2_O_I1_LUT4_O_I2_LUT4_O_I2_LUT2_I0_O_LUT3_O_5_I2_LUT4_I3_O_LUT4_I3.c_frag.CZ[0] (C_FRAG)                        0.996    28.401
num_dffe_Q_EN_LUT4_O_I3_LUT2_O_I1_LUT4_O_I2_LUT4_O_I2_LUT2_I0_O_LUT2_O_9_I0_LUT2_O.t_frag.XAB[0] (T_FRAG)                                  4.330    32.730
num_dffe_Q_EN_LUT4_O_I3_LUT2_O_I1_LUT4_O_I2_LUT4_O_I2_LUT2_I0_O_LUT2_O_9_I0_LUT2_O.t_frag.XZ[0] (T_FRAG)                                   1.251    33.981
num_dffe_Q_EN_LUT4_O_I3_LUT2_O_I1_LUT4_O_I2_LUT4_O_I2_LUT2_I0_O_LUT2_O_7_I0_LUT3_I0.t_frag.XSL[0] (T_FRAG)                                 3.122    37.103
num_dffe_Q_EN_LUT4_O_I3_LUT2_O_I1_LUT4_O_I2_LUT4_O_I2_LUT2_I0_O_LUT2_O_7_I0_LUT3_I0.t_frag.XZ[0] (T_FRAG)                                  1.406    38.509
num_dffe_Q_EN_LUT4_O_I3_LUT2_O_I1_LUT4_O_I2_LUT4_O_I1_LUT4_O_I3_LUT3_O_I2_LUT4_O.c_frag.TBS[0] (C_FRAG)                                    3.859    42.368
num_dffe_Q_EN_LUT4_O_I3_LUT2_O_I1_LUT4_O_I2_LUT4_O_I1_LUT4_O_I3_LUT3_O_I2_LUT4_O.c_frag.CZ[0] (C_FRAG)                                     0.996    43.364
num_dffe_Q_EN_LUT4_O_I3_LUT2_O_I1_LUT4_O_I2_LUT4_O_I1_LUT4_O_I3_LUT3_O.t_frag.XAB[0] (T_FRAG)                                              3.735    47.099
num_dffe_Q_EN_LUT4_O_I3_LUT2_O_I1_LUT4_O_I2_LUT4_O_I1_LUT4_O_I3_LUT3_O.t_frag.XZ[0] (T_FRAG)                                               1.305    48.404
num_dffe_Q_EN_LUT4_O_I3_LUT2_O_I1_LUT4_O_I2_LUT4_O_I1_LUT4_O.c_frag.TBS[0] (C_FRAG)                                                        5.563    53.967
num_dffe_Q_EN_LUT4_O_I3_LUT2_O_I1_LUT4_O_I2_LUT4_O_I1_LUT4_O.c_frag.CZ[0] (C_FRAG)                                                         0.996    54.963
num_dffe_Q_EN_LUT4_O_I3_LUT2_O_I1_LUT4_O_I2_LUT4_O.c_frag.TSL[0] (C_FRAG)                                                                  3.141    58.104
num_dffe_Q_EN_LUT4_O_I3_LUT2_O_I1_LUT4_O_I2_LUT4_O.c_frag.CZ[0] (C_FRAG)                                                                   1.593    59.697
num_dffe_Q_EN_LUT4_O_I3_LUT2_O_I1_LUT4_O_I3_LUT2_I0.t_frag.XAB[0] (T_FRAG)                                                                 4.857    64.553
num_dffe_Q_EN_LUT4_O_I3_LUT2_O_I1_LUT4_O_I3_LUT2_I0.t_frag.XZ[0] (T_FRAG)                                                                  1.251    65.804
num_dffe_Q_EN_LUT4_O_I2_LUT4_O.c_frag.TBS[0] (C_FRAG)                                                                                      5.238    71.043
num_dffe_Q_EN_LUT4_O_I2_LUT4_O.c_frag.CZ[0] (C_FRAG)                                                                                       0.996    72.038
num_dffe_Q_EN_LUT4_O_I2_LUT4_I2.c_frag.TAB[0] (C_FRAG)                                                                                     3.896    75.935
num_dffe_Q_EN_LUT4_O_I2_LUT4_I2.c_frag.CZ[0] (C_FRAG)                                                                                      1.437    77.372
num_dffe_Q.QD[0] (Q_FRAG)                                                                                                                  0.000    77.372
data arrival time                                                                                                                                   77.372

clock clk (rise edge)                                                                                                                      0.000     0.000
clock source latency                                                                                                                       0.000     0.000
u_qlal4s3b_cell_macro.Sys_Clk0[0] (ASSP)                                                                                                   0.000     0.000
num_dffe_Q.QCK[0] (Q_FRAG)                                                                                                                 9.006     9.006
clock uncertainty                                                                                                                          0.000     9.006
cell setup time                                                                                                                            0.105     9.111
data required time                                                                                                                                   9.111
----------------------------------------------------------------------------------------------------------------------------------------------------------
data required time                                                                                                                                   9.111
data arrival time                                                                                                                                  -77.372
----------------------------------------------------------------------------------------------------------------------------------------------------------
slack (VIOLATED)                                                                                                                                   -68.261


#Path 3
Startpoint: delay_dff_Q_23.QZ[0] (Q_FRAG clocked by clk)
Endpoint  : num_dff_Q_4.QD[0] (Q_FRAG clocked by clk)
Path Type : setup

Point                                                                                                                                       Incr      Path
----------------------------------------------------------------------------------------------------------------------------------------------------------
clock clk (rise edge)                                                                                                                      0.000     0.000
clock source latency                                                                                                                       0.000     0.000
u_qlal4s3b_cell_macro.Sys_Clk0[0] (ASSP)                                                                                                   0.000     0.000
delay_dff_Q_23.QCK[0] (Q_FRAG)                                                                                                            12.136    12.136
delay_dff_Q_23.QZ[0] (Q_FRAG) [clock-to-output]                                                                                            1.701    13.838
num_dffe_Q_EN_LUT4_O_I3_LUT2_O_I1_LUT4_O_I2_LUT4_O_I2_LUT2_I0_O_LUT3_O_5_I2_LUT4_O.c_frag.BB2[0] (C_FRAG)                                  2.683    16.521
num_dffe_Q_EN_LUT4_O_I3_LUT2_O_I1_LUT4_O_I2_LUT4_O_I2_LUT2_I0_O_LUT3_O_5_I2_LUT4_O.c_frag.CZ[0] (C_FRAG)                                   1.552    18.073
num_dffe_Q_EN_LUT4_O_I3_LUT2_O_I1_LUT4_O_I2_LUT4_O_I2_LUT2_I0_O_LUT3_O_5_I2_LUT4_I3.c_frag.TBS[0] (C_FRAG)                                 3.514    21.587
num_dffe_Q_EN_LUT4_O_I3_LUT2_O_I1_LUT4_O_I2_LUT4_O_I2_LUT2_I0_O_LUT3_O_5_I2_LUT4_I3.c_frag.CZ[0] (C_FRAG)                                  0.996    22.583
num_dffe_Q_EN_LUT4_O_I3_LUT2_O_I1_LUT4_O_I2_LUT4_O_I2_LUT2_I0_O_LUT3_O_5_I2_LUT4_I3_O_LUT4_I3.c_frag.TBS[0] (C_FRAG)                       4.822    27.405
num_dffe_Q_EN_LUT4_O_I3_LUT2_O_I1_LUT4_O_I2_LUT4_O_I2_LUT2_I0_O_LUT3_O_5_I2_LUT4_I3_O_LUT4_I3.c_frag.CZ[0] (C_FRAG)                        0.996    28.401
num_dffe_Q_EN_LUT4_O_I3_LUT2_O_I1_LUT4_O_I2_LUT4_O_I2_LUT2_I0_O_LUT2_O_9_I0_LUT2_O.t_frag.XAB[0] (T_FRAG)                                  4.330    32.730
num_dffe_Q_EN_LUT4_O_I3_LUT2_O_I1_LUT4_O_I2_LUT4_O_I2_LUT2_I0_O_LUT2_O_9_I0_LUT2_O.t_frag.XZ[0] (T_FRAG)                                   1.251    33.981
num_dffe_Q_EN_LUT4_O_I3_LUT2_O_I1_LUT4_O_I2_LUT4_O_I2_LUT2_I0_O_LUT2_O_7_I0_LUT3_I0.t_frag.XSL[0] (T_FRAG)                                 3.122    37.103
num_dffe_Q_EN_LUT4_O_I3_LUT2_O_I1_LUT4_O_I2_LUT4_O_I2_LUT2_I0_O_LUT2_O_7_I0_LUT3_I0.t_frag.XZ[0] (T_FRAG)                                  1.406    38.509
num_dffe_Q_EN_LUT4_O_I3_LUT2_O_I1_LUT4_O_I2_LUT4_O_I1_LUT4_O_I3_LUT3_O_I2_LUT4_O.c_frag.TBS[0] (C_FRAG)                                    3.859    42.368
num_dffe_Q_EN_LUT4_O_I3_LUT2_O_I1_LUT4_O_I2_LUT4_O_I1_LUT4_O_I3_LUT3_O_I2_LUT4_O.c_frag.CZ[0] (C_FRAG)                                     0.996    43.364
num_dffe_Q_EN_LUT4_O_I3_LUT2_O_I1_LUT4_O_I2_LUT4_O_I1_LUT4_O_I3_LUT3_O.t_frag.XAB[0] (T_FRAG)                                              3.735    47.099
num_dffe_Q_EN_LUT4_O_I3_LUT2_O_I1_LUT4_O_I2_LUT4_O_I1_LUT4_O_I3_LUT3_O.t_frag.XZ[0] (T_FRAG)                                               1.305    48.404
num_dffe_Q_EN_LUT4_O_I3_LUT2_O_I1_LUT4_O_I2_LUT4_O_I1_LUT4_O.c_frag.TBS[0] (C_FRAG)                                                        5.563    53.967
num_dffe_Q_EN_LUT4_O_I3_LUT2_O_I1_LUT4_O_I2_LUT4_O_I1_LUT4_O.c_frag.CZ[0] (C_FRAG)                                                         0.996    54.963
num_dffe_Q_EN_LUT4_O_I3_LUT2_O_I1_LUT4_O_I2_LUT4_O.c_frag.TSL[0] (C_FRAG)                                                                  3.141    58.104
num_dffe_Q_EN_LUT4_O_I3_LUT2_O_I1_LUT4_O_I2_LUT4_O.c_frag.CZ[0] (C_FRAG)                                                                   1.593    59.697
num_dffe_Q_EN_LUT4_O_I3_LUT2_O_I1_LUT4_O_I3_LUT2_I0.t_frag.XAB[0] (T_FRAG)                                                                 4.857    64.553
num_dffe_Q_EN_LUT4_O_I3_LUT2_O_I1_LUT4_O_I3_LUT2_I0.t_frag.XZ[0] (T_FRAG)                                                                  1.251    65.804
num_dffe_Q_EN_LUT4_O_I2_LUT4_O.c_frag.TBS[0] (C_FRAG)                                                                                      5.238    71.043
num_dffe_Q_EN_LUT4_O_I2_LUT4_O.c_frag.CZ[0] (C_FRAG)                                                                                       0.996    72.038
num_dffe_Q_EN_LUT4_O_I2_LUT3_I0.t_frag.XA2[0] (T_FRAG)                                                                                     3.220    75.259
num_dffe_Q_EN_LUT4_O_I2_LUT3_I0.t_frag.XZ[0] (T_FRAG)                                                                                      1.605    76.864
num_dff_Q_4.QD[0] (Q_FRAG)                                                                                                                 0.000    76.864
data arrival time                                                                                                                                   76.864

clock clk (rise edge)                                                                                                                      0.000     0.000
clock source latency                                                                                                                       0.000     0.000
u_qlal4s3b_cell_macro.Sys_Clk0[0] (ASSP)                                                                                                   0.000     0.000
num_dff_Q_4.QCK[0] (Q_FRAG)                                                                                                                8.781     8.781
clock uncertainty                                                                                                                          0.000     8.781
cell setup time                                                                                                                            0.105     8.887
data required time                                                                                                                                   8.887
----------------------------------------------------------------------------------------------------------------------------------------------------------
data required time                                                                                                                                   8.887
data arrival time                                                                                                                                  -76.864
----------------------------------------------------------------------------------------------------------------------------------------------------------
slack (VIOLATED)                                                                                                                                   -67.977


#Path 4
Startpoint: num_dff_Q_2.QZ[0] (Q_FRAG clocked by clk)
Endpoint  : out:b.outpad[0] (.output clocked by clk)
Path Type : setup

Point                                                                                Incr      Path
---------------------------------------------------------------------------------------------------
clock clk (rise edge)                                                               0.000     0.000
clock source latency                                                                0.000     0.000
u_qlal4s3b_cell_macro.Sys_Clk0[0] (ASSP)                                            0.000     0.000
num_dff_Q_2.QCK[0] (Q_FRAG)                                                        10.312    10.312
num_dff_Q_2.QZ[0] (Q_FRAG) [clock-to-output]                                        1.701    12.013
a_LUT2_O_I0_LUT3_O_I0_LUT3_O_I0_LUT3_O.t_frag.XSL[0] (T_FRAG)                       4.475    16.489
a_LUT2_O_I0_LUT3_O_I0_LUT3_O_I0_LUT3_O.t_frag.XZ[0] (T_FRAG)                        1.462    17.951
e_mux4x0_Q_C_LUT3_O_I0_LUT3_O.t_frag.XA2[0] (T_FRAG)                                3.520    21.471
e_mux4x0_Q_C_LUT3_O_I0_LUT3_O.t_frag.XZ[0] (T_FRAG)                                 1.519    22.990
c_LUT2_O_I0_LUT3_O_I1_LUT3_O.t_frag.XA1[0] (T_FRAG)                                 4.285    27.275
c_LUT2_O_I0_LUT3_O_I1_LUT3_O.t_frag.XZ[0] (T_FRAG)                                  1.533    28.809
e_mux4x0_Q_B_LUT3_O.t_frag.XB1[0] (T_FRAG)                                          3.098    31.907
e_mux4x0_Q_B_LUT3_O.t_frag.XZ[0] (T_FRAG)                                           1.501    33.408
g_LUT3_O_I1_LUT2_O.t_frag.XAB[0] (T_FRAG)                                           2.813    36.221
g_LUT3_O_I1_LUT2_O.t_frag.XZ[0] (T_FRAG)                                            1.305    37.527
b_mux4x0_Q_S0_LUT2_O.t_frag.XSL[0] (T_FRAG)                                         4.015    41.542
b_mux4x0_Q_S0_LUT2_O.t_frag.XZ[0] (T_FRAG)                                          1.406    42.948
b_mux4x0_Q.t_frag.XSL[0] (T_FRAG)                                                   5.942    48.890
b_mux4x0_Q.t_frag.XZ[0] (T_FRAG)                                                    1.462    50.352
$iopadmap$decade_counter.b.O_DAT[0] (BIDIR_CELL)                                    5.842    56.193
$iopadmap$decade_counter.b.O_PAD_$out[0] (BIDIR_CELL)                               9.809    66.002
out:b.outpad[0] (.output)                                                           0.000    66.002
data arrival time                                                                            66.002

clock clk (rise edge)                                                               0.000     0.000
clock source latency                                                                0.000     0.000
clock uncertainty                                                                   0.000     0.000
output external delay                                                               0.000     0.000
data required time                                                                            0.000
---------------------------------------------------------------------------------------------------
data required time                                                                            0.000
data arrival time                                                                           -66.002
---------------------------------------------------------------------------------------------------
slack (VIOLATED)                                                                            -66.002


#Path 5
Startpoint: num_dff_Q_2.QZ[0] (Q_FRAG clocked by clk)
Endpoint  : out:e.outpad[0] (.output clocked by clk)
Path Type : setup

Point                                                                                Incr      Path
---------------------------------------------------------------------------------------------------
clock clk (rise edge)                                                               0.000     0.000
clock source latency                                                                0.000     0.000
u_qlal4s3b_cell_macro.Sys_Clk0[0] (ASSP)                                            0.000     0.000
num_dff_Q_2.QCK[0] (Q_FRAG)                                                        10.312    10.312
num_dff_Q_2.QZ[0] (Q_FRAG) [clock-to-output]                                        1.701    12.013
a_LUT2_O_I0_LUT3_O_I0_LUT3_O_I0_LUT3_O.t_frag.XSL[0] (T_FRAG)                       4.475    16.489
a_LUT2_O_I0_LUT3_O_I0_LUT3_O_I0_LUT3_O.t_frag.XZ[0] (T_FRAG)                        1.462    17.951
e_mux4x0_Q_C_LUT3_O_I0_LUT3_O.t_frag.XA2[0] (T_FRAG)                                3.520    21.471
e_mux4x0_Q_C_LUT3_O_I0_LUT3_O.t_frag.XZ[0] (T_FRAG)                                 1.519    22.990
c_LUT2_O_I0_LUT3_O_I1_LUT3_O.t_frag.XA1[0] (T_FRAG)                                 4.285    27.275
c_LUT2_O_I0_LUT3_O_I1_LUT3_O.t_frag.XZ[0] (T_FRAG)                                  1.533    28.809
e_mux4x0_Q_B_LUT3_O.t_frag.XB1[0] (T_FRAG)                                          3.098    31.907
e_mux4x0_Q_B_LUT3_O.t_frag.XZ[0] (T_FRAG)                                           1.501    33.408
g_LUT3_O_I1_LUT2_O.t_frag.XAB[0] (T_FRAG)                                           2.813    36.221
g_LUT3_O_I1_LUT2_O.t_frag.XZ[0] (T_FRAG)                                            1.305    37.527
b_mux4x0_Q_S0_LUT2_O.t_frag.XSL[0] (T_FRAG)                                         4.015    41.542
b_mux4x0_Q_S0_LUT2_O.t_frag.XZ[0] (T_FRAG)                                          1.406    42.948
e_mux4x0_Q.t_frag.XSL[0] (T_FRAG)                                                   5.054    48.002
e_mux4x0_Q.t_frag.XZ[0] (T_FRAG)                                                    1.462    49.464
$iopadmap$decade_counter.e.O_DAT[0] (BIDIR_CELL)                                    5.917    55.381
$iopadmap$decade_counter.e.O_PAD_$out[0] (BIDIR_CELL)                               9.809    65.190
out:e.outpad[0] (.output)                                                           0.000    65.190
data arrival time                                                                            65.190

clock clk (rise edge)                                                               0.000     0.000
clock source latency                                                                0.000     0.000
clock uncertainty                                                                   0.000     0.000
output external delay                                                               0.000     0.000
data required time                                                                            0.000
---------------------------------------------------------------------------------------------------
data required time                                                                            0.000
data arrival time                                                                           -65.190
---------------------------------------------------------------------------------------------------
slack (VIOLATED)                                                                            -65.190


#Path 6
Startpoint: delay_dff_Q_23.QZ[0] (Q_FRAG clocked by clk)
Endpoint  : num_dff_Q_5.QD[0] (Q_FRAG clocked by clk)
Path Type : setup

Point                                                                                                                                       Incr      Path
----------------------------------------------------------------------------------------------------------------------------------------------------------
clock clk (rise edge)                                                                                                                      0.000     0.000
clock source latency                                                                                                                       0.000     0.000
u_qlal4s3b_cell_macro.Sys_Clk0[0] (ASSP)                                                                                                   0.000     0.000
delay_dff_Q_23.QCK[0] (Q_FRAG)                                                                                                            12.136    12.136
delay_dff_Q_23.QZ[0] (Q_FRAG) [clock-to-output]                                                                                            1.701    13.838
num_dffe_Q_EN_LUT4_O_I3_LUT2_O_I1_LUT4_O_I2_LUT4_O_I2_LUT2_I0_O_LUT3_O_5_I2_LUT4_O.c_frag.BB2[0] (C_FRAG)                                  2.683    16.521
num_dffe_Q_EN_LUT4_O_I3_LUT2_O_I1_LUT4_O_I2_LUT4_O_I2_LUT2_I0_O_LUT3_O_5_I2_LUT4_O.c_frag.CZ[0] (C_FRAG)                                   1.552    18.073
num_dffe_Q_EN_LUT4_O_I3_LUT2_O_I1_LUT4_O_I2_LUT4_O_I2_LUT2_I0_O_LUT3_O_5_I2_LUT4_I3.c_frag.TBS[0] (C_FRAG)                                 3.514    21.587
num_dffe_Q_EN_LUT4_O_I3_LUT2_O_I1_LUT4_O_I2_LUT4_O_I2_LUT2_I0_O_LUT3_O_5_I2_LUT4_I3.c_frag.CZ[0] (C_FRAG)                                  0.996    22.583
num_dffe_Q_EN_LUT4_O_I3_LUT2_O_I1_LUT4_O_I2_LUT4_O_I2_LUT2_I0_O_LUT3_O_5_I2_LUT4_I3_O_LUT4_I3.c_frag.TBS[0] (C_FRAG)                       4.822    27.405
num_dffe_Q_EN_LUT4_O_I3_LUT2_O_I1_LUT4_O_I2_LUT4_O_I2_LUT2_I0_O_LUT3_O_5_I2_LUT4_I3_O_LUT4_I3.c_frag.CZ[0] (C_FRAG)                        0.996    28.401
num_dffe_Q_EN_LUT4_O_I3_LUT2_O_I1_LUT4_O_I2_LUT4_O_I2_LUT2_I0_O_LUT2_O_9_I0_LUT2_O.t_frag.XAB[0] (T_FRAG)                                  4.330    32.730
num_dffe_Q_EN_LUT4_O_I3_LUT2_O_I1_LUT4_O_I2_LUT4_O_I2_LUT2_I0_O_LUT2_O_9_I0_LUT2_O.t_frag.XZ[0] (T_FRAG)                                   1.251    33.981
num_dffe_Q_EN_LUT4_O_I3_LUT2_O_I1_LUT4_O_I2_LUT4_O_I2_LUT2_I0_O_LUT2_O_7_I0_LUT3_I0.t_frag.XSL[0] (T_FRAG)                                 3.122    37.103
num_dffe_Q_EN_LUT4_O_I3_LUT2_O_I1_LUT4_O_I2_LUT4_O_I2_LUT2_I0_O_LUT2_O_7_I0_LUT3_I0.t_frag.XZ[0] (T_FRAG)                                  1.406    38.509
num_dffe_Q_EN_LUT4_O_I3_LUT2_O_I1_LUT4_O_I2_LUT4_O_I1_LUT4_O_I3_LUT3_O_I2_LUT4_O.c_frag.TBS[0] (C_FRAG)                                    3.859    42.368
num_dffe_Q_EN_LUT4_O_I3_LUT2_O_I1_LUT4_O_I2_LUT4_O_I1_LUT4_O_I3_LUT3_O_I2_LUT4_O.c_frag.CZ[0] (C_FRAG)                                     0.996    43.364
num_dffe_Q_EN_LUT4_O_I3_LUT2_O_I1_LUT4_O_I2_LUT4_O_I1_LUT4_O_I3_LUT3_O.t_frag.XAB[0] (T_FRAG)                                              3.735    47.099
num_dffe_Q_EN_LUT4_O_I3_LUT2_O_I1_LUT4_O_I2_LUT4_O_I1_LUT4_O_I3_LUT3_O.t_frag.XZ[0] (T_FRAG)                                               1.305    48.404
num_dffe_Q_EN_LUT4_O_I3_LUT2_O_I1_LUT4_O_I2_LUT4_O_I1_LUT4_O.c_frag.TBS[0] (C_FRAG)                                                        5.563    53.967
num_dffe_Q_EN_LUT4_O_I3_LUT2_O_I1_LUT4_O_I2_LUT4_O_I1_LUT4_O.c_frag.CZ[0] (C_FRAG)                                                         0.996    54.963
num_dffe_Q_EN_LUT4_O_I3_LUT2_O_I1_LUT4_O_I2_LUT4_O.c_frag.TSL[0] (C_FRAG)                                                                  3.141    58.104
num_dffe_Q_EN_LUT4_O_I3_LUT2_O_I1_LUT4_O_I2_LUT4_O.c_frag.CZ[0] (C_FRAG)                                                                   1.593    59.697
num_dffe_Q_EN_LUT4_O_I3_LUT2_O_I1_LUT4_O.c_frag.TAB[0] (C_FRAG)                                                                            2.709    62.405
num_dffe_Q_EN_LUT4_O_I3_LUT2_O_I1_LUT4_O.c_frag.CZ[0] (C_FRAG)                                                                             1.437    63.843
num_dffe_Q_EN_LUT4_O_I3_LUT2_O.t_frag.XAB[0] (T_FRAG)                                                                                      3.570    67.413
num_dffe_Q_EN_LUT4_O_I3_LUT2_O.t_frag.XZ[0] (T_FRAG)                                                                                       1.251    68.664
num_dffe_Q_EN_LUT4_O_I2_LUT4_I2_O_LUT3_O.t_frag.XAB[0] (T_FRAG)                                                                            4.506    73.170
num_dffe_Q_EN_LUT4_O_I2_LUT4_I2_O_LUT3_O.t_frag.XZ[0] (T_FRAG)                                                                             1.305    74.476
num_dff_Q_5.QD[0] (Q_FRAG)                                                                                                                 0.000    74.476
data arrival time                                                                                                                                   74.476

clock clk (rise edge)                                                                                                                      0.000     0.000
clock source latency                                                                                                                       0.000     0.000
u_qlal4s3b_cell_macro.Sys_Clk0[0] (ASSP)                                                                                                   0.000     0.000
num_dff_Q_5.QCK[0] (Q_FRAG)                                                                                                                9.424     9.424
clock uncertainty                                                                                                                          0.000     9.424
cell setup time                                                                                                                            0.105     9.530
data required time                                                                                                                                   9.530
----------------------------------------------------------------------------------------------------------------------------------------------------------
data required time                                                                                                                                   9.530
data arrival time                                                                                                                                  -74.476
----------------------------------------------------------------------------------------------------------------------------------------------------------
slack (VIOLATED)                                                                                                                                   -64.946


#Path 7
Startpoint: delay_dff_Q_23.QZ[0] (Q_FRAG clocked by clk)
Endpoint  : num_dff_Q_6.QD[0] (Q_FRAG clocked by clk)
Path Type : setup

Point                                                                                                                                       Incr      Path
----------------------------------------------------------------------------------------------------------------------------------------------------------
clock clk (rise edge)                                                                                                                      0.000     0.000
clock source latency                                                                                                                       0.000     0.000
u_qlal4s3b_cell_macro.Sys_Clk0[0] (ASSP)                                                                                                   0.000     0.000
delay_dff_Q_23.QCK[0] (Q_FRAG)                                                                                                            12.136    12.136
delay_dff_Q_23.QZ[0] (Q_FRAG) [clock-to-output]                                                                                            1.701    13.838
num_dffe_Q_EN_LUT4_O_I3_LUT2_O_I1_LUT4_O_I2_LUT4_O_I2_LUT2_I0_O_LUT3_O_5_I2_LUT4_O.c_frag.BB2[0] (C_FRAG)                                  2.683    16.521
num_dffe_Q_EN_LUT4_O_I3_LUT2_O_I1_LUT4_O_I2_LUT4_O_I2_LUT2_I0_O_LUT3_O_5_I2_LUT4_O.c_frag.CZ[0] (C_FRAG)                                   1.552    18.073
num_dffe_Q_EN_LUT4_O_I3_LUT2_O_I1_LUT4_O_I2_LUT4_O_I2_LUT2_I0_O_LUT3_O_5_I2_LUT4_I3.c_frag.TBS[0] (C_FRAG)                                 3.514    21.587
num_dffe_Q_EN_LUT4_O_I3_LUT2_O_I1_LUT4_O_I2_LUT4_O_I2_LUT2_I0_O_LUT3_O_5_I2_LUT4_I3.c_frag.CZ[0] (C_FRAG)                                  0.996    22.583
num_dffe_Q_EN_LUT4_O_I3_LUT2_O_I1_LUT4_O_I2_LUT4_O_I2_LUT2_I0_O_LUT3_O_5_I2_LUT4_I3_O_LUT4_I3.c_frag.TBS[0] (C_FRAG)                       4.822    27.405
num_dffe_Q_EN_LUT4_O_I3_LUT2_O_I1_LUT4_O_I2_LUT4_O_I2_LUT2_I0_O_LUT3_O_5_I2_LUT4_I3_O_LUT4_I3.c_frag.CZ[0] (C_FRAG)                        0.996    28.401
num_dffe_Q_EN_LUT4_O_I3_LUT2_O_I1_LUT4_O_I2_LUT4_O_I2_LUT2_I0_O_LUT2_O_9_I0_LUT2_O.t_frag.XAB[0] (T_FRAG)                                  4.330    32.730
num_dffe_Q_EN_LUT4_O_I3_LUT2_O_I1_LUT4_O_I2_LUT4_O_I2_LUT2_I0_O_LUT2_O_9_I0_LUT2_O.t_frag.XZ[0] (T_FRAG)                                   1.251    33.981
num_dffe_Q_EN_LUT4_O_I3_LUT2_O_I1_LUT4_O_I2_LUT4_O_I2_LUT2_I0_O_LUT2_O_7_I0_LUT3_I0.t_frag.XSL[0] (T_FRAG)                                 3.122    37.103
num_dffe_Q_EN_LUT4_O_I3_LUT2_O_I1_LUT4_O_I2_LUT4_O_I2_LUT2_I0_O_LUT2_O_7_I0_LUT3_I0.t_frag.XZ[0] (T_FRAG)                                  1.406    38.509
num_dffe_Q_EN_LUT4_O_I3_LUT2_O_I1_LUT4_O_I2_LUT4_O_I1_LUT4_O_I3_LUT3_O_I2_LUT4_O.c_frag.TBS[0] (C_FRAG)                                    3.859    42.368
num_dffe_Q_EN_LUT4_O_I3_LUT2_O_I1_LUT4_O_I2_LUT4_O_I1_LUT4_O_I3_LUT3_O_I2_LUT4_O.c_frag.CZ[0] (C_FRAG)                                     0.996    43.364
num_dffe_Q_EN_LUT4_O_I3_LUT2_O_I1_LUT4_O_I2_LUT4_O_I1_LUT4_O_I3_LUT3_O.t_frag.XAB[0] (T_FRAG)                                              3.735    47.099
num_dffe_Q_EN_LUT4_O_I3_LUT2_O_I1_LUT4_O_I2_LUT4_O_I1_LUT4_O_I3_LUT3_O.t_frag.XZ[0] (T_FRAG)                                               1.305    48.404
num_dffe_Q_EN_LUT4_O_I3_LUT2_O_I1_LUT4_O_I2_LUT4_O_I1_LUT4_O.c_frag.TBS[0] (C_FRAG)                                                        5.563    53.967
num_dffe_Q_EN_LUT4_O_I3_LUT2_O_I1_LUT4_O_I2_LUT4_O_I1_LUT4_O.c_frag.CZ[0] (C_FRAG)                                                         0.996    54.963
num_dffe_Q_EN_LUT4_O_I3_LUT2_O_I1_LUT4_O_I2_LUT4_O.c_frag.TSL[0] (C_FRAG)                                                                  3.141    58.104
num_dffe_Q_EN_LUT4_O_I3_LUT2_O_I1_LUT4_O_I2_LUT4_O.c_frag.CZ[0] (C_FRAG)                                                                   1.593    59.697
num_dffe_Q_EN_LUT4_O_I3_LUT2_O_I1_LUT4_O_I3_LUT2_I0.t_frag.XAB[0] (T_FRAG)                                                                 4.857    64.553
num_dffe_Q_EN_LUT4_O_I3_LUT2_O_I1_LUT4_O_I3_LUT2_I0.t_frag.XZ[0] (T_FRAG)                                                                  1.251    65.804
num_dffe_Q_EN_LUT4_O_I2_LUT4_I2_O_LUT3_O_1_I0_LUT3_O.t_frag.XAB[0] (T_FRAG)                                                                3.731    69.535
num_dffe_Q_EN_LUT4_O_I2_LUT4_I2_O_LUT3_O_1_I0_LUT3_O.t_frag.XZ[0] (T_FRAG)                                                                 1.251    70.786
num_dffe_Q_EN_LUT4_O_I2_LUT4_I2_O_LUT3_O_1.t_frag.XA1[0] (T_FRAG)                                                                          3.016    73.802
num_dffe_Q_EN_LUT4_O_I2_LUT4_I2_O_LUT3_O_1.t_frag.XZ[0] (T_FRAG)                                                                           1.549    75.352
num_dff_Q_6.QD[0] (Q_FRAG)                                                                                                                 0.000    75.352
data arrival time                                                                                                                                   75.352

clock clk (rise edge)                                                                                                                      0.000     0.000
clock source latency                                                                                                                       0.000     0.000
u_qlal4s3b_cell_macro.Sys_Clk0[0] (ASSP)                                                                                                   0.000     0.000
num_dff_Q_6.QCK[0] (Q_FRAG)                                                                                                               10.441    10.441
clock uncertainty                                                                                                                          0.000    10.441
cell setup time                                                                                                                            0.105    10.546
data required time                                                                                                                                  10.546
----------------------------------------------------------------------------------------------------------------------------------------------------------
data required time                                                                                                                                  10.546
data arrival time                                                                                                                                  -75.352
----------------------------------------------------------------------------------------------------------------------------------------------------------
slack (VIOLATED)                                                                                                                                   -64.806


#Path 8
Startpoint: delay_dff_Q_23.QZ[0] (Q_FRAG clocked by clk)
Endpoint  : delay_dff_Q_3.QD[0] (Q_FRAG clocked by clk)
Path Type : setup

Point                                                                                                                                       Incr      Path
----------------------------------------------------------------------------------------------------------------------------------------------------------
clock clk (rise edge)                                                                                                                      0.000     0.000
clock source latency                                                                                                                       0.000     0.000
u_qlal4s3b_cell_macro.Sys_Clk0[0] (ASSP)                                                                                                   0.000     0.000
delay_dff_Q_23.QCK[0] (Q_FRAG)                                                                                                            12.136    12.136
delay_dff_Q_23.QZ[0] (Q_FRAG) [clock-to-output]                                                                                            1.701    13.838
num_dffe_Q_EN_LUT4_O_I3_LUT2_O_I1_LUT4_O_I2_LUT4_O_I2_LUT2_I0_O_LUT3_O_5_I2_LUT4_O.c_frag.BB2[0] (C_FRAG)                                  2.683    16.521
num_dffe_Q_EN_LUT4_O_I3_LUT2_O_I1_LUT4_O_I2_LUT4_O_I2_LUT2_I0_O_LUT3_O_5_I2_LUT4_O.c_frag.CZ[0] (C_FRAG)                                   1.552    18.073
num_dffe_Q_EN_LUT4_O_I3_LUT2_O_I1_LUT4_O_I2_LUT4_O_I2_LUT2_I0_O_LUT3_O_5_I2_LUT4_I3.c_frag.TBS[0] (C_FRAG)                                 3.514    21.587
num_dffe_Q_EN_LUT4_O_I3_LUT2_O_I1_LUT4_O_I2_LUT4_O_I2_LUT2_I0_O_LUT3_O_5_I2_LUT4_I3.c_frag.CZ[0] (C_FRAG)                                  0.996    22.583
num_dffe_Q_EN_LUT4_O_I3_LUT2_O_I1_LUT4_O_I2_LUT4_O_I2_LUT2_I0_O_LUT3_O_5_I2_LUT4_I3_O_LUT4_I3.c_frag.TBS[0] (C_FRAG)                       4.822    27.405
num_dffe_Q_EN_LUT4_O_I3_LUT2_O_I1_LUT4_O_I2_LUT4_O_I2_LUT2_I0_O_LUT3_O_5_I2_LUT4_I3_O_LUT4_I3.c_frag.CZ[0] (C_FRAG)                        0.996    28.401
num_dffe_Q_EN_LUT4_O_I3_LUT2_O_I1_LUT4_O_I2_LUT4_O_I2_LUT2_I0_O_LUT2_O_9_I0_LUT2_O.t_frag.XAB[0] (T_FRAG)                                  4.330    32.730
num_dffe_Q_EN_LUT4_O_I3_LUT2_O_I1_LUT4_O_I2_LUT4_O_I2_LUT2_I0_O_LUT2_O_9_I0_LUT2_O.t_frag.XZ[0] (T_FRAG)                                   1.251    33.981
num_dffe_Q_EN_LUT4_O_I3_LUT2_O_I1_LUT4_O_I2_LUT4_O_I2_LUT2_I0_O_LUT2_O_7_I0_LUT3_I0.t_frag.XSL[0] (T_FRAG)                                 3.122    37.103
num_dffe_Q_EN_LUT4_O_I3_LUT2_O_I1_LUT4_O_I2_LUT4_O_I2_LUT2_I0_O_LUT2_O_7_I0_LUT3_I0.t_frag.XZ[0] (T_FRAG)                                  1.406    38.509
num_dffe_Q_EN_LUT4_O_I3_LUT2_O_I1_LUT4_O_I2_LUT4_O_I1_LUT4_O_I3_LUT3_O_I2_LUT4_O.c_frag.TBS[0] (C_FRAG)                                    3.859    42.368
num_dffe_Q_EN_LUT4_O_I3_LUT2_O_I1_LUT4_O_I2_LUT4_O_I1_LUT4_O_I3_LUT3_O_I2_LUT4_O.c_frag.CZ[0] (C_FRAG)                                     0.996    43.364
num_dffe_Q_EN_LUT4_O_I3_LUT2_O_I1_LUT4_O_I2_LUT4_O_I1_LUT4_O_I3_LUT3_O.t_frag.XAB[0] (T_FRAG)                                              3.735    47.099
num_dffe_Q_EN_LUT4_O_I3_LUT2_O_I1_LUT4_O_I2_LUT4_O_I1_LUT4_O_I3_LUT3_O.t_frag.XZ[0] (T_FRAG)                                               1.305    48.404
num_dffe_Q_EN_LUT4_O_I3_LUT2_O_I1_LUT4_O_I2_LUT4_O_I1_LUT4_O.c_frag.TBS[0] (C_FRAG)                                                        5.563    53.967
num_dffe_Q_EN_LUT4_O_I3_LUT2_O_I1_LUT4_O_I2_LUT4_O_I1_LUT4_O.c_frag.CZ[0] (C_FRAG)                                                         0.996    54.963
num_dffe_Q_EN_LUT4_O_I3_LUT2_O_I1_LUT4_O_I2_LUT4_O.c_frag.TSL[0] (C_FRAG)                                                                  3.141    58.104
num_dffe_Q_EN_LUT4_O_I3_LUT2_O_I1_LUT4_O_I2_LUT4_O.c_frag.CZ[0] (C_FRAG)                                                                   1.593    59.697
num_dffe_Q_EN_LUT4_O_I3_LUT2_O_I1_LUT4_O_I3_LUT2_I0.t_frag.XAB[0] (T_FRAG)                                                                 4.857    64.553
num_dffe_Q_EN_LUT4_O_I3_LUT2_O_I1_LUT4_O_I3_LUT2_I0.t_frag.XZ[0] (T_FRAG)                                                                  1.251    65.804
num_dffe_Q_EN_LUT4_O_I3_LUT2_O_I1_LUT4_O_I2_LUT4_O_I3_LUT2_I0.t_frag.XAB[0] (T_FRAG)                                                       6.302    72.107
num_dffe_Q_EN_LUT4_O_I3_LUT2_O_I1_LUT4_O_I2_LUT4_O_I3_LUT2_I0.t_frag.XZ[0] (T_FRAG)                                                        1.305    73.412
delay_dff_Q_3.QD[0] (Q_FRAG)                                                                                                               0.000    73.412
data arrival time                                                                                                                                   73.412

clock clk (rise edge)                                                                                                                      0.000     0.000
clock source latency                                                                                                                       0.000     0.000
u_qlal4s3b_cell_macro.Sys_Clk0[0] (ASSP)                                                                                                   0.000     0.000
delay_dff_Q_3.QCK[0] (Q_FRAG)                                                                                                              9.412     9.412
clock uncertainty                                                                                                                          0.000     9.412
cell setup time                                                                                                                            0.105     9.517
data required time                                                                                                                                   9.517
----------------------------------------------------------------------------------------------------------------------------------------------------------
data required time                                                                                                                                   9.517
data arrival time                                                                                                                                  -73.412
----------------------------------------------------------------------------------------------------------------------------------------------------------
slack (VIOLATED)                                                                                                                                   -63.895


#Path 9
Startpoint: delay_dff_Q_23.QZ[0] (Q_FRAG clocked by clk)
Endpoint  : delay_dff_Q_2.QD[0] (Q_FRAG clocked by clk)
Path Type : setup

Point                                                                                                                                       Incr      Path
----------------------------------------------------------------------------------------------------------------------------------------------------------
clock clk (rise edge)                                                                                                                      0.000     0.000
clock source latency                                                                                                                       0.000     0.000
u_qlal4s3b_cell_macro.Sys_Clk0[0] (ASSP)                                                                                                   0.000     0.000
delay_dff_Q_23.QCK[0] (Q_FRAG)                                                                                                            12.136    12.136
delay_dff_Q_23.QZ[0] (Q_FRAG) [clock-to-output]                                                                                            1.701    13.838
num_dffe_Q_EN_LUT4_O_I3_LUT2_O_I1_LUT4_O_I2_LUT4_O_I2_LUT2_I0_O_LUT3_O_5_I2_LUT4_O.c_frag.BB2[0] (C_FRAG)                                  2.683    16.521
num_dffe_Q_EN_LUT4_O_I3_LUT2_O_I1_LUT4_O_I2_LUT4_O_I2_LUT2_I0_O_LUT3_O_5_I2_LUT4_O.c_frag.CZ[0] (C_FRAG)                                   1.552    18.073
num_dffe_Q_EN_LUT4_O_I3_LUT2_O_I1_LUT4_O_I2_LUT4_O_I2_LUT2_I0_O_LUT3_O_5_I2_LUT4_I3.c_frag.TBS[0] (C_FRAG)                                 3.514    21.587
num_dffe_Q_EN_LUT4_O_I3_LUT2_O_I1_LUT4_O_I2_LUT4_O_I2_LUT2_I0_O_LUT3_O_5_I2_LUT4_I3.c_frag.CZ[0] (C_FRAG)                                  0.996    22.583
num_dffe_Q_EN_LUT4_O_I3_LUT2_O_I1_LUT4_O_I2_LUT4_O_I2_LUT2_I0_O_LUT3_O_5_I2_LUT4_I3_O_LUT4_I3.c_frag.TBS[0] (C_FRAG)                       4.822    27.405
num_dffe_Q_EN_LUT4_O_I3_LUT2_O_I1_LUT4_O_I2_LUT4_O_I2_LUT2_I0_O_LUT3_O_5_I2_LUT4_I3_O_LUT4_I3.c_frag.CZ[0] (C_FRAG)                        0.996    28.401
num_dffe_Q_EN_LUT4_O_I3_LUT2_O_I1_LUT4_O_I2_LUT4_O_I2_LUT2_I0_O_LUT2_O_9_I0_LUT2_O.t_frag.XAB[0] (T_FRAG)                                  4.330    32.730
num_dffe_Q_EN_LUT4_O_I3_LUT2_O_I1_LUT4_O_I2_LUT4_O_I2_LUT2_I0_O_LUT2_O_9_I0_LUT2_O.t_frag.XZ[0] (T_FRAG)                                   1.251    33.981
num_dffe_Q_EN_LUT4_O_I3_LUT2_O_I1_LUT4_O_I2_LUT4_O_I2_LUT2_I0_O_LUT2_O_7_I0_LUT3_I0.t_frag.XSL[0] (T_FRAG)                                 3.122    37.103
num_dffe_Q_EN_LUT4_O_I3_LUT2_O_I1_LUT4_O_I2_LUT4_O_I2_LUT2_I0_O_LUT2_O_7_I0_LUT3_I0.t_frag.XZ[0] (T_FRAG)                                  1.406    38.509
num_dffe_Q_EN_LUT4_O_I3_LUT2_O_I1_LUT4_O_I2_LUT4_O_I1_LUT4_O_I3_LUT3_O_I2_LUT4_O.c_frag.TBS[0] (C_FRAG)                                    3.859    42.368
num_dffe_Q_EN_LUT4_O_I3_LUT2_O_I1_LUT4_O_I2_LUT4_O_I1_LUT4_O_I3_LUT3_O_I2_LUT4_O.c_frag.CZ[0] (C_FRAG)                                     0.996    43.364
num_dffe_Q_EN_LUT4_O_I3_LUT2_O_I1_LUT4_O_I2_LUT4_O_I1_LUT4_O_I3_LUT3_O.t_frag.XAB[0] (T_FRAG)                                              3.735    47.099
num_dffe_Q_EN_LUT4_O_I3_LUT2_O_I1_LUT4_O_I2_LUT4_O_I1_LUT4_O_I3_LUT3_O.t_frag.XZ[0] (T_FRAG)                                               1.305    48.404
num_dffe_Q_EN_LUT4_O_I3_LUT2_O_I1_LUT4_O_I2_LUT4_O_I1_LUT4_O.c_frag.TBS[0] (C_FRAG)                                                        5.563    53.967
num_dffe_Q_EN_LUT4_O_I3_LUT2_O_I1_LUT4_O_I2_LUT4_O_I1_LUT4_O.c_frag.CZ[0] (C_FRAG)                                                         0.996    54.963
num_dffe_Q_EN_LUT4_O_I3_LUT2_O_I1_LUT4_O_I2_LUT4_O.c_frag.TSL[0] (C_FRAG)                                                                  3.141    58.104
num_dffe_Q_EN_LUT4_O_I3_LUT2_O_I1_LUT4_O_I2_LUT4_O.c_frag.CZ[0] (C_FRAG)                                                                   1.593    59.697
num_dffe_Q_EN_LUT4_O_I3_LUT2_O_I1_LUT4_O_I3_LUT2_I0.t_frag.XAB[0] (T_FRAG)                                                                 4.857    64.553
num_dffe_Q_EN_LUT4_O_I3_LUT2_O_I1_LUT4_O_I3_LUT2_I0.t_frag.XZ[0] (T_FRAG)                                                                  1.251    65.804
num_dffe_Q_EN_LUT4_O_I3_LUT2_O_I1_LUT4_O_I2_LUT4_O_I0_LUT2_I0.t_frag.XAB[0] (T_FRAG)                                                       5.289    71.094
num_dffe_Q_EN_LUT4_O_I3_LUT2_O_I1_LUT4_O_I2_LUT4_O_I0_LUT2_I0.t_frag.XZ[0] (T_FRAG)                                                        1.305    72.399
delay_dff_Q_2.QD[0] (Q_FRAG)                                                                                                               0.000    72.399
data arrival time                                                                                                                                   72.399

clock clk (rise edge)                                                                                                                      0.000     0.000
clock source latency                                                                                                                       0.000     0.000
u_qlal4s3b_cell_macro.Sys_Clk0[0] (ASSP)                                                                                                   0.000     0.000
delay_dff_Q_2.QCK[0] (Q_FRAG)                                                                                                              9.491     9.491
clock uncertainty                                                                                                                          0.000     9.491
cell setup time                                                                                                                            0.105     9.597
data required time                                                                                                                                   9.597
----------------------------------------------------------------------------------------------------------------------------------------------------------
data required time                                                                                                                                   9.597
data arrival time                                                                                                                                  -72.399
----------------------------------------------------------------------------------------------------------------------------------------------------------
slack (VIOLATED)                                                                                                                                   -62.802


#Path 10
Startpoint: delay_dff_Q_23.QZ[0] (Q_FRAG clocked by clk)
Endpoint  : delay_dff_Q_4.QD[0] (Q_FRAG clocked by clk)
Path Type : setup

Point                                                                                                                                       Incr      Path
----------------------------------------------------------------------------------------------------------------------------------------------------------
clock clk (rise edge)                                                                                                                      0.000     0.000
clock source latency                                                                                                                       0.000     0.000
u_qlal4s3b_cell_macro.Sys_Clk0[0] (ASSP)                                                                                                   0.000     0.000
delay_dff_Q_23.QCK[0] (Q_FRAG)                                                                                                            12.136    12.136
delay_dff_Q_23.QZ[0] (Q_FRAG) [clock-to-output]                                                                                            1.701    13.838
num_dffe_Q_EN_LUT4_O_I3_LUT2_O_I1_LUT4_O_I2_LUT4_O_I2_LUT2_I0_O_LUT3_O_5_I2_LUT4_O.c_frag.BB2[0] (C_FRAG)                                  2.683    16.521
num_dffe_Q_EN_LUT4_O_I3_LUT2_O_I1_LUT4_O_I2_LUT4_O_I2_LUT2_I0_O_LUT3_O_5_I2_LUT4_O.c_frag.CZ[0] (C_FRAG)                                   1.552    18.073
num_dffe_Q_EN_LUT4_O_I3_LUT2_O_I1_LUT4_O_I2_LUT4_O_I2_LUT2_I0_O_LUT3_O_5_I2_LUT4_I3.c_frag.TBS[0] (C_FRAG)                                 3.514    21.587
num_dffe_Q_EN_LUT4_O_I3_LUT2_O_I1_LUT4_O_I2_LUT4_O_I2_LUT2_I0_O_LUT3_O_5_I2_LUT4_I3.c_frag.CZ[0] (C_FRAG)                                  0.996    22.583
num_dffe_Q_EN_LUT4_O_I3_LUT2_O_I1_LUT4_O_I2_LUT4_O_I2_LUT2_I0_O_LUT3_O_5_I2_LUT4_I3_O_LUT4_I3.c_frag.TBS[0] (C_FRAG)                       4.822    27.405
num_dffe_Q_EN_LUT4_O_I3_LUT2_O_I1_LUT4_O_I2_LUT4_O_I2_LUT2_I0_O_LUT3_O_5_I2_LUT4_I3_O_LUT4_I3.c_frag.CZ[0] (C_FRAG)                        0.996    28.401
num_dffe_Q_EN_LUT4_O_I3_LUT2_O_I1_LUT4_O_I2_LUT4_O_I2_LUT2_I0_O_LUT2_O_9_I0_LUT2_O.t_frag.XAB[0] (T_FRAG)                                  4.330    32.730
num_dffe_Q_EN_LUT4_O_I3_LUT2_O_I1_LUT4_O_I2_LUT4_O_I2_LUT2_I0_O_LUT2_O_9_I0_LUT2_O.t_frag.XZ[0] (T_FRAG)                                   1.251    33.981
num_dffe_Q_EN_LUT4_O_I3_LUT2_O_I1_LUT4_O_I2_LUT4_O_I2_LUT2_I0_O_LUT2_O_7_I0_LUT3_I0.t_frag.XSL[0] (T_FRAG)                                 3.122    37.103
num_dffe_Q_EN_LUT4_O_I3_LUT2_O_I1_LUT4_O_I2_LUT4_O_I2_LUT2_I0_O_LUT2_O_7_I0_LUT3_I0.t_frag.XZ[0] (T_FRAG)                                  1.406    38.509
num_dffe_Q_EN_LUT4_O_I3_LUT2_O_I1_LUT4_O_I2_LUT4_O_I1_LUT4_O_I3_LUT3_O_I2_LUT4_O.c_frag.TBS[0] (C_FRAG)                                    3.859    42.368
num_dffe_Q_EN_LUT4_O_I3_LUT2_O_I1_LUT4_O_I2_LUT4_O_I1_LUT4_O_I3_LUT3_O_I2_LUT4_O.c_frag.CZ[0] (C_FRAG)                                     0.996    43.364
num_dffe_Q_EN_LUT4_O_I3_LUT2_O_I1_LUT4_O_I2_LUT4_O_I1_LUT4_O_I3_LUT3_O.t_frag.XAB[0] (T_FRAG)                                              3.735    47.099
num_dffe_Q_EN_LUT4_O_I3_LUT2_O_I1_LUT4_O_I2_LUT4_O_I1_LUT4_O_I3_LUT3_O.t_frag.XZ[0] (T_FRAG)                                               1.305    48.404
num_dffe_Q_EN_LUT4_O_I3_LUT2_O_I1_LUT4_O_I2_LUT4_O_I1_LUT4_O.c_frag.TBS[0] (C_FRAG)                                                        5.563    53.967
num_dffe_Q_EN_LUT4_O_I3_LUT2_O_I1_LUT4_O_I2_LUT4_O_I1_LUT4_O.c_frag.CZ[0] (C_FRAG)                                                         0.996    54.963
num_dffe_Q_EN_LUT4_O_I3_LUT2_O_I1_LUT4_O_I2_LUT4_O.c_frag.TSL[0] (C_FRAG)                                                                  3.141    58.104
num_dffe_Q_EN_LUT4_O_I3_LUT2_O_I1_LUT4_O_I2_LUT4_O.c_frag.CZ[0] (C_FRAG)                                                                   1.593    59.697
num_dffe_Q_EN_LUT4_O_I3_LUT2_O_I1_LUT4_O_I3_LUT2_I0.t_frag.XAB[0] (T_FRAG)                                                                 4.857    64.553
num_dffe_Q_EN_LUT4_O_I3_LUT2_O_I1_LUT4_O_I3_LUT2_I0.t_frag.XZ[0] (T_FRAG)                                                                  1.251    65.804
num_dffe_Q_EN_LUT4_O_I3_LUT2_O_I1_LUT4_O_I2_LUT4_O_I2_LUT2_I0.t_frag.XAB[0] (T_FRAG)                                                       5.373    71.177
num_dffe_Q_EN_LUT4_O_I3_LUT2_O_I1_LUT4_O_I2_LUT4_O_I2_LUT2_I0.t_frag.XZ[0] (T_FRAG)                                                        1.305    72.483
delay_dff_Q_4.QD[0] (Q_FRAG)                                                                                                               0.000    72.483
data arrival time                                                                                                                                   72.483

clock clk (rise edge)                                                                                                                      0.000     0.000
clock source latency                                                                                                                       0.000     0.000
u_qlal4s3b_cell_macro.Sys_Clk0[0] (ASSP)                                                                                                   0.000     0.000
delay_dff_Q_4.QCK[0] (Q_FRAG)                                                                                                             10.299    10.299
clock uncertainty                                                                                                                          0.000    10.299
cell setup time                                                                                                                            0.105    10.405
data required time                                                                                                                                  10.405
----------------------------------------------------------------------------------------------------------------------------------------------------------
data required time                                                                                                                                  10.405
data arrival time                                                                                                                                  -72.483
----------------------------------------------------------------------------------------------------------------------------------------------------------
slack (VIOLATED)                                                                                                                                   -62.078


#Path 11
Startpoint: delay_dff_Q_23.QZ[0] (Q_FRAG clocked by clk)
Endpoint  : delay_dff_Q_16.QD[0] (Q_FRAG clocked by clk)
Path Type : setup

Point                                                                                                                                       Incr      Path
----------------------------------------------------------------------------------------------------------------------------------------------------------
clock clk (rise edge)                                                                                                                      0.000     0.000
clock source latency                                                                                                                       0.000     0.000
u_qlal4s3b_cell_macro.Sys_Clk0[0] (ASSP)                                                                                                   0.000     0.000
delay_dff_Q_23.QCK[0] (Q_FRAG)                                                                                                            12.136    12.136
delay_dff_Q_23.QZ[0] (Q_FRAG) [clock-to-output]                                                                                            1.701    13.838
num_dffe_Q_EN_LUT4_O_I3_LUT2_O_I1_LUT4_O_I2_LUT4_O_I2_LUT2_I0_O_LUT3_O_5_I2_LUT4_O.c_frag.BB2[0] (C_FRAG)                                  2.683    16.521
num_dffe_Q_EN_LUT4_O_I3_LUT2_O_I1_LUT4_O_I2_LUT4_O_I2_LUT2_I0_O_LUT3_O_5_I2_LUT4_O.c_frag.CZ[0] (C_FRAG)                                   1.552    18.073
num_dffe_Q_EN_LUT4_O_I3_LUT2_O_I1_LUT4_O_I2_LUT4_O_I2_LUT2_I0_O_LUT3_O_5_I2_LUT4_I3.c_frag.TBS[0] (C_FRAG)                                 3.514    21.587
num_dffe_Q_EN_LUT4_O_I3_LUT2_O_I1_LUT4_O_I2_LUT4_O_I2_LUT2_I0_O_LUT3_O_5_I2_LUT4_I3.c_frag.CZ[0] (C_FRAG)                                  0.996    22.583
num_dffe_Q_EN_LUT4_O_I3_LUT2_O_I1_LUT4_O_I2_LUT4_O_I2_LUT2_I0_O_LUT3_O_5_I2_LUT4_I3_O_LUT4_I3.c_frag.TBS[0] (C_FRAG)                       4.822    27.405
num_dffe_Q_EN_LUT4_O_I3_LUT2_O_I1_LUT4_O_I2_LUT4_O_I2_LUT2_I0_O_LUT3_O_5_I2_LUT4_I3_O_LUT4_I3.c_frag.CZ[0] (C_FRAG)                        0.996    28.401
num_dffe_Q_EN_LUT4_O_I3_LUT2_O_I1_LUT4_O_I2_LUT4_O_I2_LUT2_I0_O_LUT2_O_9_I0_LUT2_O.t_frag.XAB[0] (T_FRAG)                                  4.330    32.730
num_dffe_Q_EN_LUT4_O_I3_LUT2_O_I1_LUT4_O_I2_LUT4_O_I2_LUT2_I0_O_LUT2_O_9_I0_LUT2_O.t_frag.XZ[0] (T_FRAG)                                   1.251    33.981
num_dffe_Q_EN_LUT4_O_I3_LUT2_O_I1_LUT4_O_I2_LUT4_O_I2_LUT2_I0_O_LUT2_O_7_I0_LUT3_I0.t_frag.XSL[0] (T_FRAG)                                 3.122    37.103
num_dffe_Q_EN_LUT4_O_I3_LUT2_O_I1_LUT4_O_I2_LUT4_O_I2_LUT2_I0_O_LUT2_O_7_I0_LUT3_I0.t_frag.XZ[0] (T_FRAG)                                  1.406    38.509
num_dffe_Q_EN_LUT4_O_I3_LUT2_O_I1_LUT4_O_I2_LUT4_O_I1_LUT4_O_I3_LUT3_O_I2_LUT4_O.c_frag.TBS[0] (C_FRAG)                                    3.859    42.368
num_dffe_Q_EN_LUT4_O_I3_LUT2_O_I1_LUT4_O_I2_LUT4_O_I1_LUT4_O_I3_LUT3_O_I2_LUT4_O.c_frag.CZ[0] (C_FRAG)                                     0.996    43.364
num_dffe_Q_EN_LUT4_O_I3_LUT2_O_I1_LUT4_O_I2_LUT4_O_I1_LUT4_O_I3_LUT3_O.t_frag.XAB[0] (T_FRAG)                                              3.735    47.099
num_dffe_Q_EN_LUT4_O_I3_LUT2_O_I1_LUT4_O_I2_LUT4_O_I1_LUT4_O_I3_LUT3_O.t_frag.XZ[0] (T_FRAG)                                               1.305    48.404
num_dffe_Q_EN_LUT4_O_I3_LUT2_O_I1_LUT4_O_I2_LUT4_O_I1_LUT4_O.c_frag.TBS[0] (C_FRAG)                                                        5.563    53.967
num_dffe_Q_EN_LUT4_O_I3_LUT2_O_I1_LUT4_O_I2_LUT4_O_I1_LUT4_O.c_frag.CZ[0] (C_FRAG)                                                         0.996    54.963
num_dffe_Q_EN_LUT4_O_I3_LUT2_O_I1_LUT4_O_I2_LUT4_O.c_frag.TSL[0] (C_FRAG)                                                                  3.141    58.104
num_dffe_Q_EN_LUT4_O_I3_LUT2_O_I1_LUT4_O_I2_LUT4_O.c_frag.CZ[0] (C_FRAG)                                                                   1.593    59.697
num_dffe_Q_EN_LUT4_O_I3_LUT2_O_I1_LUT4_O_I3_LUT2_I0.t_frag.XAB[0] (T_FRAG)                                                                 4.857    64.553
num_dffe_Q_EN_LUT4_O_I3_LUT2_O_I1_LUT4_O_I3_LUT2_I0.t_frag.XZ[0] (T_FRAG)                                                                  1.251    65.804
num_dffe_Q_EN_LUT4_O_I3_LUT2_O_I1_LUT4_O_I2_LUT4_O_I2_LUT2_I0_O_LUT2_O_9.t_frag.XAB[0] (T_FRAG)                                            6.549    72.353
num_dffe_Q_EN_LUT4_O_I3_LUT2_O_I1_LUT4_O_I2_LUT4_O_I2_LUT2_I0_O_LUT2_O_9.t_frag.XZ[0] (T_FRAG)                                             1.305    73.659
delay_dff_Q_16.QD[0] (Q_FRAG)                                                                                                              0.000    73.659
data arrival time                                                                                                                                   73.659

clock clk (rise edge)                                                                                                                      0.000     0.000
clock source latency                                                                                                                       0.000     0.000
u_qlal4s3b_cell_macro.Sys_Clk0[0] (ASSP)                                                                                                   0.000     0.000
delay_dff_Q_16.QCK[0] (Q_FRAG)                                                                                                            11.502    11.502
clock uncertainty                                                                                                                          0.000    11.502
cell setup time                                                                                                                            0.105    11.608
data required time                                                                                                                                  11.608
----------------------------------------------------------------------------------------------------------------------------------------------------------
data required time                                                                                                                                  11.608
data arrival time                                                                                                                                  -73.659
----------------------------------------------------------------------------------------------------------------------------------------------------------
slack (VIOLATED)                                                                                                                                   -62.051


#Path 12
Startpoint: delay_dff_Q_23.QZ[0] (Q_FRAG clocked by clk)
Endpoint  : delay_dff_Q_7.QD[0] (Q_FRAG clocked by clk)
Path Type : setup

Point                                                                                                                                       Incr      Path
----------------------------------------------------------------------------------------------------------------------------------------------------------
clock clk (rise edge)                                                                                                                      0.000     0.000
clock source latency                                                                                                                       0.000     0.000
u_qlal4s3b_cell_macro.Sys_Clk0[0] (ASSP)                                                                                                   0.000     0.000
delay_dff_Q_23.QCK[0] (Q_FRAG)                                                                                                            12.136    12.136
delay_dff_Q_23.QZ[0] (Q_FRAG) [clock-to-output]                                                                                            1.701    13.838
num_dffe_Q_EN_LUT4_O_I3_LUT2_O_I1_LUT4_O_I2_LUT4_O_I2_LUT2_I0_O_LUT3_O_5_I2_LUT4_O.c_frag.BB2[0] (C_FRAG)                                  2.683    16.521
num_dffe_Q_EN_LUT4_O_I3_LUT2_O_I1_LUT4_O_I2_LUT4_O_I2_LUT2_I0_O_LUT3_O_5_I2_LUT4_O.c_frag.CZ[0] (C_FRAG)                                   1.552    18.073
num_dffe_Q_EN_LUT4_O_I3_LUT2_O_I1_LUT4_O_I2_LUT4_O_I2_LUT2_I0_O_LUT3_O_5_I2_LUT4_I3.c_frag.TBS[0] (C_FRAG)                                 3.514    21.587
num_dffe_Q_EN_LUT4_O_I3_LUT2_O_I1_LUT4_O_I2_LUT4_O_I2_LUT2_I0_O_LUT3_O_5_I2_LUT4_I3.c_frag.CZ[0] (C_FRAG)                                  0.996    22.583
num_dffe_Q_EN_LUT4_O_I3_LUT2_O_I1_LUT4_O_I2_LUT4_O_I2_LUT2_I0_O_LUT3_O_5_I2_LUT4_I3_O_LUT4_I3.c_frag.TBS[0] (C_FRAG)                       4.822    27.405
num_dffe_Q_EN_LUT4_O_I3_LUT2_O_I1_LUT4_O_I2_LUT4_O_I2_LUT2_I0_O_LUT3_O_5_I2_LUT4_I3_O_LUT4_I3.c_frag.CZ[0] (C_FRAG)                        0.996    28.401
num_dffe_Q_EN_LUT4_O_I3_LUT2_O_I1_LUT4_O_I2_LUT4_O_I2_LUT2_I0_O_LUT2_O_9_I0_LUT2_O.t_frag.XAB[0] (T_FRAG)                                  4.330    32.730
num_dffe_Q_EN_LUT4_O_I3_LUT2_O_I1_LUT4_O_I2_LUT4_O_I2_LUT2_I0_O_LUT2_O_9_I0_LUT2_O.t_frag.XZ[0] (T_FRAG)                                   1.251    33.981
num_dffe_Q_EN_LUT4_O_I3_LUT2_O_I1_LUT4_O_I2_LUT4_O_I2_LUT2_I0_O_LUT2_O_7_I0_LUT3_I0.t_frag.XSL[0] (T_FRAG)                                 3.122    37.103
num_dffe_Q_EN_LUT4_O_I3_LUT2_O_I1_LUT4_O_I2_LUT4_O_I2_LUT2_I0_O_LUT2_O_7_I0_LUT3_I0.t_frag.XZ[0] (T_FRAG)                                  1.406    38.509
num_dffe_Q_EN_LUT4_O_I3_LUT2_O_I1_LUT4_O_I2_LUT4_O_I1_LUT4_O_I3_LUT3_O_I2_LUT4_O.c_frag.TBS[0] (C_FRAG)                                    3.859    42.368
num_dffe_Q_EN_LUT4_O_I3_LUT2_O_I1_LUT4_O_I2_LUT4_O_I1_LUT4_O_I3_LUT3_O_I2_LUT4_O.c_frag.CZ[0] (C_FRAG)                                     0.996    43.364
num_dffe_Q_EN_LUT4_O_I3_LUT2_O_I1_LUT4_O_I2_LUT4_O_I1_LUT4_O_I3_LUT3_O.t_frag.XAB[0] (T_FRAG)                                              3.735    47.099
num_dffe_Q_EN_LUT4_O_I3_LUT2_O_I1_LUT4_O_I2_LUT4_O_I1_LUT4_O_I3_LUT3_O.t_frag.XZ[0] (T_FRAG)                                               1.305    48.404
num_dffe_Q_EN_LUT4_O_I3_LUT2_O_I1_LUT4_O_I2_LUT4_O_I1_LUT4_O.c_frag.TBS[0] (C_FRAG)                                                        5.563    53.967
num_dffe_Q_EN_LUT4_O_I3_LUT2_O_I1_LUT4_O_I2_LUT4_O_I1_LUT4_O.c_frag.CZ[0] (C_FRAG)                                                         0.996    54.963
num_dffe_Q_EN_LUT4_O_I3_LUT2_O_I1_LUT4_O_I2_LUT4_O.c_frag.TSL[0] (C_FRAG)                                                                  3.141    58.104
num_dffe_Q_EN_LUT4_O_I3_LUT2_O_I1_LUT4_O_I2_LUT4_O.c_frag.CZ[0] (C_FRAG)                                                                   1.593    59.697
num_dffe_Q_EN_LUT4_O_I3_LUT2_O_I1_LUT4_O_I3_LUT2_I0.t_frag.XAB[0] (T_FRAG)                                                                 4.857    64.553
num_dffe_Q_EN_LUT4_O_I3_LUT2_O_I1_LUT4_O_I3_LUT2_I0.t_frag.XZ[0] (T_FRAG)                                                                  1.251    65.804
num_dffe_Q_EN_LUT4_O_I3_LUT2_O_I1_LUT4_O_I2_LUT4_O_I2_LUT2_I0_O_LUT2_O_1.t_frag.XAB[0] (T_FRAG)                                            6.857    72.661
num_dffe_Q_EN_LUT4_O_I3_LUT2_O_I1_LUT4_O_I2_LUT4_O_I2_LUT2_I0_O_LUT2_O_1.t_frag.XZ[0] (T_FRAG)                                             1.305    73.967
delay_dff_Q_7.QD[0] (Q_FRAG)                                                                                                               0.000    73.967
data arrival time                                                                                                                                   73.967

clock clk (rise edge)                                                                                                                      0.000     0.000
clock source latency                                                                                                                       0.000     0.000
u_qlal4s3b_cell_macro.Sys_Clk0[0] (ASSP)                                                                                                   0.000     0.000
delay_dff_Q_7.QCK[0] (Q_FRAG)                                                                                                             11.993    11.993
clock uncertainty                                                                                                                          0.000    11.993
cell setup time                                                                                                                            0.105    12.098
data required time                                                                                                                                  12.098
----------------------------------------------------------------------------------------------------------------------------------------------------------
data required time                                                                                                                                  12.098
data arrival time                                                                                                                                  -73.967
----------------------------------------------------------------------------------------------------------------------------------------------------------
slack (VIOLATED)                                                                                                                                   -61.868


#Path 13
Startpoint: delay_dff_Q_23.QZ[0] (Q_FRAG clocked by clk)
Endpoint  : delay_dff_Q_6.QD[0] (Q_FRAG clocked by clk)
Path Type : setup

Point                                                                                                                                       Incr      Path
----------------------------------------------------------------------------------------------------------------------------------------------------------
clock clk (rise edge)                                                                                                                      0.000     0.000
clock source latency                                                                                                                       0.000     0.000
u_qlal4s3b_cell_macro.Sys_Clk0[0] (ASSP)                                                                                                   0.000     0.000
delay_dff_Q_23.QCK[0] (Q_FRAG)                                                                                                            12.136    12.136
delay_dff_Q_23.QZ[0] (Q_FRAG) [clock-to-output]                                                                                            1.701    13.838
num_dffe_Q_EN_LUT4_O_I3_LUT2_O_I1_LUT4_O_I2_LUT4_O_I2_LUT2_I0_O_LUT3_O_5_I2_LUT4_O.c_frag.BB2[0] (C_FRAG)                                  2.683    16.521
num_dffe_Q_EN_LUT4_O_I3_LUT2_O_I1_LUT4_O_I2_LUT4_O_I2_LUT2_I0_O_LUT3_O_5_I2_LUT4_O.c_frag.CZ[0] (C_FRAG)                                   1.552    18.073
num_dffe_Q_EN_LUT4_O_I3_LUT2_O_I1_LUT4_O_I2_LUT4_O_I2_LUT2_I0_O_LUT3_O_5_I2_LUT4_I3.c_frag.TBS[0] (C_FRAG)                                 3.514    21.587
num_dffe_Q_EN_LUT4_O_I3_LUT2_O_I1_LUT4_O_I2_LUT4_O_I2_LUT2_I0_O_LUT3_O_5_I2_LUT4_I3.c_frag.CZ[0] (C_FRAG)                                  0.996    22.583
num_dffe_Q_EN_LUT4_O_I3_LUT2_O_I1_LUT4_O_I2_LUT4_O_I2_LUT2_I0_O_LUT3_O_5_I2_LUT4_I3_O_LUT4_I3.c_frag.TBS[0] (C_FRAG)                       4.822    27.405
num_dffe_Q_EN_LUT4_O_I3_LUT2_O_I1_LUT4_O_I2_LUT4_O_I2_LUT2_I0_O_LUT3_O_5_I2_LUT4_I3_O_LUT4_I3.c_frag.CZ[0] (C_FRAG)                        0.996    28.401
num_dffe_Q_EN_LUT4_O_I3_LUT2_O_I1_LUT4_O_I2_LUT4_O_I2_LUT2_I0_O_LUT2_O_9_I0_LUT2_O.t_frag.XAB[0] (T_FRAG)                                  4.330    32.730
num_dffe_Q_EN_LUT4_O_I3_LUT2_O_I1_LUT4_O_I2_LUT4_O_I2_LUT2_I0_O_LUT2_O_9_I0_LUT2_O.t_frag.XZ[0] (T_FRAG)                                   1.251    33.981
num_dffe_Q_EN_LUT4_O_I3_LUT2_O_I1_LUT4_O_I2_LUT4_O_I2_LUT2_I0_O_LUT2_O_7_I0_LUT3_I0.t_frag.XSL[0] (T_FRAG)                                 3.122    37.103
num_dffe_Q_EN_LUT4_O_I3_LUT2_O_I1_LUT4_O_I2_LUT4_O_I2_LUT2_I0_O_LUT2_O_7_I0_LUT3_I0.t_frag.XZ[0] (T_FRAG)                                  1.406    38.509
num_dffe_Q_EN_LUT4_O_I3_LUT2_O_I1_LUT4_O_I2_LUT4_O_I1_LUT4_O_I3_LUT3_O_I2_LUT4_O.c_frag.TBS[0] (C_FRAG)                                    3.859    42.368
num_dffe_Q_EN_LUT4_O_I3_LUT2_O_I1_LUT4_O_I2_LUT4_O_I1_LUT4_O_I3_LUT3_O_I2_LUT4_O.c_frag.CZ[0] (C_FRAG)                                     0.996    43.364
num_dffe_Q_EN_LUT4_O_I3_LUT2_O_I1_LUT4_O_I2_LUT4_O_I1_LUT4_O_I3_LUT3_O.t_frag.XAB[0] (T_FRAG)                                              3.735    47.099
num_dffe_Q_EN_LUT4_O_I3_LUT2_O_I1_LUT4_O_I2_LUT4_O_I1_LUT4_O_I3_LUT3_O.t_frag.XZ[0] (T_FRAG)                                               1.305    48.404
num_dffe_Q_EN_LUT4_O_I3_LUT2_O_I1_LUT4_O_I2_LUT4_O_I1_LUT4_O.c_frag.TBS[0] (C_FRAG)                                                        5.563    53.967
num_dffe_Q_EN_LUT4_O_I3_LUT2_O_I1_LUT4_O_I2_LUT4_O_I1_LUT4_O.c_frag.CZ[0] (C_FRAG)                                                         0.996    54.963
num_dffe_Q_EN_LUT4_O_I3_LUT2_O_I1_LUT4_O_I2_LUT4_O.c_frag.TSL[0] (C_FRAG)                                                                  3.141    58.104
num_dffe_Q_EN_LUT4_O_I3_LUT2_O_I1_LUT4_O_I2_LUT4_O.c_frag.CZ[0] (C_FRAG)                                                                   1.593    59.697
num_dffe_Q_EN_LUT4_O_I3_LUT2_O_I1_LUT4_O_I3_LUT2_I0.t_frag.XAB[0] (T_FRAG)                                                                 4.857    64.553
num_dffe_Q_EN_LUT4_O_I3_LUT2_O_I1_LUT4_O_I3_LUT2_I0.t_frag.XZ[0] (T_FRAG)                                                                  1.251    65.804
num_dffe_Q_EN_LUT4_O_I3_LUT2_O_I1_LUT4_O_I2_LUT4_O_I2_LUT2_I0_O_LUT2_O.t_frag.XAB[0] (T_FRAG)                                              5.132    70.936
num_dffe_Q_EN_LUT4_O_I3_LUT2_O_I1_LUT4_O_I2_LUT4_O_I2_LUT2_I0_O_LUT2_O.t_frag.XZ[0] (T_FRAG)                                               1.305    72.241
delay_dff_Q_6.QD[0] (Q_FRAG)                                                                                                               0.000    72.241
data arrival time                                                                                                                                   72.241

clock clk (rise edge)                                                                                                                      0.000     0.000
clock source latency                                                                                                                       0.000     0.000
u_qlal4s3b_cell_macro.Sys_Clk0[0] (ASSP)                                                                                                   0.000     0.000
delay_dff_Q_6.QCK[0] (Q_FRAG)                                                                                                             10.384    10.384
clock uncertainty                                                                                                                          0.000    10.384
cell setup time                                                                                                                            0.105    10.489
data required time                                                                                                                                  10.489
----------------------------------------------------------------------------------------------------------------------------------------------------------
data required time                                                                                                                                  10.489
data arrival time                                                                                                                                  -72.241
----------------------------------------------------------------------------------------------------------------------------------------------------------
slack (VIOLATED)                                                                                                                                   -61.752


#Path 14
Startpoint: delay_dff_Q_23.QZ[0] (Q_FRAG clocked by clk)
Endpoint  : delay_dff_Q_26.QD[0] (Q_FRAG clocked by clk)
Path Type : setup

Point                                                                                                                                       Incr      Path
----------------------------------------------------------------------------------------------------------------------------------------------------------
clock clk (rise edge)                                                                                                                      0.000     0.000
clock source latency                                                                                                                       0.000     0.000
u_qlal4s3b_cell_macro.Sys_Clk0[0] (ASSP)                                                                                                   0.000     0.000
delay_dff_Q_23.QCK[0] (Q_FRAG)                                                                                                            12.136    12.136
delay_dff_Q_23.QZ[0] (Q_FRAG) [clock-to-output]                                                                                            1.701    13.838
num_dffe_Q_EN_LUT4_O_I3_LUT2_O_I1_LUT4_O_I2_LUT4_O_I2_LUT2_I0_O_LUT3_O_5_I2_LUT4_O.c_frag.BB2[0] (C_FRAG)                                  2.683    16.521
num_dffe_Q_EN_LUT4_O_I3_LUT2_O_I1_LUT4_O_I2_LUT4_O_I2_LUT2_I0_O_LUT3_O_5_I2_LUT4_O.c_frag.CZ[0] (C_FRAG)                                   1.552    18.073
num_dffe_Q_EN_LUT4_O_I3_LUT2_O_I1_LUT4_O_I2_LUT4_O_I2_LUT2_I0_O_LUT3_O_5_I2_LUT4_I3.c_frag.TBS[0] (C_FRAG)                                 3.514    21.587
num_dffe_Q_EN_LUT4_O_I3_LUT2_O_I1_LUT4_O_I2_LUT4_O_I2_LUT2_I0_O_LUT3_O_5_I2_LUT4_I3.c_frag.CZ[0] (C_FRAG)                                  0.996    22.583
num_dffe_Q_EN_LUT4_O_I3_LUT2_O_I1_LUT4_O_I2_LUT4_O_I2_LUT2_I0_O_LUT3_O_5_I2_LUT4_I3_O_LUT4_I3.c_frag.TBS[0] (C_FRAG)                       4.822    27.405
num_dffe_Q_EN_LUT4_O_I3_LUT2_O_I1_LUT4_O_I2_LUT4_O_I2_LUT2_I0_O_LUT3_O_5_I2_LUT4_I3_O_LUT4_I3.c_frag.CZ[0] (C_FRAG)                        0.996    28.401
num_dffe_Q_EN_LUT4_O_I3_LUT2_O_I1_LUT4_O_I2_LUT4_O_I2_LUT2_I0_O_LUT2_O_9_I0_LUT2_O.t_frag.XAB[0] (T_FRAG)                                  4.330    32.730
num_dffe_Q_EN_LUT4_O_I3_LUT2_O_I1_LUT4_O_I2_LUT4_O_I2_LUT2_I0_O_LUT2_O_9_I0_LUT2_O.t_frag.XZ[0] (T_FRAG)                                   1.251    33.981
num_dffe_Q_EN_LUT4_O_I3_LUT2_O_I1_LUT4_O_I2_LUT4_O_I2_LUT2_I0_O_LUT2_O_7_I0_LUT3_I0.t_frag.XSL[0] (T_FRAG)                                 3.122    37.103
num_dffe_Q_EN_LUT4_O_I3_LUT2_O_I1_LUT4_O_I2_LUT4_O_I2_LUT2_I0_O_LUT2_O_7_I0_LUT3_I0.t_frag.XZ[0] (T_FRAG)                                  1.406    38.509
num_dffe_Q_EN_LUT4_O_I3_LUT2_O_I1_LUT4_O_I2_LUT4_O_I1_LUT4_O_I3_LUT3_O_I2_LUT4_O.c_frag.TBS[0] (C_FRAG)                                    3.859    42.368
num_dffe_Q_EN_LUT4_O_I3_LUT2_O_I1_LUT4_O_I2_LUT4_O_I1_LUT4_O_I3_LUT3_O_I2_LUT4_O.c_frag.CZ[0] (C_FRAG)                                     0.996    43.364
num_dffe_Q_EN_LUT4_O_I3_LUT2_O_I1_LUT4_O_I2_LUT4_O_I1_LUT4_O_I3_LUT3_O.t_frag.XAB[0] (T_FRAG)                                              3.735    47.099
num_dffe_Q_EN_LUT4_O_I3_LUT2_O_I1_LUT4_O_I2_LUT4_O_I1_LUT4_O_I3_LUT3_O.t_frag.XZ[0] (T_FRAG)                                               1.305    48.404
num_dffe_Q_EN_LUT4_O_I3_LUT2_O_I1_LUT4_O_I2_LUT4_O_I1_LUT4_O.c_frag.TBS[0] (C_FRAG)                                                        5.563    53.967
num_dffe_Q_EN_LUT4_O_I3_LUT2_O_I1_LUT4_O_I2_LUT4_O_I1_LUT4_O.c_frag.CZ[0] (C_FRAG)                                                         0.996    54.963
num_dffe_Q_EN_LUT4_O_I3_LUT2_O_I1_LUT4_O_I2_LUT4_O.c_frag.TSL[0] (C_FRAG)                                                                  3.141    58.104
num_dffe_Q_EN_LUT4_O_I3_LUT2_O_I1_LUT4_O_I2_LUT4_O.c_frag.CZ[0] (C_FRAG)                                                                   1.593    59.697
num_dffe_Q_EN_LUT4_O_I3_LUT2_O_I1_LUT4_O_I3_LUT2_I0.t_frag.XAB[0] (T_FRAG)                                                                 4.857    64.553
num_dffe_Q_EN_LUT4_O_I3_LUT2_O_I1_LUT4_O_I3_LUT2_I0.t_frag.XZ[0] (T_FRAG)                                                                  1.251    65.804
num_dffe_Q_EN_LUT4_O_I3_LUT2_O_I1_LUT4_O_I2_LUT4_O_I2_LUT2_I0_O_LUT2_O_13.t_frag.XSL[0] (T_FRAG)                                           4.947    70.752
num_dffe_Q_EN_LUT4_O_I3_LUT2_O_I1_LUT4_O_I2_LUT4_O_I2_LUT2_I0_O_LUT2_O_13.t_frag.XZ[0] (T_FRAG)                                            1.462    72.214
delay_dff_Q_26.QD[0] (Q_FRAG)                                                                                                              0.000    72.214
data arrival time                                                                                                                                   72.214

clock clk (rise edge)                                                                                                                      0.000     0.000
clock source latency                                                                                                                       0.000     0.000
u_qlal4s3b_cell_macro.Sys_Clk0[0] (ASSP)                                                                                                   0.000     0.000
delay_dff_Q_26.QCK[0] (Q_FRAG)                                                                                                            10.388    10.388
clock uncertainty                                                                                                                          0.000    10.388
cell setup time                                                                                                                            0.105    10.494
data required time                                                                                                                                  10.494
----------------------------------------------------------------------------------------------------------------------------------------------------------
data required time                                                                                                                                  10.494
data arrival time                                                                                                                                  -72.214
----------------------------------------------------------------------------------------------------------------------------------------------------------
slack (VIOLATED)                                                                                                                                   -61.720


#Path 15
Startpoint: delay_dff_Q_23.QZ[0] (Q_FRAG clocked by clk)
Endpoint  : delay_dff_Q_5.QD[0] (Q_FRAG clocked by clk)
Path Type : setup

Point                                                                                                                                       Incr      Path
----------------------------------------------------------------------------------------------------------------------------------------------------------
clock clk (rise edge)                                                                                                                      0.000     0.000
clock source latency                                                                                                                       0.000     0.000
u_qlal4s3b_cell_macro.Sys_Clk0[0] (ASSP)                                                                                                   0.000     0.000
delay_dff_Q_23.QCK[0] (Q_FRAG)                                                                                                            12.136    12.136
delay_dff_Q_23.QZ[0] (Q_FRAG) [clock-to-output]                                                                                            1.701    13.838
num_dffe_Q_EN_LUT4_O_I3_LUT2_O_I1_LUT4_O_I2_LUT4_O_I2_LUT2_I0_O_LUT3_O_5_I2_LUT4_O.c_frag.BB2[0] (C_FRAG)                                  2.683    16.521
num_dffe_Q_EN_LUT4_O_I3_LUT2_O_I1_LUT4_O_I2_LUT4_O_I2_LUT2_I0_O_LUT3_O_5_I2_LUT4_O.c_frag.CZ[0] (C_FRAG)                                   1.552    18.073
num_dffe_Q_EN_LUT4_O_I3_LUT2_O_I1_LUT4_O_I2_LUT4_O_I2_LUT2_I0_O_LUT3_O_5_I2_LUT4_I3.c_frag.TBS[0] (C_FRAG)                                 3.514    21.587
num_dffe_Q_EN_LUT4_O_I3_LUT2_O_I1_LUT4_O_I2_LUT4_O_I2_LUT2_I0_O_LUT3_O_5_I2_LUT4_I3.c_frag.CZ[0] (C_FRAG)                                  0.996    22.583
num_dffe_Q_EN_LUT4_O_I3_LUT2_O_I1_LUT4_O_I2_LUT4_O_I2_LUT2_I0_O_LUT3_O_5_I2_LUT4_I3_O_LUT4_I3.c_frag.TBS[0] (C_FRAG)                       4.822    27.405
num_dffe_Q_EN_LUT4_O_I3_LUT2_O_I1_LUT4_O_I2_LUT4_O_I2_LUT2_I0_O_LUT3_O_5_I2_LUT4_I3_O_LUT4_I3.c_frag.CZ[0] (C_FRAG)                        0.996    28.401
num_dffe_Q_EN_LUT4_O_I3_LUT2_O_I1_LUT4_O_I2_LUT4_O_I2_LUT2_I0_O_LUT2_O_9_I0_LUT2_O.t_frag.XAB[0] (T_FRAG)                                  4.330    32.730
num_dffe_Q_EN_LUT4_O_I3_LUT2_O_I1_LUT4_O_I2_LUT4_O_I2_LUT2_I0_O_LUT2_O_9_I0_LUT2_O.t_frag.XZ[0] (T_FRAG)                                   1.251    33.981
num_dffe_Q_EN_LUT4_O_I3_LUT2_O_I1_LUT4_O_I2_LUT4_O_I2_LUT2_I0_O_LUT2_O_7_I0_LUT3_I0.t_frag.XSL[0] (T_FRAG)                                 3.122    37.103
num_dffe_Q_EN_LUT4_O_I3_LUT2_O_I1_LUT4_O_I2_LUT4_O_I2_LUT2_I0_O_LUT2_O_7_I0_LUT3_I0.t_frag.XZ[0] (T_FRAG)                                  1.406    38.509
num_dffe_Q_EN_LUT4_O_I3_LUT2_O_I1_LUT4_O_I2_LUT4_O_I1_LUT4_O_I3_LUT3_O_I2_LUT4_O.c_frag.TBS[0] (C_FRAG)                                    3.859    42.368
num_dffe_Q_EN_LUT4_O_I3_LUT2_O_I1_LUT4_O_I2_LUT4_O_I1_LUT4_O_I3_LUT3_O_I2_LUT4_O.c_frag.CZ[0] (C_FRAG)                                     0.996    43.364
num_dffe_Q_EN_LUT4_O_I3_LUT2_O_I1_LUT4_O_I2_LUT4_O_I1_LUT4_O_I3_LUT3_O.t_frag.XAB[0] (T_FRAG)                                              3.735    47.099
num_dffe_Q_EN_LUT4_O_I3_LUT2_O_I1_LUT4_O_I2_LUT4_O_I1_LUT4_O_I3_LUT3_O.t_frag.XZ[0] (T_FRAG)                                               1.305    48.404
num_dffe_Q_EN_LUT4_O_I3_LUT2_O_I1_LUT4_O_I2_LUT4_O_I1_LUT4_O.c_frag.TBS[0] (C_FRAG)                                                        5.563    53.967
num_dffe_Q_EN_LUT4_O_I3_LUT2_O_I1_LUT4_O_I2_LUT4_O_I1_LUT4_O.c_frag.CZ[0] (C_FRAG)                                                         0.996    54.963
num_dffe_Q_EN_LUT4_O_I3_LUT2_O_I1_LUT4_O_I2_LUT4_O.c_frag.TSL[0] (C_FRAG)                                                                  3.141    58.104
num_dffe_Q_EN_LUT4_O_I3_LUT2_O_I1_LUT4_O_I2_LUT4_O.c_frag.CZ[0] (C_FRAG)                                                                   1.593    59.697
num_dffe_Q_EN_LUT4_O_I3_LUT2_O_I1_LUT4_O_I3_LUT2_I0.t_frag.XAB[0] (T_FRAG)                                                                 4.857    64.553
num_dffe_Q_EN_LUT4_O_I3_LUT2_O_I1_LUT4_O_I3_LUT2_I0.t_frag.XZ[0] (T_FRAG)                                                                  1.251    65.804
num_dffe_Q_EN_LUT4_O_I3_LUT2_O_I1_LUT4_O_I2_LUT4_O_I2_LUT2_I0_O_LUT3_O.t_frag.XA2[0] (T_FRAG)                                              4.375    70.179
num_dffe_Q_EN_LUT4_O_I3_LUT2_O_I1_LUT4_O_I2_LUT4_O_I2_LUT2_I0_O_LUT3_O.t_frag.XZ[0] (T_FRAG)                                               1.605    71.785
delay_dff_Q_5.QD[0] (Q_FRAG)                                                                                                               0.000    71.785
data arrival time                                                                                                                                   71.785

clock clk (rise edge)                                                                                                                      0.000     0.000
clock source latency                                                                                                                       0.000     0.000
u_qlal4s3b_cell_macro.Sys_Clk0[0] (ASSP)                                                                                                   0.000     0.000
delay_dff_Q_5.QCK[0] (Q_FRAG)                                                                                                             10.329    10.329
clock uncertainty                                                                                                                          0.000    10.329
cell setup time                                                                                                                            0.105    10.435
data required time                                                                                                                                  10.435
----------------------------------------------------------------------------------------------------------------------------------------------------------
data required time                                                                                                                                  10.435
data arrival time                                                                                                                                  -71.785
----------------------------------------------------------------------------------------------------------------------------------------------------------
slack (VIOLATED)                                                                                                                                   -61.350


#Path 16
Startpoint: delay_dff_Q_23.QZ[0] (Q_FRAG clocked by clk)
Endpoint  : delay_dff_Q_14.QD[0] (Q_FRAG clocked by clk)
Path Type : setup

Point                                                                                                                                       Incr      Path
----------------------------------------------------------------------------------------------------------------------------------------------------------
clock clk (rise edge)                                                                                                                      0.000     0.000
clock source latency                                                                                                                       0.000     0.000
u_qlal4s3b_cell_macro.Sys_Clk0[0] (ASSP)                                                                                                   0.000     0.000
delay_dff_Q_23.QCK[0] (Q_FRAG)                                                                                                            12.136    12.136
delay_dff_Q_23.QZ[0] (Q_FRAG) [clock-to-output]                                                                                            1.701    13.838
num_dffe_Q_EN_LUT4_O_I3_LUT2_O_I1_LUT4_O_I2_LUT4_O_I2_LUT2_I0_O_LUT3_O_5_I2_LUT4_O.c_frag.BB2[0] (C_FRAG)                                  2.683    16.521
num_dffe_Q_EN_LUT4_O_I3_LUT2_O_I1_LUT4_O_I2_LUT4_O_I2_LUT2_I0_O_LUT3_O_5_I2_LUT4_O.c_frag.CZ[0] (C_FRAG)                                   1.552    18.073
num_dffe_Q_EN_LUT4_O_I3_LUT2_O_I1_LUT4_O_I2_LUT4_O_I2_LUT2_I0_O_LUT3_O_5_I2_LUT4_I3.c_frag.TBS[0] (C_FRAG)                                 3.514    21.587
num_dffe_Q_EN_LUT4_O_I3_LUT2_O_I1_LUT4_O_I2_LUT4_O_I2_LUT2_I0_O_LUT3_O_5_I2_LUT4_I3.c_frag.CZ[0] (C_FRAG)                                  0.996    22.583
num_dffe_Q_EN_LUT4_O_I3_LUT2_O_I1_LUT4_O_I2_LUT4_O_I2_LUT2_I0_O_LUT3_O_5_I2_LUT4_I3_O_LUT4_I3.c_frag.TBS[0] (C_FRAG)                       4.822    27.405
num_dffe_Q_EN_LUT4_O_I3_LUT2_O_I1_LUT4_O_I2_LUT4_O_I2_LUT2_I0_O_LUT3_O_5_I2_LUT4_I3_O_LUT4_I3.c_frag.CZ[0] (C_FRAG)                        0.996    28.401
num_dffe_Q_EN_LUT4_O_I3_LUT2_O_I1_LUT4_O_I2_LUT4_O_I2_LUT2_I0_O_LUT2_O_9_I0_LUT2_O.t_frag.XAB[0] (T_FRAG)                                  4.330    32.730
num_dffe_Q_EN_LUT4_O_I3_LUT2_O_I1_LUT4_O_I2_LUT4_O_I2_LUT2_I0_O_LUT2_O_9_I0_LUT2_O.t_frag.XZ[0] (T_FRAG)                                   1.251    33.981
num_dffe_Q_EN_LUT4_O_I3_LUT2_O_I1_LUT4_O_I2_LUT4_O_I2_LUT2_I0_O_LUT2_O_7_I0_LUT3_I0.t_frag.XSL[0] (T_FRAG)                                 3.122    37.103
num_dffe_Q_EN_LUT4_O_I3_LUT2_O_I1_LUT4_O_I2_LUT4_O_I2_LUT2_I0_O_LUT2_O_7_I0_LUT3_I0.t_frag.XZ[0] (T_FRAG)                                  1.406    38.509
num_dffe_Q_EN_LUT4_O_I3_LUT2_O_I1_LUT4_O_I2_LUT4_O_I1_LUT4_O_I3_LUT3_O_I2_LUT4_O.c_frag.TBS[0] (C_FRAG)                                    3.859    42.368
num_dffe_Q_EN_LUT4_O_I3_LUT2_O_I1_LUT4_O_I2_LUT4_O_I1_LUT4_O_I3_LUT3_O_I2_LUT4_O.c_frag.CZ[0] (C_FRAG)                                     0.996    43.364
num_dffe_Q_EN_LUT4_O_I3_LUT2_O_I1_LUT4_O_I2_LUT4_O_I1_LUT4_O_I3_LUT3_O.t_frag.XAB[0] (T_FRAG)                                              3.735    47.099
num_dffe_Q_EN_LUT4_O_I3_LUT2_O_I1_LUT4_O_I2_LUT4_O_I1_LUT4_O_I3_LUT3_O.t_frag.XZ[0] (T_FRAG)                                               1.305    48.404
num_dffe_Q_EN_LUT4_O_I3_LUT2_O_I1_LUT4_O_I2_LUT4_O_I1_LUT4_O.c_frag.TBS[0] (C_FRAG)                                                        5.563    53.967
num_dffe_Q_EN_LUT4_O_I3_LUT2_O_I1_LUT4_O_I2_LUT4_O_I1_LUT4_O.c_frag.CZ[0] (C_FRAG)                                                         0.996    54.963
num_dffe_Q_EN_LUT4_O_I3_LUT2_O_I1_LUT4_O_I2_LUT4_O.c_frag.TSL[0] (C_FRAG)                                                                  3.141    58.104
num_dffe_Q_EN_LUT4_O_I3_LUT2_O_I1_LUT4_O_I2_LUT4_O.c_frag.CZ[0] (C_FRAG)                                                                   1.593    59.697
num_dffe_Q_EN_LUT4_O_I3_LUT2_O_I1_LUT4_O_I3_LUT2_I0.t_frag.XAB[0] (T_FRAG)                                                                 4.857    64.553
num_dffe_Q_EN_LUT4_O_I3_LUT2_O_I1_LUT4_O_I3_LUT2_I0.t_frag.XZ[0] (T_FRAG)                                                                  1.251    65.804
num_dffe_Q_EN_LUT4_O_I3_LUT2_O_I1_LUT4_O_I2_LUT4_O_I2_LUT2_I0_O_LUT2_O_7.t_frag.XAB[0] (T_FRAG)                                            5.472    71.276
num_dffe_Q_EN_LUT4_O_I3_LUT2_O_I1_LUT4_O_I2_LUT4_O_I2_LUT2_I0_O_LUT2_O_7.t_frag.XZ[0] (T_FRAG)                                             1.305    72.581
delay_dff_Q_14.QD[0] (Q_FRAG)                                                                                                              0.000    72.581
data arrival time                                                                                                                                   72.581

clock clk (rise edge)                                                                                                                      0.000     0.000
clock source latency                                                                                                                       0.000     0.000
u_qlal4s3b_cell_macro.Sys_Clk0[0] (ASSP)                                                                                                   0.000     0.000
delay_dff_Q_14.QCK[0] (Q_FRAG)                                                                                                            11.489    11.489
clock uncertainty                                                                                                                          0.000    11.489
cell setup time                                                                                                                            0.105    11.594
data required time                                                                                                                                  11.594
----------------------------------------------------------------------------------------------------------------------------------------------------------
data required time                                                                                                                                  11.594
data arrival time                                                                                                                                  -72.581
----------------------------------------------------------------------------------------------------------------------------------------------------------
slack (VIOLATED)                                                                                                                                   -60.987


#Path 17
Startpoint: delay_dff_Q_23.QZ[0] (Q_FRAG clocked by clk)
Endpoint  : delay_dff_Q_8.QD[0] (Q_FRAG clocked by clk)
Path Type : setup

Point                                                                                                                                       Incr      Path
----------------------------------------------------------------------------------------------------------------------------------------------------------
clock clk (rise edge)                                                                                                                      0.000     0.000
clock source latency                                                                                                                       0.000     0.000
u_qlal4s3b_cell_macro.Sys_Clk0[0] (ASSP)                                                                                                   0.000     0.000
delay_dff_Q_23.QCK[0] (Q_FRAG)                                                                                                            12.136    12.136
delay_dff_Q_23.QZ[0] (Q_FRAG) [clock-to-output]                                                                                            1.701    13.838
num_dffe_Q_EN_LUT4_O_I3_LUT2_O_I1_LUT4_O_I2_LUT4_O_I2_LUT2_I0_O_LUT3_O_5_I2_LUT4_O.c_frag.BB2[0] (C_FRAG)                                  2.683    16.521
num_dffe_Q_EN_LUT4_O_I3_LUT2_O_I1_LUT4_O_I2_LUT4_O_I2_LUT2_I0_O_LUT3_O_5_I2_LUT4_O.c_frag.CZ[0] (C_FRAG)                                   1.552    18.073
num_dffe_Q_EN_LUT4_O_I3_LUT2_O_I1_LUT4_O_I2_LUT4_O_I2_LUT2_I0_O_LUT3_O_5_I2_LUT4_I3.c_frag.TBS[0] (C_FRAG)                                 3.514    21.587
num_dffe_Q_EN_LUT4_O_I3_LUT2_O_I1_LUT4_O_I2_LUT4_O_I2_LUT2_I0_O_LUT3_O_5_I2_LUT4_I3.c_frag.CZ[0] (C_FRAG)                                  0.996    22.583
num_dffe_Q_EN_LUT4_O_I3_LUT2_O_I1_LUT4_O_I2_LUT4_O_I2_LUT2_I0_O_LUT3_O_5_I2_LUT4_I3_O_LUT4_I3.c_frag.TBS[0] (C_FRAG)                       4.822    27.405
num_dffe_Q_EN_LUT4_O_I3_LUT2_O_I1_LUT4_O_I2_LUT4_O_I2_LUT2_I0_O_LUT3_O_5_I2_LUT4_I3_O_LUT4_I3.c_frag.CZ[0] (C_FRAG)                        0.996    28.401
num_dffe_Q_EN_LUT4_O_I3_LUT2_O_I1_LUT4_O_I2_LUT4_O_I2_LUT2_I0_O_LUT2_O_9_I0_LUT2_O.t_frag.XAB[0] (T_FRAG)                                  4.330    32.730
num_dffe_Q_EN_LUT4_O_I3_LUT2_O_I1_LUT4_O_I2_LUT4_O_I2_LUT2_I0_O_LUT2_O_9_I0_LUT2_O.t_frag.XZ[0] (T_FRAG)                                   1.251    33.981
num_dffe_Q_EN_LUT4_O_I3_LUT2_O_I1_LUT4_O_I2_LUT4_O_I2_LUT2_I0_O_LUT2_O_7_I0_LUT3_I0.t_frag.XSL[0] (T_FRAG)                                 3.122    37.103
num_dffe_Q_EN_LUT4_O_I3_LUT2_O_I1_LUT4_O_I2_LUT4_O_I2_LUT2_I0_O_LUT2_O_7_I0_LUT3_I0.t_frag.XZ[0] (T_FRAG)                                  1.406    38.509
num_dffe_Q_EN_LUT4_O_I3_LUT2_O_I1_LUT4_O_I2_LUT4_O_I1_LUT4_O_I3_LUT3_O_I2_LUT4_O.c_frag.TBS[0] (C_FRAG)                                    3.859    42.368
num_dffe_Q_EN_LUT4_O_I3_LUT2_O_I1_LUT4_O_I2_LUT4_O_I1_LUT4_O_I3_LUT3_O_I2_LUT4_O.c_frag.CZ[0] (C_FRAG)                                     0.996    43.364
num_dffe_Q_EN_LUT4_O_I3_LUT2_O_I1_LUT4_O_I2_LUT4_O_I1_LUT4_O_I3_LUT3_O.t_frag.XAB[0] (T_FRAG)                                              3.735    47.099
num_dffe_Q_EN_LUT4_O_I3_LUT2_O_I1_LUT4_O_I2_LUT4_O_I1_LUT4_O_I3_LUT3_O.t_frag.XZ[0] (T_FRAG)                                               1.305    48.404
num_dffe_Q_EN_LUT4_O_I3_LUT2_O_I1_LUT4_O_I2_LUT4_O_I1_LUT4_O.c_frag.TBS[0] (C_FRAG)                                                        5.563    53.967
num_dffe_Q_EN_LUT4_O_I3_LUT2_O_I1_LUT4_O_I2_LUT4_O_I1_LUT4_O.c_frag.CZ[0] (C_FRAG)                                                         0.996    54.963
num_dffe_Q_EN_LUT4_O_I3_LUT2_O_I1_LUT4_O_I2_LUT4_O.c_frag.TSL[0] (C_FRAG)                                                                  3.141    58.104
num_dffe_Q_EN_LUT4_O_I3_LUT2_O_I1_LUT4_O_I2_LUT4_O.c_frag.CZ[0] (C_FRAG)                                                                   1.593    59.697
num_dffe_Q_EN_LUT4_O_I3_LUT2_O_I1_LUT4_O_I3_LUT2_I0.t_frag.XAB[0] (T_FRAG)                                                                 4.857    64.553
num_dffe_Q_EN_LUT4_O_I3_LUT2_O_I1_LUT4_O_I3_LUT2_I0.t_frag.XZ[0] (T_FRAG)                                                                  1.251    65.804
num_dffe_Q_EN_LUT4_O_I3_LUT2_O_I1_LUT4_O_I2_LUT4_O_I2_LUT2_I0_O_LUT2_O_2.t_frag.XAB[0] (T_FRAG)                                            4.878    70.683
num_dffe_Q_EN_LUT4_O_I3_LUT2_O_I1_LUT4_O_I2_LUT4_O_I2_LUT2_I0_O_LUT2_O_2.t_frag.XZ[0] (T_FRAG)                                             1.305    71.988
delay_dff_Q_8.QD[0] (Q_FRAG)                                                                                                               0.000    71.988
data arrival time                                                                                                                                   71.988

clock clk (rise edge)                                                                                                                      0.000     0.000
clock source latency                                                                                                                       0.000     0.000
u_qlal4s3b_cell_macro.Sys_Clk0[0] (ASSP)                                                                                                   0.000     0.000
delay_dff_Q_8.QCK[0] (Q_FRAG)                                                                                                             11.362    11.362
clock uncertainty                                                                                                                          0.000    11.362
cell setup time                                                                                                                            0.105    11.468
data required time                                                                                                                                  11.468
----------------------------------------------------------------------------------------------------------------------------------------------------------
data required time                                                                                                                                  11.468
data arrival time                                                                                                                                  -71.988
----------------------------------------------------------------------------------------------------------------------------------------------------------
slack (VIOLATED)                                                                                                                                   -60.520


#Path 18
Startpoint: delay_dff_Q_23.QZ[0] (Q_FRAG clocked by clk)
Endpoint  : delay_dff_Q_25.QD[0] (Q_FRAG clocked by clk)
Path Type : setup

Point                                                                                                                                       Incr      Path
----------------------------------------------------------------------------------------------------------------------------------------------------------
clock clk (rise edge)                                                                                                                      0.000     0.000
clock source latency                                                                                                                       0.000     0.000
u_qlal4s3b_cell_macro.Sys_Clk0[0] (ASSP)                                                                                                   0.000     0.000
delay_dff_Q_23.QCK[0] (Q_FRAG)                                                                                                            12.136    12.136
delay_dff_Q_23.QZ[0] (Q_FRAG) [clock-to-output]                                                                                            1.701    13.838
num_dffe_Q_EN_LUT4_O_I3_LUT2_O_I1_LUT4_O_I2_LUT4_O_I2_LUT2_I0_O_LUT3_O_5_I2_LUT4_O.c_frag.BB2[0] (C_FRAG)                                  2.683    16.521
num_dffe_Q_EN_LUT4_O_I3_LUT2_O_I1_LUT4_O_I2_LUT4_O_I2_LUT2_I0_O_LUT3_O_5_I2_LUT4_O.c_frag.CZ[0] (C_FRAG)                                   1.552    18.073
num_dffe_Q_EN_LUT4_O_I3_LUT2_O_I1_LUT4_O_I2_LUT4_O_I2_LUT2_I0_O_LUT3_O_5_I2_LUT4_I3.c_frag.TBS[0] (C_FRAG)                                 3.514    21.587
num_dffe_Q_EN_LUT4_O_I3_LUT2_O_I1_LUT4_O_I2_LUT4_O_I2_LUT2_I0_O_LUT3_O_5_I2_LUT4_I3.c_frag.CZ[0] (C_FRAG)                                  0.996    22.583
num_dffe_Q_EN_LUT4_O_I3_LUT2_O_I1_LUT4_O_I2_LUT4_O_I2_LUT2_I0_O_LUT3_O_5_I2_LUT4_I3_O_LUT4_I3.c_frag.TBS[0] (C_FRAG)                       4.822    27.405
num_dffe_Q_EN_LUT4_O_I3_LUT2_O_I1_LUT4_O_I2_LUT4_O_I2_LUT2_I0_O_LUT3_O_5_I2_LUT4_I3_O_LUT4_I3.c_frag.CZ[0] (C_FRAG)                        0.996    28.401
num_dffe_Q_EN_LUT4_O_I3_LUT2_O_I1_LUT4_O_I2_LUT4_O_I2_LUT2_I0_O_LUT2_O_9_I0_LUT2_O.t_frag.XAB[0] (T_FRAG)                                  4.330    32.730
num_dffe_Q_EN_LUT4_O_I3_LUT2_O_I1_LUT4_O_I2_LUT4_O_I2_LUT2_I0_O_LUT2_O_9_I0_LUT2_O.t_frag.XZ[0] (T_FRAG)                                   1.251    33.981
num_dffe_Q_EN_LUT4_O_I3_LUT2_O_I1_LUT4_O_I2_LUT4_O_I2_LUT2_I0_O_LUT2_O_7_I0_LUT3_I0.t_frag.XSL[0] (T_FRAG)                                 3.122    37.103
num_dffe_Q_EN_LUT4_O_I3_LUT2_O_I1_LUT4_O_I2_LUT4_O_I2_LUT2_I0_O_LUT2_O_7_I0_LUT3_I0.t_frag.XZ[0] (T_FRAG)                                  1.406    38.509
num_dffe_Q_EN_LUT4_O_I3_LUT2_O_I1_LUT4_O_I2_LUT4_O_I1_LUT4_O_I3_LUT3_O_I2_LUT4_O.c_frag.TBS[0] (C_FRAG)                                    3.859    42.368
num_dffe_Q_EN_LUT4_O_I3_LUT2_O_I1_LUT4_O_I2_LUT4_O_I1_LUT4_O_I3_LUT3_O_I2_LUT4_O.c_frag.CZ[0] (C_FRAG)                                     0.996    43.364
num_dffe_Q_EN_LUT4_O_I3_LUT2_O_I1_LUT4_O_I2_LUT4_O_I1_LUT4_O_I3_LUT3_O.t_frag.XAB[0] (T_FRAG)                                              3.735    47.099
num_dffe_Q_EN_LUT4_O_I3_LUT2_O_I1_LUT4_O_I2_LUT4_O_I1_LUT4_O_I3_LUT3_O.t_frag.XZ[0] (T_FRAG)                                               1.305    48.404
num_dffe_Q_EN_LUT4_O_I3_LUT2_O_I1_LUT4_O_I2_LUT4_O_I1_LUT4_O.c_frag.TBS[0] (C_FRAG)                                                        5.563    53.967
num_dffe_Q_EN_LUT4_O_I3_LUT2_O_I1_LUT4_O_I2_LUT4_O_I1_LUT4_O.c_frag.CZ[0] (C_FRAG)                                                         0.996    54.963
num_dffe_Q_EN_LUT4_O_I3_LUT2_O_I1_LUT4_O_I2_LUT4_O.c_frag.TSL[0] (C_FRAG)                                                                  3.141    58.104
num_dffe_Q_EN_LUT4_O_I3_LUT2_O_I1_LUT4_O_I2_LUT4_O.c_frag.CZ[0] (C_FRAG)                                                                   1.593    59.697
num_dffe_Q_EN_LUT4_O_I3_LUT2_O_I1_LUT4_O_I3_LUT2_I0.t_frag.XAB[0] (T_FRAG)                                                                 4.857    64.553
num_dffe_Q_EN_LUT4_O_I3_LUT2_O_I1_LUT4_O_I3_LUT2_I0.t_frag.XZ[0] (T_FRAG)                                                                  1.251    65.804
num_dffe_Q_EN_LUT4_O_I3_LUT2_O_I1_LUT4_O_I2_LUT4_O_I2_LUT2_I0_O_LUT3_O_7.t_frag.XA2[0] (T_FRAG)                                            5.047    70.852
num_dffe_Q_EN_LUT4_O_I3_LUT2_O_I1_LUT4_O_I2_LUT4_O_I2_LUT2_I0_O_LUT3_O_7.t_frag.XZ[0] (T_FRAG)                                             1.605    72.457
delay_dff_Q_25.QD[0] (Q_FRAG)                                                                                                              0.000    72.457
data arrival time                                                                                                                                   72.457

clock clk (rise edge)                                                                                                                      0.000     0.000
clock source latency                                                                                                                       0.000     0.000
u_qlal4s3b_cell_macro.Sys_Clk0[0] (ASSP)                                                                                                   0.000     0.000
delay_dff_Q_25.QCK[0] (Q_FRAG)                                                                                                            12.104    12.104
clock uncertainty                                                                                                                          0.000    12.104
cell setup time                                                                                                                            0.105    12.209
data required time                                                                                                                                  12.209
----------------------------------------------------------------------------------------------------------------------------------------------------------
data required time                                                                                                                                  12.209
data arrival time                                                                                                                                  -72.457
----------------------------------------------------------------------------------------------------------------------------------------------------------
slack (VIOLATED)                                                                                                                                   -60.248


#Path 19
Startpoint: delay_dff_Q_23.QZ[0] (Q_FRAG clocked by clk)
Endpoint  : delay_dff_Q_15.QD[0] (Q_FRAG clocked by clk)
Path Type : setup

Point                                                                                                                                       Incr      Path
----------------------------------------------------------------------------------------------------------------------------------------------------------
clock clk (rise edge)                                                                                                                      0.000     0.000
clock source latency                                                                                                                       0.000     0.000
u_qlal4s3b_cell_macro.Sys_Clk0[0] (ASSP)                                                                                                   0.000     0.000
delay_dff_Q_23.QCK[0] (Q_FRAG)                                                                                                            12.136    12.136
delay_dff_Q_23.QZ[0] (Q_FRAG) [clock-to-output]                                                                                            1.701    13.838
num_dffe_Q_EN_LUT4_O_I3_LUT2_O_I1_LUT4_O_I2_LUT4_O_I2_LUT2_I0_O_LUT3_O_5_I2_LUT4_O.c_frag.BB2[0] (C_FRAG)                                  2.683    16.521
num_dffe_Q_EN_LUT4_O_I3_LUT2_O_I1_LUT4_O_I2_LUT4_O_I2_LUT2_I0_O_LUT3_O_5_I2_LUT4_O.c_frag.CZ[0] (C_FRAG)                                   1.552    18.073
num_dffe_Q_EN_LUT4_O_I3_LUT2_O_I1_LUT4_O_I2_LUT4_O_I2_LUT2_I0_O_LUT3_O_5_I2_LUT4_I3.c_frag.TBS[0] (C_FRAG)                                 3.514    21.587
num_dffe_Q_EN_LUT4_O_I3_LUT2_O_I1_LUT4_O_I2_LUT4_O_I2_LUT2_I0_O_LUT3_O_5_I2_LUT4_I3.c_frag.CZ[0] (C_FRAG)                                  0.996    22.583
num_dffe_Q_EN_LUT4_O_I3_LUT2_O_I1_LUT4_O_I2_LUT4_O_I2_LUT2_I0_O_LUT3_O_5_I2_LUT4_I3_O_LUT4_I3.c_frag.TBS[0] (C_FRAG)                       4.822    27.405
num_dffe_Q_EN_LUT4_O_I3_LUT2_O_I1_LUT4_O_I2_LUT4_O_I2_LUT2_I0_O_LUT3_O_5_I2_LUT4_I3_O_LUT4_I3.c_frag.CZ[0] (C_FRAG)                        0.996    28.401
num_dffe_Q_EN_LUT4_O_I3_LUT2_O_I1_LUT4_O_I2_LUT4_O_I2_LUT2_I0_O_LUT2_O_9_I0_LUT2_O.t_frag.XAB[0] (T_FRAG)                                  4.330    32.730
num_dffe_Q_EN_LUT4_O_I3_LUT2_O_I1_LUT4_O_I2_LUT4_O_I2_LUT2_I0_O_LUT2_O_9_I0_LUT2_O.t_frag.XZ[0] (T_FRAG)                                   1.251    33.981
num_dffe_Q_EN_LUT4_O_I3_LUT2_O_I1_LUT4_O_I2_LUT4_O_I2_LUT2_I0_O_LUT2_O_7_I0_LUT3_I0.t_frag.XSL[0] (T_FRAG)                                 3.122    37.103
num_dffe_Q_EN_LUT4_O_I3_LUT2_O_I1_LUT4_O_I2_LUT4_O_I2_LUT2_I0_O_LUT2_O_7_I0_LUT3_I0.t_frag.XZ[0] (T_FRAG)                                  1.406    38.509
num_dffe_Q_EN_LUT4_O_I3_LUT2_O_I1_LUT4_O_I2_LUT4_O_I1_LUT4_O_I3_LUT3_O_I2_LUT4_O.c_frag.TBS[0] (C_FRAG)                                    3.859    42.368
num_dffe_Q_EN_LUT4_O_I3_LUT2_O_I1_LUT4_O_I2_LUT4_O_I1_LUT4_O_I3_LUT3_O_I2_LUT4_O.c_frag.CZ[0] (C_FRAG)                                     0.996    43.364
num_dffe_Q_EN_LUT4_O_I3_LUT2_O_I1_LUT4_O_I2_LUT4_O_I1_LUT4_O_I3_LUT3_O.t_frag.XAB[0] (T_FRAG)                                              3.735    47.099
num_dffe_Q_EN_LUT4_O_I3_LUT2_O_I1_LUT4_O_I2_LUT4_O_I1_LUT4_O_I3_LUT3_O.t_frag.XZ[0] (T_FRAG)                                               1.305    48.404
num_dffe_Q_EN_LUT4_O_I3_LUT2_O_I1_LUT4_O_I2_LUT4_O_I1_LUT4_O.c_frag.TBS[0] (C_FRAG)                                                        5.563    53.967
num_dffe_Q_EN_LUT4_O_I3_LUT2_O_I1_LUT4_O_I2_LUT4_O_I1_LUT4_O.c_frag.CZ[0] (C_FRAG)                                                         0.996    54.963
num_dffe_Q_EN_LUT4_O_I3_LUT2_O_I1_LUT4_O_I2_LUT4_O.c_frag.TSL[0] (C_FRAG)                                                                  3.141    58.104
num_dffe_Q_EN_LUT4_O_I3_LUT2_O_I1_LUT4_O_I2_LUT4_O.c_frag.CZ[0] (C_FRAG)                                                                   1.593    59.697
num_dffe_Q_EN_LUT4_O_I3_LUT2_O_I1_LUT4_O_I3_LUT2_I0.t_frag.XAB[0] (T_FRAG)                                                                 4.857    64.553
num_dffe_Q_EN_LUT4_O_I3_LUT2_O_I1_LUT4_O_I3_LUT2_I0.t_frag.XZ[0] (T_FRAG)                                                                  1.251    65.804
num_dffe_Q_EN_LUT4_O_I3_LUT2_O_I1_LUT4_O_I2_LUT4_O_I2_LUT2_I0_O_LUT2_O_8.t_frag.XAB[0] (T_FRAG)                                            5.327    71.131
num_dffe_Q_EN_LUT4_O_I3_LUT2_O_I1_LUT4_O_I2_LUT4_O_I2_LUT2_I0_O_LUT2_O_8.t_frag.XZ[0] (T_FRAG)                                             1.305    72.436
delay_dff_Q_15.QD[0] (Q_FRAG)                                                                                                              0.000    72.436
data arrival time                                                                                                                                   72.436

clock clk (rise edge)                                                                                                                      0.000     0.000
clock source latency                                                                                                                       0.000     0.000
u_qlal4s3b_cell_macro.Sys_Clk0[0] (ASSP)                                                                                                   0.000     0.000
delay_dff_Q_15.QCK[0] (Q_FRAG)                                                                                                            12.103    12.103
clock uncertainty                                                                                                                          0.000    12.103
cell setup time                                                                                                                            0.105    12.209
data required time                                                                                                                                  12.209
----------------------------------------------------------------------------------------------------------------------------------------------------------
data required time                                                                                                                                  12.209
data arrival time                                                                                                                                  -72.436
----------------------------------------------------------------------------------------------------------------------------------------------------------
slack (VIOLATED)                                                                                                                                   -60.228


#Path 20
Startpoint: delay_dff_Q_23.QZ[0] (Q_FRAG clocked by clk)
Endpoint  : delay_dff_Q_13.QD[0] (Q_FRAG clocked by clk)
Path Type : setup

Point                                                                                                                                       Incr      Path
----------------------------------------------------------------------------------------------------------------------------------------------------------
clock clk (rise edge)                                                                                                                      0.000     0.000
clock source latency                                                                                                                       0.000     0.000
u_qlal4s3b_cell_macro.Sys_Clk0[0] (ASSP)                                                                                                   0.000     0.000
delay_dff_Q_23.QCK[0] (Q_FRAG)                                                                                                            12.136    12.136
delay_dff_Q_23.QZ[0] (Q_FRAG) [clock-to-output]                                                                                            1.701    13.838
num_dffe_Q_EN_LUT4_O_I3_LUT2_O_I1_LUT4_O_I2_LUT4_O_I2_LUT2_I0_O_LUT3_O_5_I2_LUT4_O.c_frag.BB2[0] (C_FRAG)                                  2.683    16.521
num_dffe_Q_EN_LUT4_O_I3_LUT2_O_I1_LUT4_O_I2_LUT4_O_I2_LUT2_I0_O_LUT3_O_5_I2_LUT4_O.c_frag.CZ[0] (C_FRAG)                                   1.552    18.073
num_dffe_Q_EN_LUT4_O_I3_LUT2_O_I1_LUT4_O_I2_LUT4_O_I2_LUT2_I0_O_LUT3_O_5_I2_LUT4_I3.c_frag.TBS[0] (C_FRAG)                                 3.514    21.587
num_dffe_Q_EN_LUT4_O_I3_LUT2_O_I1_LUT4_O_I2_LUT4_O_I2_LUT2_I0_O_LUT3_O_5_I2_LUT4_I3.c_frag.CZ[0] (C_FRAG)                                  0.996    22.583
num_dffe_Q_EN_LUT4_O_I3_LUT2_O_I1_LUT4_O_I2_LUT4_O_I2_LUT2_I0_O_LUT3_O_5_I2_LUT4_I3_O_LUT4_I3.c_frag.TBS[0] (C_FRAG)                       4.822    27.405
num_dffe_Q_EN_LUT4_O_I3_LUT2_O_I1_LUT4_O_I2_LUT4_O_I2_LUT2_I0_O_LUT3_O_5_I2_LUT4_I3_O_LUT4_I3.c_frag.CZ[0] (C_FRAG)                        0.996    28.401
num_dffe_Q_EN_LUT4_O_I3_LUT2_O_I1_LUT4_O_I2_LUT4_O_I2_LUT2_I0_O_LUT2_O_9_I0_LUT2_O.t_frag.XAB[0] (T_FRAG)                                  4.330    32.730
num_dffe_Q_EN_LUT4_O_I3_LUT2_O_I1_LUT4_O_I2_LUT4_O_I2_LUT2_I0_O_LUT2_O_9_I0_LUT2_O.t_frag.XZ[0] (T_FRAG)                                   1.251    33.981
num_dffe_Q_EN_LUT4_O_I3_LUT2_O_I1_LUT4_O_I2_LUT4_O_I2_LUT2_I0_O_LUT2_O_7_I0_LUT3_I0.t_frag.XSL[0] (T_FRAG)                                 3.122    37.103
num_dffe_Q_EN_LUT4_O_I3_LUT2_O_I1_LUT4_O_I2_LUT4_O_I2_LUT2_I0_O_LUT2_O_7_I0_LUT3_I0.t_frag.XZ[0] (T_FRAG)                                  1.406    38.509
num_dffe_Q_EN_LUT4_O_I3_LUT2_O_I1_LUT4_O_I2_LUT4_O_I1_LUT4_O_I3_LUT3_O_I2_LUT4_O.c_frag.TBS[0] (C_FRAG)                                    3.859    42.368
num_dffe_Q_EN_LUT4_O_I3_LUT2_O_I1_LUT4_O_I2_LUT4_O_I1_LUT4_O_I3_LUT3_O_I2_LUT4_O.c_frag.CZ[0] (C_FRAG)                                     0.996    43.364
num_dffe_Q_EN_LUT4_O_I3_LUT2_O_I1_LUT4_O_I2_LUT4_O_I1_LUT4_O_I3_LUT3_O.t_frag.XAB[0] (T_FRAG)                                              3.735    47.099
num_dffe_Q_EN_LUT4_O_I3_LUT2_O_I1_LUT4_O_I2_LUT4_O_I1_LUT4_O_I3_LUT3_O.t_frag.XZ[0] (T_FRAG)                                               1.305    48.404
num_dffe_Q_EN_LUT4_O_I3_LUT2_O_I1_LUT4_O_I2_LUT4_O_I1_LUT4_O.c_frag.TBS[0] (C_FRAG)                                                        5.563    53.967
num_dffe_Q_EN_LUT4_O_I3_LUT2_O_I1_LUT4_O_I2_LUT4_O_I1_LUT4_O.c_frag.CZ[0] (C_FRAG)                                                         0.996    54.963
num_dffe_Q_EN_LUT4_O_I3_LUT2_O_I1_LUT4_O_I2_LUT4_O.c_frag.TSL[0] (C_FRAG)                                                                  3.141    58.104
num_dffe_Q_EN_LUT4_O_I3_LUT2_O_I1_LUT4_O_I2_LUT4_O.c_frag.CZ[0] (C_FRAG)                                                                   1.593    59.697
num_dffe_Q_EN_LUT4_O_I3_LUT2_O_I1_LUT4_O_I3_LUT2_I0.t_frag.XAB[0] (T_FRAG)                                                                 4.857    64.553
num_dffe_Q_EN_LUT4_O_I3_LUT2_O_I1_LUT4_O_I3_LUT2_I0.t_frag.XZ[0] (T_FRAG)                                                                  1.251    65.804
num_dffe_Q_EN_LUT4_O_I3_LUT2_O_I1_LUT4_O_I2_LUT4_O_I2_LUT2_I0_O_LUT2_O_6.t_frag.XAB[0] (T_FRAG)                                            7.260    73.064
num_dffe_Q_EN_LUT4_O_I3_LUT2_O_I1_LUT4_O_I2_LUT4_O_I2_LUT2_I0_O_LUT2_O_6.t_frag.XZ[0] (T_FRAG)                                             1.305    74.369
delay_dff_Q_13.QD[0] (Q_FRAG)                                                                                                              0.000    74.369
data arrival time                                                                                                                                   74.369

clock clk (rise edge)                                                                                                                      0.000     0.000
clock source latency                                                                                                                       0.000     0.000
u_qlal4s3b_cell_macro.Sys_Clk0[0] (ASSP)                                                                                                   0.000     0.000
delay_dff_Q_13.QCK[0] (Q_FRAG)                                                                                                            14.070    14.070
clock uncertainty                                                                                                                          0.000    14.070
cell setup time                                                                                                                            0.105    14.175
data required time                                                                                                                                  14.175
----------------------------------------------------------------------------------------------------------------------------------------------------------
data required time                                                                                                                                  14.175
data arrival time                                                                                                                                  -74.369
----------------------------------------------------------------------------------------------------------------------------------------------------------
slack (VIOLATED)                                                                                                                                   -60.194


#Path 21
Startpoint: delay_dff_Q_23.QZ[0] (Q_FRAG clocked by clk)
Endpoint  : delay_dff_Q_12.QD[0] (Q_FRAG clocked by clk)
Path Type : setup

Point                                                                                                                                       Incr      Path
----------------------------------------------------------------------------------------------------------------------------------------------------------
clock clk (rise edge)                                                                                                                      0.000     0.000
clock source latency                                                                                                                       0.000     0.000
u_qlal4s3b_cell_macro.Sys_Clk0[0] (ASSP)                                                                                                   0.000     0.000
delay_dff_Q_23.QCK[0] (Q_FRAG)                                                                                                            12.136    12.136
delay_dff_Q_23.QZ[0] (Q_FRAG) [clock-to-output]                                                                                            1.701    13.838
num_dffe_Q_EN_LUT4_O_I3_LUT2_O_I1_LUT4_O_I2_LUT4_O_I2_LUT2_I0_O_LUT3_O_5_I2_LUT4_O.c_frag.BB2[0] (C_FRAG)                                  2.683    16.521
num_dffe_Q_EN_LUT4_O_I3_LUT2_O_I1_LUT4_O_I2_LUT4_O_I2_LUT2_I0_O_LUT3_O_5_I2_LUT4_O.c_frag.CZ[0] (C_FRAG)                                   1.552    18.073
num_dffe_Q_EN_LUT4_O_I3_LUT2_O_I1_LUT4_O_I2_LUT4_O_I2_LUT2_I0_O_LUT3_O_5_I2_LUT4_I3.c_frag.TBS[0] (C_FRAG)                                 3.514    21.587
num_dffe_Q_EN_LUT4_O_I3_LUT2_O_I1_LUT4_O_I2_LUT4_O_I2_LUT2_I0_O_LUT3_O_5_I2_LUT4_I3.c_frag.CZ[0] (C_FRAG)                                  0.996    22.583
num_dffe_Q_EN_LUT4_O_I3_LUT2_O_I1_LUT4_O_I2_LUT4_O_I2_LUT2_I0_O_LUT3_O_5_I2_LUT4_I3_O_LUT4_I3.c_frag.TBS[0] (C_FRAG)                       4.822    27.405
num_dffe_Q_EN_LUT4_O_I3_LUT2_O_I1_LUT4_O_I2_LUT4_O_I2_LUT2_I0_O_LUT3_O_5_I2_LUT4_I3_O_LUT4_I3.c_frag.CZ[0] (C_FRAG)                        0.996    28.401
num_dffe_Q_EN_LUT4_O_I3_LUT2_O_I1_LUT4_O_I2_LUT4_O_I2_LUT2_I0_O_LUT2_O_9_I0_LUT2_O.t_frag.XAB[0] (T_FRAG)                                  4.330    32.730
num_dffe_Q_EN_LUT4_O_I3_LUT2_O_I1_LUT4_O_I2_LUT4_O_I2_LUT2_I0_O_LUT2_O_9_I0_LUT2_O.t_frag.XZ[0] (T_FRAG)                                   1.251    33.981
num_dffe_Q_EN_LUT4_O_I3_LUT2_O_I1_LUT4_O_I2_LUT4_O_I2_LUT2_I0_O_LUT2_O_7_I0_LUT3_I0.t_frag.XSL[0] (T_FRAG)                                 3.122    37.103
num_dffe_Q_EN_LUT4_O_I3_LUT2_O_I1_LUT4_O_I2_LUT4_O_I2_LUT2_I0_O_LUT2_O_7_I0_LUT3_I0.t_frag.XZ[0] (T_FRAG)                                  1.406    38.509
num_dffe_Q_EN_LUT4_O_I3_LUT2_O_I1_LUT4_O_I2_LUT4_O_I1_LUT4_O_I3_LUT3_O_I2_LUT4_O.c_frag.TBS[0] (C_FRAG)                                    3.859    42.368
num_dffe_Q_EN_LUT4_O_I3_LUT2_O_I1_LUT4_O_I2_LUT4_O_I1_LUT4_O_I3_LUT3_O_I2_LUT4_O.c_frag.CZ[0] (C_FRAG)                                     0.996    43.364
num_dffe_Q_EN_LUT4_O_I3_LUT2_O_I1_LUT4_O_I2_LUT4_O_I1_LUT4_O_I3_LUT3_O.t_frag.XAB[0] (T_FRAG)                                              3.735    47.099
num_dffe_Q_EN_LUT4_O_I3_LUT2_O_I1_LUT4_O_I2_LUT4_O_I1_LUT4_O_I3_LUT3_O.t_frag.XZ[0] (T_FRAG)                                               1.305    48.404
num_dffe_Q_EN_LUT4_O_I3_LUT2_O_I1_LUT4_O_I2_LUT4_O_I1_LUT4_O.c_frag.TBS[0] (C_FRAG)                                                        5.563    53.967
num_dffe_Q_EN_LUT4_O_I3_LUT2_O_I1_LUT4_O_I2_LUT4_O_I1_LUT4_O.c_frag.CZ[0] (C_FRAG)                                                         0.996    54.963
num_dffe_Q_EN_LUT4_O_I3_LUT2_O_I1_LUT4_O_I2_LUT4_O.c_frag.TSL[0] (C_FRAG)                                                                  3.141    58.104
num_dffe_Q_EN_LUT4_O_I3_LUT2_O_I1_LUT4_O_I2_LUT4_O.c_frag.CZ[0] (C_FRAG)                                                                   1.593    59.697
num_dffe_Q_EN_LUT4_O_I3_LUT2_O_I1_LUT4_O_I3_LUT2_I0.t_frag.XAB[0] (T_FRAG)                                                                 4.857    64.553
num_dffe_Q_EN_LUT4_O_I3_LUT2_O_I1_LUT4_O_I3_LUT2_I0.t_frag.XZ[0] (T_FRAG)                                                                  1.251    65.804
num_dffe_Q_EN_LUT4_O_I3_LUT2_O_I1_LUT4_O_I2_LUT4_O_I2_LUT2_I0_O_LUT2_O_5.t_frag.XAB[0] (T_FRAG)                                            7.135    72.940
num_dffe_Q_EN_LUT4_O_I3_LUT2_O_I1_LUT4_O_I2_LUT4_O_I2_LUT2_I0_O_LUT2_O_5.t_frag.XZ[0] (T_FRAG)                                             1.305    74.245
delay_dff_Q_12.QD[0] (Q_FRAG)                                                                                                              0.000    74.245
data arrival time                                                                                                                                   74.245

clock clk (rise edge)                                                                                                                      0.000     0.000
clock source latency                                                                                                                       0.000     0.000
u_qlal4s3b_cell_macro.Sys_Clk0[0] (ASSP)                                                                                                   0.000     0.000
delay_dff_Q_12.QCK[0] (Q_FRAG)                                                                                                            14.021    14.021
clock uncertainty                                                                                                                          0.000    14.021
cell setup time                                                                                                                            0.105    14.126
data required time                                                                                                                                  14.126
----------------------------------------------------------------------------------------------------------------------------------------------------------
data required time                                                                                                                                  14.126
data arrival time                                                                                                                                  -74.245
----------------------------------------------------------------------------------------------------------------------------------------------------------
slack (VIOLATED)                                                                                                                                   -60.119


#Path 22
Startpoint: delay_dff_Q_23.QZ[0] (Q_FRAG clocked by clk)
Endpoint  : delay_dff_Q_21.QD[0] (Q_FRAG clocked by clk)
Path Type : setup

Point                                                                                                                                       Incr      Path
----------------------------------------------------------------------------------------------------------------------------------------------------------
clock clk (rise edge)                                                                                                                      0.000     0.000
clock source latency                                                                                                                       0.000     0.000
u_qlal4s3b_cell_macro.Sys_Clk0[0] (ASSP)                                                                                                   0.000     0.000
delay_dff_Q_23.QCK[0] (Q_FRAG)                                                                                                            12.136    12.136
delay_dff_Q_23.QZ[0] (Q_FRAG) [clock-to-output]                                                                                            1.701    13.838
num_dffe_Q_EN_LUT4_O_I3_LUT2_O_I1_LUT4_O_I2_LUT4_O_I2_LUT2_I0_O_LUT3_O_5_I2_LUT4_O.c_frag.BB2[0] (C_FRAG)                                  2.683    16.521
num_dffe_Q_EN_LUT4_O_I3_LUT2_O_I1_LUT4_O_I2_LUT4_O_I2_LUT2_I0_O_LUT3_O_5_I2_LUT4_O.c_frag.CZ[0] (C_FRAG)                                   1.552    18.073
num_dffe_Q_EN_LUT4_O_I3_LUT2_O_I1_LUT4_O_I2_LUT4_O_I2_LUT2_I0_O_LUT3_O_5_I2_LUT4_I3.c_frag.TBS[0] (C_FRAG)                                 3.514    21.587
num_dffe_Q_EN_LUT4_O_I3_LUT2_O_I1_LUT4_O_I2_LUT4_O_I2_LUT2_I0_O_LUT3_O_5_I2_LUT4_I3.c_frag.CZ[0] (C_FRAG)                                  0.996    22.583
num_dffe_Q_EN_LUT4_O_I3_LUT2_O_I1_LUT4_O_I2_LUT4_O_I2_LUT2_I0_O_LUT3_O_5_I2_LUT4_I3_O_LUT4_I3.c_frag.TBS[0] (C_FRAG)                       4.822    27.405
num_dffe_Q_EN_LUT4_O_I3_LUT2_O_I1_LUT4_O_I2_LUT4_O_I2_LUT2_I0_O_LUT3_O_5_I2_LUT4_I3_O_LUT4_I3.c_frag.CZ[0] (C_FRAG)                        0.996    28.401
num_dffe_Q_EN_LUT4_O_I3_LUT2_O_I1_LUT4_O_I2_LUT4_O_I2_LUT2_I0_O_LUT2_O_9_I0_LUT2_O.t_frag.XAB[0] (T_FRAG)                                  4.330    32.730
num_dffe_Q_EN_LUT4_O_I3_LUT2_O_I1_LUT4_O_I2_LUT4_O_I2_LUT2_I0_O_LUT2_O_9_I0_LUT2_O.t_frag.XZ[0] (T_FRAG)                                   1.251    33.981
num_dffe_Q_EN_LUT4_O_I3_LUT2_O_I1_LUT4_O_I2_LUT4_O_I2_LUT2_I0_O_LUT2_O_7_I0_LUT3_I0.t_frag.XSL[0] (T_FRAG)                                 3.122    37.103
num_dffe_Q_EN_LUT4_O_I3_LUT2_O_I1_LUT4_O_I2_LUT4_O_I2_LUT2_I0_O_LUT2_O_7_I0_LUT3_I0.t_frag.XZ[0] (T_FRAG)                                  1.406    38.509
num_dffe_Q_EN_LUT4_O_I3_LUT2_O_I1_LUT4_O_I2_LUT4_O_I1_LUT4_O_I3_LUT3_O_I2_LUT4_O.c_frag.TBS[0] (C_FRAG)                                    3.859    42.368
num_dffe_Q_EN_LUT4_O_I3_LUT2_O_I1_LUT4_O_I2_LUT4_O_I1_LUT4_O_I3_LUT3_O_I2_LUT4_O.c_frag.CZ[0] (C_FRAG)                                     0.996    43.364
num_dffe_Q_EN_LUT4_O_I3_LUT2_O_I1_LUT4_O_I2_LUT4_O_I1_LUT4_O_I3_LUT3_O.t_frag.XAB[0] (T_FRAG)                                              3.735    47.099
num_dffe_Q_EN_LUT4_O_I3_LUT2_O_I1_LUT4_O_I2_LUT4_O_I1_LUT4_O_I3_LUT3_O.t_frag.XZ[0] (T_FRAG)                                               1.305    48.404
num_dffe_Q_EN_LUT4_O_I3_LUT2_O_I1_LUT4_O_I2_LUT4_O_I1_LUT4_O.c_frag.TBS[0] (C_FRAG)                                                        5.563    53.967
num_dffe_Q_EN_LUT4_O_I3_LUT2_O_I1_LUT4_O_I2_LUT4_O_I1_LUT4_O.c_frag.CZ[0] (C_FRAG)                                                         0.996    54.963
num_dffe_Q_EN_LUT4_O_I3_LUT2_O_I1_LUT4_O_I2_LUT4_O.c_frag.TSL[0] (C_FRAG)                                                                  3.141    58.104
num_dffe_Q_EN_LUT4_O_I3_LUT2_O_I1_LUT4_O_I2_LUT4_O.c_frag.CZ[0] (C_FRAG)                                                                   1.593    59.697
num_dffe_Q_EN_LUT4_O_I3_LUT2_O_I1_LUT4_O_I3_LUT2_I0.t_frag.XAB[0] (T_FRAG)                                                                 4.857    64.553
num_dffe_Q_EN_LUT4_O_I3_LUT2_O_I1_LUT4_O_I3_LUT2_I0.t_frag.XZ[0] (T_FRAG)                                                                  1.251    65.804
num_dffe_Q_EN_LUT4_O_I3_LUT2_O_I1_LUT4_O_I2_LUT4_O_I2_LUT2_I0_O_LUT3_O_4.t_frag.XA2[0] (T_FRAG)                                            4.780    70.584
num_dffe_Q_EN_LUT4_O_I3_LUT2_O_I1_LUT4_O_I2_LUT4_O_I2_LUT2_I0_O_LUT3_O_4.t_frag.XZ[0] (T_FRAG)                                             1.605    72.190
delay_dff_Q_21.QD[0] (Q_FRAG)                                                                                                              0.000    72.190
data arrival time                                                                                                                                   72.190

clock clk (rise edge)                                                                                                                      0.000     0.000
clock source latency                                                                                                                       0.000     0.000
u_qlal4s3b_cell_macro.Sys_Clk0[0] (ASSP)                                                                                                   0.000     0.000
delay_dff_Q_21.QCK[0] (Q_FRAG)                                                                                                            12.041    12.041
clock uncertainty                                                                                                                          0.000    12.041
cell setup time                                                                                                                            0.105    12.147
data required time                                                                                                                                  12.147
----------------------------------------------------------------------------------------------------------------------------------------------------------
data required time                                                                                                                                  12.147
data arrival time                                                                                                                                  -72.190
----------------------------------------------------------------------------------------------------------------------------------------------------------
slack (VIOLATED)                                                                                                                                   -60.043


#Path 23
Startpoint: delay_dff_Q_23.QZ[0] (Q_FRAG clocked by clk)
Endpoint  : delay_dff_Q_22.QD[0] (Q_FRAG clocked by clk)
Path Type : setup

Point                                                                                                                                       Incr      Path
----------------------------------------------------------------------------------------------------------------------------------------------------------
clock clk (rise edge)                                                                                                                      0.000     0.000
clock source latency                                                                                                                       0.000     0.000
u_qlal4s3b_cell_macro.Sys_Clk0[0] (ASSP)                                                                                                   0.000     0.000
delay_dff_Q_23.QCK[0] (Q_FRAG)                                                                                                            12.136    12.136
delay_dff_Q_23.QZ[0] (Q_FRAG) [clock-to-output]                                                                                            1.701    13.838
num_dffe_Q_EN_LUT4_O_I3_LUT2_O_I1_LUT4_O_I2_LUT4_O_I2_LUT2_I0_O_LUT3_O_5_I2_LUT4_O.c_frag.BB2[0] (C_FRAG)                                  2.683    16.521
num_dffe_Q_EN_LUT4_O_I3_LUT2_O_I1_LUT4_O_I2_LUT4_O_I2_LUT2_I0_O_LUT3_O_5_I2_LUT4_O.c_frag.CZ[0] (C_FRAG)                                   1.552    18.073
num_dffe_Q_EN_LUT4_O_I3_LUT2_O_I1_LUT4_O_I2_LUT4_O_I2_LUT2_I0_O_LUT3_O_5_I2_LUT4_I3.c_frag.TBS[0] (C_FRAG)                                 3.514    21.587
num_dffe_Q_EN_LUT4_O_I3_LUT2_O_I1_LUT4_O_I2_LUT4_O_I2_LUT2_I0_O_LUT3_O_5_I2_LUT4_I3.c_frag.CZ[0] (C_FRAG)                                  0.996    22.583
num_dffe_Q_EN_LUT4_O_I3_LUT2_O_I1_LUT4_O_I2_LUT4_O_I2_LUT2_I0_O_LUT3_O_5_I2_LUT4_I3_O_LUT4_I3.c_frag.TBS[0] (C_FRAG)                       4.822    27.405
num_dffe_Q_EN_LUT4_O_I3_LUT2_O_I1_LUT4_O_I2_LUT4_O_I2_LUT2_I0_O_LUT3_O_5_I2_LUT4_I3_O_LUT4_I3.c_frag.CZ[0] (C_FRAG)                        0.996    28.401
num_dffe_Q_EN_LUT4_O_I3_LUT2_O_I1_LUT4_O_I2_LUT4_O_I2_LUT2_I0_O_LUT2_O_9_I0_LUT2_O.t_frag.XAB[0] (T_FRAG)                                  4.330    32.730
num_dffe_Q_EN_LUT4_O_I3_LUT2_O_I1_LUT4_O_I2_LUT4_O_I2_LUT2_I0_O_LUT2_O_9_I0_LUT2_O.t_frag.XZ[0] (T_FRAG)                                   1.251    33.981
num_dffe_Q_EN_LUT4_O_I3_LUT2_O_I1_LUT4_O_I2_LUT4_O_I2_LUT2_I0_O_LUT2_O_7_I0_LUT3_I0.t_frag.XSL[0] (T_FRAG)                                 3.122    37.103
num_dffe_Q_EN_LUT4_O_I3_LUT2_O_I1_LUT4_O_I2_LUT4_O_I2_LUT2_I0_O_LUT2_O_7_I0_LUT3_I0.t_frag.XZ[0] (T_FRAG)                                  1.406    38.509
num_dffe_Q_EN_LUT4_O_I3_LUT2_O_I1_LUT4_O_I2_LUT4_O_I1_LUT4_O_I3_LUT3_O_I2_LUT4_O.c_frag.TBS[0] (C_FRAG)                                    3.859    42.368
num_dffe_Q_EN_LUT4_O_I3_LUT2_O_I1_LUT4_O_I2_LUT4_O_I1_LUT4_O_I3_LUT3_O_I2_LUT4_O.c_frag.CZ[0] (C_FRAG)                                     0.996    43.364
num_dffe_Q_EN_LUT4_O_I3_LUT2_O_I1_LUT4_O_I2_LUT4_O_I1_LUT4_O_I3_LUT3_O.t_frag.XAB[0] (T_FRAG)                                              3.735    47.099
num_dffe_Q_EN_LUT4_O_I3_LUT2_O_I1_LUT4_O_I2_LUT4_O_I1_LUT4_O_I3_LUT3_O.t_frag.XZ[0] (T_FRAG)                                               1.305    48.404
num_dffe_Q_EN_LUT4_O_I3_LUT2_O_I1_LUT4_O_I2_LUT4_O_I1_LUT4_O.c_frag.TBS[0] (C_FRAG)                                                        5.563    53.967
num_dffe_Q_EN_LUT4_O_I3_LUT2_O_I1_LUT4_O_I2_LUT4_O_I1_LUT4_O.c_frag.CZ[0] (C_FRAG)                                                         0.996    54.963
num_dffe_Q_EN_LUT4_O_I3_LUT2_O_I1_LUT4_O_I2_LUT4_O.c_frag.TSL[0] (C_FRAG)                                                                  3.141    58.104
num_dffe_Q_EN_LUT4_O_I3_LUT2_O_I1_LUT4_O_I2_LUT4_O.c_frag.CZ[0] (C_FRAG)                                                                   1.593    59.697
num_dffe_Q_EN_LUT4_O_I3_LUT2_O_I1_LUT4_O_I3_LUT2_I0.t_frag.XAB[0] (T_FRAG)                                                                 4.857    64.553
num_dffe_Q_EN_LUT4_O_I3_LUT2_O_I1_LUT4_O_I3_LUT2_I0.t_frag.XZ[0] (T_FRAG)                                                                  1.251    65.804
num_dffe_Q_EN_LUT4_O_I3_LUT2_O_I1_LUT4_O_I2_LUT4_O_I2_LUT2_I0_O_LUT3_O_5.t_frag.XA2[0] (T_FRAG)                                            3.787    69.591
num_dffe_Q_EN_LUT4_O_I3_LUT2_O_I1_LUT4_O_I2_LUT4_O_I2_LUT2_I0_O_LUT3_O_5.t_frag.XZ[0] (T_FRAG)                                             1.605    71.196
delay_dff_Q_22.QD[0] (Q_FRAG)                                                                                                              0.000    71.196
data arrival time                                                                                                                                   71.196

clock clk (rise edge)                                                                                                                      0.000     0.000
clock source latency                                                                                                                       0.000     0.000
u_qlal4s3b_cell_macro.Sys_Clk0[0] (ASSP)                                                                                                   0.000     0.000
delay_dff_Q_22.QCK[0] (Q_FRAG)                                                                                                            11.276    11.276
clock uncertainty                                                                                                                          0.000    11.276
cell setup time                                                                                                                            0.105    11.381
data required time                                                                                                                                  11.381
----------------------------------------------------------------------------------------------------------------------------------------------------------
data required time                                                                                                                                  11.381
data arrival time                                                                                                                                  -71.196
----------------------------------------------------------------------------------------------------------------------------------------------------------
slack (VIOLATED)                                                                                                                                   -59.815


#Path 24
Startpoint: delay_dff_Q_23.QZ[0] (Q_FRAG clocked by clk)
Endpoint  : delay_dff_Q_19.QD[0] (Q_FRAG clocked by clk)
Path Type : setup

Point                                                                                                                                       Incr      Path
----------------------------------------------------------------------------------------------------------------------------------------------------------
clock clk (rise edge)                                                                                                                      0.000     0.000
clock source latency                                                                                                                       0.000     0.000
u_qlal4s3b_cell_macro.Sys_Clk0[0] (ASSP)                                                                                                   0.000     0.000
delay_dff_Q_23.QCK[0] (Q_FRAG)                                                                                                            12.136    12.136
delay_dff_Q_23.QZ[0] (Q_FRAG) [clock-to-output]                                                                                            1.701    13.838
num_dffe_Q_EN_LUT4_O_I3_LUT2_O_I1_LUT4_O_I2_LUT4_O_I2_LUT2_I0_O_LUT3_O_5_I2_LUT4_O.c_frag.BB2[0] (C_FRAG)                                  2.683    16.521
num_dffe_Q_EN_LUT4_O_I3_LUT2_O_I1_LUT4_O_I2_LUT4_O_I2_LUT2_I0_O_LUT3_O_5_I2_LUT4_O.c_frag.CZ[0] (C_FRAG)                                   1.552    18.073
num_dffe_Q_EN_LUT4_O_I3_LUT2_O_I1_LUT4_O_I2_LUT4_O_I2_LUT2_I0_O_LUT3_O_5_I2_LUT4_I3.c_frag.TBS[0] (C_FRAG)                                 3.514    21.587
num_dffe_Q_EN_LUT4_O_I3_LUT2_O_I1_LUT4_O_I2_LUT4_O_I2_LUT2_I0_O_LUT3_O_5_I2_LUT4_I3.c_frag.CZ[0] (C_FRAG)                                  0.996    22.583
num_dffe_Q_EN_LUT4_O_I3_LUT2_O_I1_LUT4_O_I2_LUT4_O_I2_LUT2_I0_O_LUT3_O_5_I2_LUT4_I3_O_LUT4_I3.c_frag.TBS[0] (C_FRAG)                       4.822    27.405
num_dffe_Q_EN_LUT4_O_I3_LUT2_O_I1_LUT4_O_I2_LUT4_O_I2_LUT2_I0_O_LUT3_O_5_I2_LUT4_I3_O_LUT4_I3.c_frag.CZ[0] (C_FRAG)                        0.996    28.401
num_dffe_Q_EN_LUT4_O_I3_LUT2_O_I1_LUT4_O_I2_LUT4_O_I2_LUT2_I0_O_LUT2_O_9_I0_LUT2_O.t_frag.XAB[0] (T_FRAG)                                  4.330    32.730
num_dffe_Q_EN_LUT4_O_I3_LUT2_O_I1_LUT4_O_I2_LUT4_O_I2_LUT2_I0_O_LUT2_O_9_I0_LUT2_O.t_frag.XZ[0] (T_FRAG)                                   1.251    33.981
num_dffe_Q_EN_LUT4_O_I3_LUT2_O_I1_LUT4_O_I2_LUT4_O_I2_LUT2_I0_O_LUT2_O_7_I0_LUT3_I0.t_frag.XSL[0] (T_FRAG)                                 3.122    37.103
num_dffe_Q_EN_LUT4_O_I3_LUT2_O_I1_LUT4_O_I2_LUT4_O_I2_LUT2_I0_O_LUT2_O_7_I0_LUT3_I0.t_frag.XZ[0] (T_FRAG)                                  1.406    38.509
num_dffe_Q_EN_LUT4_O_I3_LUT2_O_I1_LUT4_O_I2_LUT4_O_I1_LUT4_O_I3_LUT3_O_I2_LUT4_O.c_frag.TBS[0] (C_FRAG)                                    3.859    42.368
num_dffe_Q_EN_LUT4_O_I3_LUT2_O_I1_LUT4_O_I2_LUT4_O_I1_LUT4_O_I3_LUT3_O_I2_LUT4_O.c_frag.CZ[0] (C_FRAG)                                     0.996    43.364
num_dffe_Q_EN_LUT4_O_I3_LUT2_O_I1_LUT4_O_I2_LUT4_O_I1_LUT4_O_I3_LUT3_O.t_frag.XAB[0] (T_FRAG)                                              3.735    47.099
num_dffe_Q_EN_LUT4_O_I3_LUT2_O_I1_LUT4_O_I2_LUT4_O_I1_LUT4_O_I3_LUT3_O.t_frag.XZ[0] (T_FRAG)                                               1.305    48.404
num_dffe_Q_EN_LUT4_O_I3_LUT2_O_I1_LUT4_O_I2_LUT4_O_I1_LUT4_O.c_frag.TBS[0] (C_FRAG)                                                        5.563    53.967
num_dffe_Q_EN_LUT4_O_I3_LUT2_O_I1_LUT4_O_I2_LUT4_O_I1_LUT4_O.c_frag.CZ[0] (C_FRAG)                                                         0.996    54.963
num_dffe_Q_EN_LUT4_O_I3_LUT2_O_I1_LUT4_O_I2_LUT4_O.c_frag.TSL[0] (C_FRAG)                                                                  3.141    58.104
num_dffe_Q_EN_LUT4_O_I3_LUT2_O_I1_LUT4_O_I2_LUT4_O.c_frag.CZ[0] (C_FRAG)                                                                   1.593    59.697
num_dffe_Q_EN_LUT4_O_I3_LUT2_O_I1_LUT4_O_I3_LUT2_I0.t_frag.XAB[0] (T_FRAG)                                                                 4.857    64.553
num_dffe_Q_EN_LUT4_O_I3_LUT2_O_I1_LUT4_O_I3_LUT2_I0.t_frag.XZ[0] (T_FRAG)                                                                  1.251    65.804
num_dffe_Q_EN_LUT4_O_I3_LUT2_O_I1_LUT4_O_I2_LUT4_O_I2_LUT2_I0_O_LUT3_O_3.t_frag.XA2[0] (T_FRAG)                                            5.484    71.288
num_dffe_Q_EN_LUT4_O_I3_LUT2_O_I1_LUT4_O_I2_LUT4_O_I2_LUT2_I0_O_LUT3_O_3.t_frag.XZ[0] (T_FRAG)                                             1.605    72.894
delay_dff_Q_19.QD[0] (Q_FRAG)                                                                                                              0.000    72.894
data arrival time                                                                                                                                   72.894

clock clk (rise edge)                                                                                                                      0.000     0.000
clock source latency                                                                                                                       0.000     0.000
u_qlal4s3b_cell_macro.Sys_Clk0[0] (ASSP)                                                                                                   0.000     0.000
delay_dff_Q_19.QCK[0] (Q_FRAG)                                                                                                            13.110    13.110
clock uncertainty                                                                                                                          0.000    13.110
cell setup time                                                                                                                            0.105    13.216
data required time                                                                                                                                  13.216
----------------------------------------------------------------------------------------------------------------------------------------------------------
data required time                                                                                                                                  13.216
data arrival time                                                                                                                                  -72.894
----------------------------------------------------------------------------------------------------------------------------------------------------------
slack (VIOLATED)                                                                                                                                   -59.678


#Path 25
Startpoint: delay_dff_Q_23.QZ[0] (Q_FRAG clocked by clk)
Endpoint  : delay_dff_Q_9.QD[0] (Q_FRAG clocked by clk)
Path Type : setup

Point                                                                                                                                       Incr      Path
----------------------------------------------------------------------------------------------------------------------------------------------------------
clock clk (rise edge)                                                                                                                      0.000     0.000
clock source latency                                                                                                                       0.000     0.000
u_qlal4s3b_cell_macro.Sys_Clk0[0] (ASSP)                                                                                                   0.000     0.000
delay_dff_Q_23.QCK[0] (Q_FRAG)                                                                                                            12.136    12.136
delay_dff_Q_23.QZ[0] (Q_FRAG) [clock-to-output]                                                                                            1.701    13.838
num_dffe_Q_EN_LUT4_O_I3_LUT2_O_I1_LUT4_O_I2_LUT4_O_I2_LUT2_I0_O_LUT3_O_5_I2_LUT4_O.c_frag.BB2[0] (C_FRAG)                                  2.683    16.521
num_dffe_Q_EN_LUT4_O_I3_LUT2_O_I1_LUT4_O_I2_LUT4_O_I2_LUT2_I0_O_LUT3_O_5_I2_LUT4_O.c_frag.CZ[0] (C_FRAG)                                   1.552    18.073
num_dffe_Q_EN_LUT4_O_I3_LUT2_O_I1_LUT4_O_I2_LUT4_O_I2_LUT2_I0_O_LUT3_O_5_I2_LUT4_I3.c_frag.TBS[0] (C_FRAG)                                 3.514    21.587
num_dffe_Q_EN_LUT4_O_I3_LUT2_O_I1_LUT4_O_I2_LUT4_O_I2_LUT2_I0_O_LUT3_O_5_I2_LUT4_I3.c_frag.CZ[0] (C_FRAG)                                  0.996    22.583
num_dffe_Q_EN_LUT4_O_I3_LUT2_O_I1_LUT4_O_I2_LUT4_O_I2_LUT2_I0_O_LUT3_O_5_I2_LUT4_I3_O_LUT4_I3.c_frag.TBS[0] (C_FRAG)                       4.822    27.405
num_dffe_Q_EN_LUT4_O_I3_LUT2_O_I1_LUT4_O_I2_LUT4_O_I2_LUT2_I0_O_LUT3_O_5_I2_LUT4_I3_O_LUT4_I3.c_frag.CZ[0] (C_FRAG)                        0.996    28.401
num_dffe_Q_EN_LUT4_O_I3_LUT2_O_I1_LUT4_O_I2_LUT4_O_I2_LUT2_I0_O_LUT2_O_9_I0_LUT2_O.t_frag.XAB[0] (T_FRAG)                                  4.330    32.730
num_dffe_Q_EN_LUT4_O_I3_LUT2_O_I1_LUT4_O_I2_LUT4_O_I2_LUT2_I0_O_LUT2_O_9_I0_LUT2_O.t_frag.XZ[0] (T_FRAG)                                   1.251    33.981
num_dffe_Q_EN_LUT4_O_I3_LUT2_O_I1_LUT4_O_I2_LUT4_O_I2_LUT2_I0_O_LUT2_O_7_I0_LUT3_I0.t_frag.XSL[0] (T_FRAG)                                 3.122    37.103
num_dffe_Q_EN_LUT4_O_I3_LUT2_O_I1_LUT4_O_I2_LUT4_O_I2_LUT2_I0_O_LUT2_O_7_I0_LUT3_I0.t_frag.XZ[0] (T_FRAG)                                  1.406    38.509
num_dffe_Q_EN_LUT4_O_I3_LUT2_O_I1_LUT4_O_I2_LUT4_O_I1_LUT4_O_I3_LUT3_O_I2_LUT4_O.c_frag.TBS[0] (C_FRAG)                                    3.859    42.368
num_dffe_Q_EN_LUT4_O_I3_LUT2_O_I1_LUT4_O_I2_LUT4_O_I1_LUT4_O_I3_LUT3_O_I2_LUT4_O.c_frag.CZ[0] (C_FRAG)                                     0.996    43.364
num_dffe_Q_EN_LUT4_O_I3_LUT2_O_I1_LUT4_O_I2_LUT4_O_I1_LUT4_O_I3_LUT3_O.t_frag.XAB[0] (T_FRAG)                                              3.735    47.099
num_dffe_Q_EN_LUT4_O_I3_LUT2_O_I1_LUT4_O_I2_LUT4_O_I1_LUT4_O_I3_LUT3_O.t_frag.XZ[0] (T_FRAG)                                               1.305    48.404
num_dffe_Q_EN_LUT4_O_I3_LUT2_O_I1_LUT4_O_I2_LUT4_O_I1_LUT4_O.c_frag.TBS[0] (C_FRAG)                                                        5.563    53.967
num_dffe_Q_EN_LUT4_O_I3_LUT2_O_I1_LUT4_O_I2_LUT4_O_I1_LUT4_O.c_frag.CZ[0] (C_FRAG)                                                         0.996    54.963
num_dffe_Q_EN_LUT4_O_I3_LUT2_O_I1_LUT4_O_I2_LUT4_O.c_frag.TSL[0] (C_FRAG)                                                                  3.141    58.104
num_dffe_Q_EN_LUT4_O_I3_LUT2_O_I1_LUT4_O_I2_LUT4_O.c_frag.CZ[0] (C_FRAG)                                                                   1.593    59.697
num_dffe_Q_EN_LUT4_O_I3_LUT2_O_I1_LUT4_O_I3_LUT2_I0.t_frag.XAB[0] (T_FRAG)                                                                 4.857    64.553
num_dffe_Q_EN_LUT4_O_I3_LUT2_O_I1_LUT4_O_I3_LUT2_I0.t_frag.XZ[0] (T_FRAG)                                                                  1.251    65.804
num_dffe_Q_EN_LUT4_O_I3_LUT2_O_I1_LUT4_O_I2_LUT4_O_I2_LUT2_I0_O_LUT3_O_1.t_frag.XA2[0] (T_FRAG)                                            4.201    70.005
num_dffe_Q_EN_LUT4_O_I3_LUT2_O_I1_LUT4_O_I2_LUT4_O_I2_LUT2_I0_O_LUT3_O_1.t_frag.XZ[0] (T_FRAG)                                             1.605    71.611
delay_dff_Q_9.QD[0] (Q_FRAG)                                                                                                               0.000    71.611
data arrival time                                                                                                                                   71.611

clock clk (rise edge)                                                                                                                      0.000     0.000
clock source latency                                                                                                                       0.000     0.000
u_qlal4s3b_cell_macro.Sys_Clk0[0] (ASSP)                                                                                                   0.000     0.000
delay_dff_Q_9.QCK[0] (Q_FRAG)                                                                                                             12.180    12.180
clock uncertainty                                                                                                                          0.000    12.180
cell setup time                                                                                                                            0.105    12.285
data required time                                                                                                                                  12.285
----------------------------------------------------------------------------------------------------------------------------------------------------------
data required time                                                                                                                                  12.285
data arrival time                                                                                                                                  -71.611
----------------------------------------------------------------------------------------------------------------------------------------------------------
slack (VIOLATED)                                                                                                                                   -59.326


#Path 26
Startpoint: delay_dff_Q_23.QZ[0] (Q_FRAG clocked by clk)
Endpoint  : delay_dff_Q_11.QD[0] (Q_FRAG clocked by clk)
Path Type : setup

Point                                                                                                                                       Incr      Path
----------------------------------------------------------------------------------------------------------------------------------------------------------
clock clk (rise edge)                                                                                                                      0.000     0.000
clock source latency                                                                                                                       0.000     0.000
u_qlal4s3b_cell_macro.Sys_Clk0[0] (ASSP)                                                                                                   0.000     0.000
delay_dff_Q_23.QCK[0] (Q_FRAG)                                                                                                            12.136    12.136
delay_dff_Q_23.QZ[0] (Q_FRAG) [clock-to-output]                                                                                            1.701    13.838
num_dffe_Q_EN_LUT4_O_I3_LUT2_O_I1_LUT4_O_I2_LUT4_O_I2_LUT2_I0_O_LUT3_O_5_I2_LUT4_O.c_frag.BB2[0] (C_FRAG)                                  2.683    16.521
num_dffe_Q_EN_LUT4_O_I3_LUT2_O_I1_LUT4_O_I2_LUT4_O_I2_LUT2_I0_O_LUT3_O_5_I2_LUT4_O.c_frag.CZ[0] (C_FRAG)                                   1.552    18.073
num_dffe_Q_EN_LUT4_O_I3_LUT2_O_I1_LUT4_O_I2_LUT4_O_I2_LUT2_I0_O_LUT3_O_5_I2_LUT4_I3.c_frag.TBS[0] (C_FRAG)                                 3.514    21.587
num_dffe_Q_EN_LUT4_O_I3_LUT2_O_I1_LUT4_O_I2_LUT4_O_I2_LUT2_I0_O_LUT3_O_5_I2_LUT4_I3.c_frag.CZ[0] (C_FRAG)                                  0.996    22.583
num_dffe_Q_EN_LUT4_O_I3_LUT2_O_I1_LUT4_O_I2_LUT4_O_I2_LUT2_I0_O_LUT3_O_5_I2_LUT4_I3_O_LUT4_I3.c_frag.TBS[0] (C_FRAG)                       4.822    27.405
num_dffe_Q_EN_LUT4_O_I3_LUT2_O_I1_LUT4_O_I2_LUT4_O_I2_LUT2_I0_O_LUT3_O_5_I2_LUT4_I3_O_LUT4_I3.c_frag.CZ[0] (C_FRAG)                        0.996    28.401
num_dffe_Q_EN_LUT4_O_I3_LUT2_O_I1_LUT4_O_I2_LUT4_O_I2_LUT2_I0_O_LUT2_O_9_I0_LUT2_O.t_frag.XAB[0] (T_FRAG)                                  4.330    32.730
num_dffe_Q_EN_LUT4_O_I3_LUT2_O_I1_LUT4_O_I2_LUT4_O_I2_LUT2_I0_O_LUT2_O_9_I0_LUT2_O.t_frag.XZ[0] (T_FRAG)                                   1.251    33.981
num_dffe_Q_EN_LUT4_O_I3_LUT2_O_I1_LUT4_O_I2_LUT4_O_I2_LUT2_I0_O_LUT2_O_7_I0_LUT3_I0.t_frag.XSL[0] (T_FRAG)                                 3.122    37.103
num_dffe_Q_EN_LUT4_O_I3_LUT2_O_I1_LUT4_O_I2_LUT4_O_I2_LUT2_I0_O_LUT2_O_7_I0_LUT3_I0.t_frag.XZ[0] (T_FRAG)                                  1.406    38.509
num_dffe_Q_EN_LUT4_O_I3_LUT2_O_I1_LUT4_O_I2_LUT4_O_I1_LUT4_O_I3_LUT3_O_I2_LUT4_O.c_frag.TBS[0] (C_FRAG)                                    3.859    42.368
num_dffe_Q_EN_LUT4_O_I3_LUT2_O_I1_LUT4_O_I2_LUT4_O_I1_LUT4_O_I3_LUT3_O_I2_LUT4_O.c_frag.CZ[0] (C_FRAG)                                     0.996    43.364
num_dffe_Q_EN_LUT4_O_I3_LUT2_O_I1_LUT4_O_I2_LUT4_O_I1_LUT4_O_I3_LUT3_O.t_frag.XAB[0] (T_FRAG)                                              3.735    47.099
num_dffe_Q_EN_LUT4_O_I3_LUT2_O_I1_LUT4_O_I2_LUT4_O_I1_LUT4_O_I3_LUT3_O.t_frag.XZ[0] (T_FRAG)                                               1.305    48.404
num_dffe_Q_EN_LUT4_O_I3_LUT2_O_I1_LUT4_O_I2_LUT4_O_I1_LUT4_O.c_frag.TBS[0] (C_FRAG)                                                        5.563    53.967
num_dffe_Q_EN_LUT4_O_I3_LUT2_O_I1_LUT4_O_I2_LUT4_O_I1_LUT4_O.c_frag.CZ[0] (C_FRAG)                                                         0.996    54.963
num_dffe_Q_EN_LUT4_O_I3_LUT2_O_I1_LUT4_O_I2_LUT4_O.c_frag.TSL[0] (C_FRAG)                                                                  3.141    58.104
num_dffe_Q_EN_LUT4_O_I3_LUT2_O_I1_LUT4_O_I2_LUT4_O.c_frag.CZ[0] (C_FRAG)                                                                   1.593    59.697
num_dffe_Q_EN_LUT4_O_I3_LUT2_O_I1_LUT4_O_I3_LUT2_I0.t_frag.XAB[0] (T_FRAG)                                                                 4.857    64.553
num_dffe_Q_EN_LUT4_O_I3_LUT2_O_I1_LUT4_O_I3_LUT2_I0.t_frag.XZ[0] (T_FRAG)                                                                  1.251    65.804
num_dffe_Q_EN_LUT4_O_I3_LUT2_O_I1_LUT4_O_I2_LUT4_O_I2_LUT2_I0_O_LUT2_O_4.t_frag.XAB[0] (T_FRAG)                                            5.184    70.988
num_dffe_Q_EN_LUT4_O_I3_LUT2_O_I1_LUT4_O_I2_LUT4_O_I2_LUT2_I0_O_LUT2_O_4.t_frag.XZ[0] (T_FRAG)                                             1.305    72.294
delay_dff_Q_11.QD[0] (Q_FRAG)                                                                                                              0.000    72.294
data arrival time                                                                                                                                   72.294

clock clk (rise edge)                                                                                                                      0.000     0.000
clock source latency                                                                                                                       0.000     0.000
u_qlal4s3b_cell_macro.Sys_Clk0[0] (ASSP)                                                                                                   0.000     0.000
delay_dff_Q_11.QCK[0] (Q_FRAG)                                                                                                            12.929    12.929
clock uncertainty                                                                                                                          0.000    12.929
cell setup time                                                                                                                            0.105    13.034
data required time                                                                                                                                  13.034
----------------------------------------------------------------------------------------------------------------------------------------------------------
data required time                                                                                                                                  13.034
data arrival time                                                                                                                                  -72.294
----------------------------------------------------------------------------------------------------------------------------------------------------------
slack (VIOLATED)                                                                                                                                   -59.259


#Path 27
Startpoint: delay_dff_Q_23.QZ[0] (Q_FRAG clocked by clk)
Endpoint  : delay_dff_Q_24.QD[0] (Q_FRAG clocked by clk)
Path Type : setup

Point                                                                                                                                       Incr      Path
----------------------------------------------------------------------------------------------------------------------------------------------------------
clock clk (rise edge)                                                                                                                      0.000     0.000
clock source latency                                                                                                                       0.000     0.000
u_qlal4s3b_cell_macro.Sys_Clk0[0] (ASSP)                                                                                                   0.000     0.000
delay_dff_Q_23.QCK[0] (Q_FRAG)                                                                                                            12.136    12.136
delay_dff_Q_23.QZ[0] (Q_FRAG) [clock-to-output]                                                                                            1.701    13.838
num_dffe_Q_EN_LUT4_O_I3_LUT2_O_I1_LUT4_O_I2_LUT4_O_I2_LUT2_I0_O_LUT3_O_5_I2_LUT4_O.c_frag.BB2[0] (C_FRAG)                                  2.683    16.521
num_dffe_Q_EN_LUT4_O_I3_LUT2_O_I1_LUT4_O_I2_LUT4_O_I2_LUT2_I0_O_LUT3_O_5_I2_LUT4_O.c_frag.CZ[0] (C_FRAG)                                   1.552    18.073
num_dffe_Q_EN_LUT4_O_I3_LUT2_O_I1_LUT4_O_I2_LUT4_O_I2_LUT2_I0_O_LUT3_O_5_I2_LUT4_I3.c_frag.TBS[0] (C_FRAG)                                 3.514    21.587
num_dffe_Q_EN_LUT4_O_I3_LUT2_O_I1_LUT4_O_I2_LUT4_O_I2_LUT2_I0_O_LUT3_O_5_I2_LUT4_I3.c_frag.CZ[0] (C_FRAG)                                  0.996    22.583
num_dffe_Q_EN_LUT4_O_I3_LUT2_O_I1_LUT4_O_I2_LUT4_O_I2_LUT2_I0_O_LUT3_O_5_I2_LUT4_I3_O_LUT4_I3.c_frag.TBS[0] (C_FRAG)                       4.822    27.405
num_dffe_Q_EN_LUT4_O_I3_LUT2_O_I1_LUT4_O_I2_LUT4_O_I2_LUT2_I0_O_LUT3_O_5_I2_LUT4_I3_O_LUT4_I3.c_frag.CZ[0] (C_FRAG)                        0.996    28.401
num_dffe_Q_EN_LUT4_O_I3_LUT2_O_I1_LUT4_O_I2_LUT4_O_I2_LUT2_I0_O_LUT2_O_9_I0_LUT2_O.t_frag.XAB[0] (T_FRAG)                                  4.330    32.730
num_dffe_Q_EN_LUT4_O_I3_LUT2_O_I1_LUT4_O_I2_LUT4_O_I2_LUT2_I0_O_LUT2_O_9_I0_LUT2_O.t_frag.XZ[0] (T_FRAG)                                   1.251    33.981
num_dffe_Q_EN_LUT4_O_I3_LUT2_O_I1_LUT4_O_I2_LUT4_O_I2_LUT2_I0_O_LUT2_O_7_I0_LUT3_I0.t_frag.XSL[0] (T_FRAG)                                 3.122    37.103
num_dffe_Q_EN_LUT4_O_I3_LUT2_O_I1_LUT4_O_I2_LUT4_O_I2_LUT2_I0_O_LUT2_O_7_I0_LUT3_I0.t_frag.XZ[0] (T_FRAG)                                  1.406    38.509
num_dffe_Q_EN_LUT4_O_I3_LUT2_O_I1_LUT4_O_I2_LUT4_O_I1_LUT4_O_I3_LUT3_O_I2_LUT4_O.c_frag.TBS[0] (C_FRAG)                                    3.859    42.368
num_dffe_Q_EN_LUT4_O_I3_LUT2_O_I1_LUT4_O_I2_LUT4_O_I1_LUT4_O_I3_LUT3_O_I2_LUT4_O.c_frag.CZ[0] (C_FRAG)                                     0.996    43.364
num_dffe_Q_EN_LUT4_O_I3_LUT2_O_I1_LUT4_O_I2_LUT4_O_I1_LUT4_O_I3_LUT3_O.t_frag.XAB[0] (T_FRAG)                                              3.735    47.099
num_dffe_Q_EN_LUT4_O_I3_LUT2_O_I1_LUT4_O_I2_LUT4_O_I1_LUT4_O_I3_LUT3_O.t_frag.XZ[0] (T_FRAG)                                               1.305    48.404
num_dffe_Q_EN_LUT4_O_I3_LUT2_O_I1_LUT4_O_I2_LUT4_O_I1_LUT4_O.c_frag.TBS[0] (C_FRAG)                                                        5.563    53.967
num_dffe_Q_EN_LUT4_O_I3_LUT2_O_I1_LUT4_O_I2_LUT4_O_I1_LUT4_O.c_frag.CZ[0] (C_FRAG)                                                         0.996    54.963
num_dffe_Q_EN_LUT4_O_I3_LUT2_O_I1_LUT4_O_I2_LUT4_O.c_frag.TSL[0] (C_FRAG)                                                                  3.141    58.104
num_dffe_Q_EN_LUT4_O_I3_LUT2_O_I1_LUT4_O_I2_LUT4_O.c_frag.CZ[0] (C_FRAG)                                                                   1.593    59.697
num_dffe_Q_EN_LUT4_O_I3_LUT2_O_I1_LUT4_O_I3_LUT2_I0.t_frag.XAB[0] (T_FRAG)                                                                 4.857    64.553
num_dffe_Q_EN_LUT4_O_I3_LUT2_O_I1_LUT4_O_I3_LUT2_I0.t_frag.XZ[0] (T_FRAG)                                                                  1.251    65.804
num_dffe_Q_EN_LUT4_O_I3_LUT2_O_I1_LUT4_O_I2_LUT4_O_I2_LUT2_I0_O_LUT2_O_12.t_frag.XAB[0] (T_FRAG)                                           3.487    69.292
num_dffe_Q_EN_LUT4_O_I3_LUT2_O_I1_LUT4_O_I2_LUT4_O_I2_LUT2_I0_O_LUT2_O_12.t_frag.XZ[0] (T_FRAG)                                            1.305    70.597
delay_dff_Q_24.QD[0] (Q_FRAG)                                                                                                              0.000    70.597
data arrival time                                                                                                                                   70.597

clock clk (rise edge)                                                                                                                      0.000     0.000
clock source latency                                                                                                                       0.000     0.000
u_qlal4s3b_cell_macro.Sys_Clk0[0] (ASSP)                                                                                                   0.000     0.000
delay_dff_Q_24.QCK[0] (Q_FRAG)                                                                                                            11.243    11.243
clock uncertainty                                                                                                                          0.000    11.243
cell setup time                                                                                                                            0.105    11.349
data required time                                                                                                                                  11.349
----------------------------------------------------------------------------------------------------------------------------------------------------------
data required time                                                                                                                                  11.349
data arrival time                                                                                                                                  -70.597
----------------------------------------------------------------------------------------------------------------------------------------------------------
slack (VIOLATED)                                                                                                                                   -59.248


#Path 28
Startpoint: delay_dff_Q_23.QZ[0] (Q_FRAG clocked by clk)
Endpoint  : delay_dff_Q_17.QD[0] (Q_FRAG clocked by clk)
Path Type : setup

Point                                                                                                                                       Incr      Path
----------------------------------------------------------------------------------------------------------------------------------------------------------
clock clk (rise edge)                                                                                                                      0.000     0.000
clock source latency                                                                                                                       0.000     0.000
u_qlal4s3b_cell_macro.Sys_Clk0[0] (ASSP)                                                                                                   0.000     0.000
delay_dff_Q_23.QCK[0] (Q_FRAG)                                                                                                            12.136    12.136
delay_dff_Q_23.QZ[0] (Q_FRAG) [clock-to-output]                                                                                            1.701    13.838
num_dffe_Q_EN_LUT4_O_I3_LUT2_O_I1_LUT4_O_I2_LUT4_O_I2_LUT2_I0_O_LUT3_O_5_I2_LUT4_O.c_frag.BB2[0] (C_FRAG)                                  2.683    16.521
num_dffe_Q_EN_LUT4_O_I3_LUT2_O_I1_LUT4_O_I2_LUT4_O_I2_LUT2_I0_O_LUT3_O_5_I2_LUT4_O.c_frag.CZ[0] (C_FRAG)                                   1.552    18.073
num_dffe_Q_EN_LUT4_O_I3_LUT2_O_I1_LUT4_O_I2_LUT4_O_I2_LUT2_I0_O_LUT3_O_5_I2_LUT4_I3.c_frag.TBS[0] (C_FRAG)                                 3.514    21.587
num_dffe_Q_EN_LUT4_O_I3_LUT2_O_I1_LUT4_O_I2_LUT4_O_I2_LUT2_I0_O_LUT3_O_5_I2_LUT4_I3.c_frag.CZ[0] (C_FRAG)                                  0.996    22.583
num_dffe_Q_EN_LUT4_O_I3_LUT2_O_I1_LUT4_O_I2_LUT4_O_I2_LUT2_I0_O_LUT3_O_5_I2_LUT4_I3_O_LUT4_I3.c_frag.TBS[0] (C_FRAG)                       4.822    27.405
num_dffe_Q_EN_LUT4_O_I3_LUT2_O_I1_LUT4_O_I2_LUT4_O_I2_LUT2_I0_O_LUT3_O_5_I2_LUT4_I3_O_LUT4_I3.c_frag.CZ[0] (C_FRAG)                        0.996    28.401
num_dffe_Q_EN_LUT4_O_I3_LUT2_O_I1_LUT4_O_I2_LUT4_O_I2_LUT2_I0_O_LUT2_O_9_I0_LUT2_O.t_frag.XAB[0] (T_FRAG)                                  4.330    32.730
num_dffe_Q_EN_LUT4_O_I3_LUT2_O_I1_LUT4_O_I2_LUT4_O_I2_LUT2_I0_O_LUT2_O_9_I0_LUT2_O.t_frag.XZ[0] (T_FRAG)                                   1.251    33.981
num_dffe_Q_EN_LUT4_O_I3_LUT2_O_I1_LUT4_O_I2_LUT4_O_I2_LUT2_I0_O_LUT2_O_7_I0_LUT3_I0.t_frag.XSL[0] (T_FRAG)                                 3.122    37.103
num_dffe_Q_EN_LUT4_O_I3_LUT2_O_I1_LUT4_O_I2_LUT4_O_I2_LUT2_I0_O_LUT2_O_7_I0_LUT3_I0.t_frag.XZ[0] (T_FRAG)                                  1.406    38.509
num_dffe_Q_EN_LUT4_O_I3_LUT2_O_I1_LUT4_O_I2_LUT4_O_I1_LUT4_O_I3_LUT3_O_I2_LUT4_O.c_frag.TBS[0] (C_FRAG)                                    3.859    42.368
num_dffe_Q_EN_LUT4_O_I3_LUT2_O_I1_LUT4_O_I2_LUT4_O_I1_LUT4_O_I3_LUT3_O_I2_LUT4_O.c_frag.CZ[0] (C_FRAG)                                     0.996    43.364
num_dffe_Q_EN_LUT4_O_I3_LUT2_O_I1_LUT4_O_I2_LUT4_O_I1_LUT4_O_I3_LUT3_O.t_frag.XAB[0] (T_FRAG)                                              3.735    47.099
num_dffe_Q_EN_LUT4_O_I3_LUT2_O_I1_LUT4_O_I2_LUT4_O_I1_LUT4_O_I3_LUT3_O.t_frag.XZ[0] (T_FRAG)                                               1.305    48.404
num_dffe_Q_EN_LUT4_O_I3_LUT2_O_I1_LUT4_O_I2_LUT4_O_I1_LUT4_O.c_frag.TBS[0] (C_FRAG)                                                        5.563    53.967
num_dffe_Q_EN_LUT4_O_I3_LUT2_O_I1_LUT4_O_I2_LUT4_O_I1_LUT4_O.c_frag.CZ[0] (C_FRAG)                                                         0.996    54.963
num_dffe_Q_EN_LUT4_O_I3_LUT2_O_I1_LUT4_O_I2_LUT4_O.c_frag.TSL[0] (C_FRAG)                                                                  3.141    58.104
num_dffe_Q_EN_LUT4_O_I3_LUT2_O_I1_LUT4_O_I2_LUT4_O.c_frag.CZ[0] (C_FRAG)                                                                   1.593    59.697
num_dffe_Q_EN_LUT4_O_I3_LUT2_O_I1_LUT4_O_I3_LUT2_I0.t_frag.XAB[0] (T_FRAG)                                                                 4.857    64.553
num_dffe_Q_EN_LUT4_O_I3_LUT2_O_I1_LUT4_O_I3_LUT2_I0.t_frag.XZ[0] (T_FRAG)                                                                  1.251    65.804
num_dffe_Q_EN_LUT4_O_I3_LUT2_O_I1_LUT4_O_I2_LUT4_O_I2_LUT2_I0_O_LUT2_O_10.t_frag.XAB[0] (T_FRAG)                                           5.205    71.009
num_dffe_Q_EN_LUT4_O_I3_LUT2_O_I1_LUT4_O_I2_LUT4_O_I2_LUT2_I0_O_LUT2_O_10.t_frag.XZ[0] (T_FRAG)                                            1.305    72.315
delay_dff_Q_17.QD[0] (Q_FRAG)                                                                                                              0.000    72.315
data arrival time                                                                                                                                   72.315

clock clk (rise edge)                                                                                                                      0.000     0.000
clock source latency                                                                                                                       0.000     0.000
u_qlal4s3b_cell_macro.Sys_Clk0[0] (ASSP)                                                                                                   0.000     0.000
delay_dff_Q_17.QCK[0] (Q_FRAG)                                                                                                            12.964    12.964
clock uncertainty                                                                                                                          0.000    12.964
cell setup time                                                                                                                            0.105    13.069
data required time                                                                                                                                  13.069
----------------------------------------------------------------------------------------------------------------------------------------------------------
data required time                                                                                                                                  13.069
data arrival time                                                                                                                                  -72.315
----------------------------------------------------------------------------------------------------------------------------------------------------------
slack (VIOLATED)                                                                                                                                   -59.246


#Path 29
Startpoint: delay_dff_Q_23.QZ[0] (Q_FRAG clocked by clk)
Endpoint  : delay_dff_Q_10.QD[0] (Q_FRAG clocked by clk)
Path Type : setup

Point                                                                                                                                       Incr      Path
----------------------------------------------------------------------------------------------------------------------------------------------------------
clock clk (rise edge)                                                                                                                      0.000     0.000
clock source latency                                                                                                                       0.000     0.000
u_qlal4s3b_cell_macro.Sys_Clk0[0] (ASSP)                                                                                                   0.000     0.000
delay_dff_Q_23.QCK[0] (Q_FRAG)                                                                                                            12.136    12.136
delay_dff_Q_23.QZ[0] (Q_FRAG) [clock-to-output]                                                                                            1.701    13.838
num_dffe_Q_EN_LUT4_O_I3_LUT2_O_I1_LUT4_O_I2_LUT4_O_I2_LUT2_I0_O_LUT3_O_5_I2_LUT4_O.c_frag.BB2[0] (C_FRAG)                                  2.683    16.521
num_dffe_Q_EN_LUT4_O_I3_LUT2_O_I1_LUT4_O_I2_LUT4_O_I2_LUT2_I0_O_LUT3_O_5_I2_LUT4_O.c_frag.CZ[0] (C_FRAG)                                   1.552    18.073
num_dffe_Q_EN_LUT4_O_I3_LUT2_O_I1_LUT4_O_I2_LUT4_O_I2_LUT2_I0_O_LUT3_O_5_I2_LUT4_I3.c_frag.TBS[0] (C_FRAG)                                 3.514    21.587
num_dffe_Q_EN_LUT4_O_I3_LUT2_O_I1_LUT4_O_I2_LUT4_O_I2_LUT2_I0_O_LUT3_O_5_I2_LUT4_I3.c_frag.CZ[0] (C_FRAG)                                  0.996    22.583
num_dffe_Q_EN_LUT4_O_I3_LUT2_O_I1_LUT4_O_I2_LUT4_O_I2_LUT2_I0_O_LUT3_O_5_I2_LUT4_I3_O_LUT4_I3.c_frag.TBS[0] (C_FRAG)                       4.822    27.405
num_dffe_Q_EN_LUT4_O_I3_LUT2_O_I1_LUT4_O_I2_LUT4_O_I2_LUT2_I0_O_LUT3_O_5_I2_LUT4_I3_O_LUT4_I3.c_frag.CZ[0] (C_FRAG)                        0.996    28.401
num_dffe_Q_EN_LUT4_O_I3_LUT2_O_I1_LUT4_O_I2_LUT4_O_I2_LUT2_I0_O_LUT2_O_9_I0_LUT2_O.t_frag.XAB[0] (T_FRAG)                                  4.330    32.730
num_dffe_Q_EN_LUT4_O_I3_LUT2_O_I1_LUT4_O_I2_LUT4_O_I2_LUT2_I0_O_LUT2_O_9_I0_LUT2_O.t_frag.XZ[0] (T_FRAG)                                   1.251    33.981
num_dffe_Q_EN_LUT4_O_I3_LUT2_O_I1_LUT4_O_I2_LUT4_O_I2_LUT2_I0_O_LUT2_O_7_I0_LUT3_I0.t_frag.XSL[0] (T_FRAG)                                 3.122    37.103
num_dffe_Q_EN_LUT4_O_I3_LUT2_O_I1_LUT4_O_I2_LUT4_O_I2_LUT2_I0_O_LUT2_O_7_I0_LUT3_I0.t_frag.XZ[0] (T_FRAG)                                  1.406    38.509
num_dffe_Q_EN_LUT4_O_I3_LUT2_O_I1_LUT4_O_I2_LUT4_O_I1_LUT4_O_I3_LUT3_O_I2_LUT4_O.c_frag.TBS[0] (C_FRAG)                                    3.859    42.368
num_dffe_Q_EN_LUT4_O_I3_LUT2_O_I1_LUT4_O_I2_LUT4_O_I1_LUT4_O_I3_LUT3_O_I2_LUT4_O.c_frag.CZ[0] (C_FRAG)                                     0.996    43.364
num_dffe_Q_EN_LUT4_O_I3_LUT2_O_I1_LUT4_O_I2_LUT4_O_I1_LUT4_O_I3_LUT3_O.t_frag.XAB[0] (T_FRAG)                                              3.735    47.099
num_dffe_Q_EN_LUT4_O_I3_LUT2_O_I1_LUT4_O_I2_LUT4_O_I1_LUT4_O_I3_LUT3_O.t_frag.XZ[0] (T_FRAG)                                               1.305    48.404
num_dffe_Q_EN_LUT4_O_I3_LUT2_O_I1_LUT4_O_I2_LUT4_O_I1_LUT4_O.c_frag.TBS[0] (C_FRAG)                                                        5.563    53.967
num_dffe_Q_EN_LUT4_O_I3_LUT2_O_I1_LUT4_O_I2_LUT4_O_I1_LUT4_O.c_frag.CZ[0] (C_FRAG)                                                         0.996    54.963
num_dffe_Q_EN_LUT4_O_I3_LUT2_O_I1_LUT4_O_I2_LUT4_O.c_frag.TSL[0] (C_FRAG)                                                                  3.141    58.104
num_dffe_Q_EN_LUT4_O_I3_LUT2_O_I1_LUT4_O_I2_LUT4_O.c_frag.CZ[0] (C_FRAG)                                                                   1.593    59.697
num_dffe_Q_EN_LUT4_O_I3_LUT2_O_I1_LUT4_O_I3_LUT2_I0.t_frag.XAB[0] (T_FRAG)                                                                 4.857    64.553
num_dffe_Q_EN_LUT4_O_I3_LUT2_O_I1_LUT4_O_I3_LUT2_I0.t_frag.XZ[0] (T_FRAG)                                                                  1.251    65.804
num_dffe_Q_EN_LUT4_O_I3_LUT2_O_I1_LUT4_O_I2_LUT4_O_I2_LUT2_I0_O_LUT2_O_3.t_frag.XAB[0] (T_FRAG)                                            5.036    70.841
num_dffe_Q_EN_LUT4_O_I3_LUT2_O_I1_LUT4_O_I2_LUT4_O_I2_LUT2_I0_O_LUT2_O_3.t_frag.XZ[0] (T_FRAG)                                             1.305    72.146
delay_dff_Q_10.QD[0] (Q_FRAG)                                                                                                              0.000    72.146
data arrival time                                                                                                                                   72.146

clock clk (rise edge)                                                                                                                      0.000     0.000
clock source latency                                                                                                                       0.000     0.000
u_qlal4s3b_cell_macro.Sys_Clk0[0] (ASSP)                                                                                                   0.000     0.000
delay_dff_Q_10.QCK[0] (Q_FRAG)                                                                                                            12.937    12.937
clock uncertainty                                                                                                                          0.000    12.937
cell setup time                                                                                                                            0.105    13.042
data required time                                                                                                                                  13.042
----------------------------------------------------------------------------------------------------------------------------------------------------------
data required time                                                                                                                                  13.042
data arrival time                                                                                                                                  -72.146
----------------------------------------------------------------------------------------------------------------------------------------------------------
slack (VIOLATED)                                                                                                                                   -59.104


#Path 30
Startpoint: delay_dff_Q_23.QZ[0] (Q_FRAG clocked by clk)
Endpoint  : delay_dff_Q_20.QD[0] (Q_FRAG clocked by clk)
Path Type : setup

Point                                                                                                                                       Incr      Path
----------------------------------------------------------------------------------------------------------------------------------------------------------
clock clk (rise edge)                                                                                                                      0.000     0.000
clock source latency                                                                                                                       0.000     0.000
u_qlal4s3b_cell_macro.Sys_Clk0[0] (ASSP)                                                                                                   0.000     0.000
delay_dff_Q_23.QCK[0] (Q_FRAG)                                                                                                            12.136    12.136
delay_dff_Q_23.QZ[0] (Q_FRAG) [clock-to-output]                                                                                            1.701    13.838
num_dffe_Q_EN_LUT4_O_I3_LUT2_O_I1_LUT4_O_I2_LUT4_O_I2_LUT2_I0_O_LUT3_O_5_I2_LUT4_O.c_frag.BB2[0] (C_FRAG)                                  2.683    16.521
num_dffe_Q_EN_LUT4_O_I3_LUT2_O_I1_LUT4_O_I2_LUT4_O_I2_LUT2_I0_O_LUT3_O_5_I2_LUT4_O.c_frag.CZ[0] (C_FRAG)                                   1.552    18.073
num_dffe_Q_EN_LUT4_O_I3_LUT2_O_I1_LUT4_O_I2_LUT4_O_I2_LUT2_I0_O_LUT3_O_5_I2_LUT4_I3.c_frag.TBS[0] (C_FRAG)                                 3.514    21.587
num_dffe_Q_EN_LUT4_O_I3_LUT2_O_I1_LUT4_O_I2_LUT4_O_I2_LUT2_I0_O_LUT3_O_5_I2_LUT4_I3.c_frag.CZ[0] (C_FRAG)                                  0.996    22.583
num_dffe_Q_EN_LUT4_O_I3_LUT2_O_I1_LUT4_O_I2_LUT4_O_I2_LUT2_I0_O_LUT3_O_5_I2_LUT4_I3_O_LUT4_I3.c_frag.TBS[0] (C_FRAG)                       4.822    27.405
num_dffe_Q_EN_LUT4_O_I3_LUT2_O_I1_LUT4_O_I2_LUT4_O_I2_LUT2_I0_O_LUT3_O_5_I2_LUT4_I3_O_LUT4_I3.c_frag.CZ[0] (C_FRAG)                        0.996    28.401
num_dffe_Q_EN_LUT4_O_I3_LUT2_O_I1_LUT4_O_I2_LUT4_O_I2_LUT2_I0_O_LUT2_O_9_I0_LUT2_O.t_frag.XAB[0] (T_FRAG)                                  4.330    32.730
num_dffe_Q_EN_LUT4_O_I3_LUT2_O_I1_LUT4_O_I2_LUT4_O_I2_LUT2_I0_O_LUT2_O_9_I0_LUT2_O.t_frag.XZ[0] (T_FRAG)                                   1.251    33.981
num_dffe_Q_EN_LUT4_O_I3_LUT2_O_I1_LUT4_O_I2_LUT4_O_I2_LUT2_I0_O_LUT2_O_7_I0_LUT3_I0.t_frag.XSL[0] (T_FRAG)                                 3.122    37.103
num_dffe_Q_EN_LUT4_O_I3_LUT2_O_I1_LUT4_O_I2_LUT4_O_I2_LUT2_I0_O_LUT2_O_7_I0_LUT3_I0.t_frag.XZ[0] (T_FRAG)                                  1.406    38.509
num_dffe_Q_EN_LUT4_O_I3_LUT2_O_I1_LUT4_O_I2_LUT4_O_I1_LUT4_O_I3_LUT3_O_I2_LUT4_O.c_frag.TBS[0] (C_FRAG)                                    3.859    42.368
num_dffe_Q_EN_LUT4_O_I3_LUT2_O_I1_LUT4_O_I2_LUT4_O_I1_LUT4_O_I3_LUT3_O_I2_LUT4_O.c_frag.CZ[0] (C_FRAG)                                     0.996    43.364
num_dffe_Q_EN_LUT4_O_I3_LUT2_O_I1_LUT4_O_I2_LUT4_O_I1_LUT4_O_I3_LUT3_O.t_frag.XAB[0] (T_FRAG)                                              3.735    47.099
num_dffe_Q_EN_LUT4_O_I3_LUT2_O_I1_LUT4_O_I2_LUT4_O_I1_LUT4_O_I3_LUT3_O.t_frag.XZ[0] (T_FRAG)                                               1.305    48.404
num_dffe_Q_EN_LUT4_O_I3_LUT2_O_I1_LUT4_O_I2_LUT4_O_I1_LUT4_O.c_frag.TBS[0] (C_FRAG)                                                        5.563    53.967
num_dffe_Q_EN_LUT4_O_I3_LUT2_O_I1_LUT4_O_I2_LUT4_O_I1_LUT4_O.c_frag.CZ[0] (C_FRAG)                                                         0.996    54.963
num_dffe_Q_EN_LUT4_O_I3_LUT2_O_I1_LUT4_O_I2_LUT4_O.c_frag.TSL[0] (C_FRAG)                                                                  3.141    58.104
num_dffe_Q_EN_LUT4_O_I3_LUT2_O_I1_LUT4_O_I2_LUT4_O.c_frag.CZ[0] (C_FRAG)                                                                   1.593    59.697
num_dffe_Q_EN_LUT4_O_I3_LUT2_O_I1_LUT4_O_I3_LUT2_I0.t_frag.XAB[0] (T_FRAG)                                                                 4.857    64.553
num_dffe_Q_EN_LUT4_O_I3_LUT2_O_I1_LUT4_O_I3_LUT2_I0.t_frag.XZ[0] (T_FRAG)                                                                  1.251    65.804
num_dffe_Q_EN_LUT4_O_I3_LUT2_O_I1_LUT4_O_I2_LUT4_O_I2_LUT2_I0_O_LUT2_O_11.t_frag.XAB[0] (T_FRAG)                                           3.664    69.468
num_dffe_Q_EN_LUT4_O_I3_LUT2_O_I1_LUT4_O_I2_LUT4_O_I2_LUT2_I0_O_LUT2_O_11.t_frag.XZ[0] (T_FRAG)                                            1.305    70.773
delay_dff_Q_20.QD[0] (Q_FRAG)                                                                                                              0.000    70.773
data arrival time                                                                                                                                   70.773

clock clk (rise edge)                                                                                                                      0.000     0.000
clock source latency                                                                                                                       0.000     0.000
u_qlal4s3b_cell_macro.Sys_Clk0[0] (ASSP)                                                                                                   0.000     0.000
delay_dff_Q_20.QCK[0] (Q_FRAG)                                                                                                            12.068    12.068
clock uncertainty                                                                                                                          0.000    12.068
cell setup time                                                                                                                            0.105    12.174
data required time                                                                                                                                  12.174
----------------------------------------------------------------------------------------------------------------------------------------------------------
data required time                                                                                                                                  12.174
data arrival time                                                                                                                                  -70.773
----------------------------------------------------------------------------------------------------------------------------------------------------------
slack (VIOLATED)                                                                                                                                   -58.599


#Path 31
Startpoint: num_dff_Q_2.QZ[0] (Q_FRAG clocked by clk)
Endpoint  : out:f.outpad[0] (.output clocked by clk)
Path Type : setup

Point                                                                                Incr      Path
---------------------------------------------------------------------------------------------------
clock clk (rise edge)                                                               0.000     0.000
clock source latency                                                                0.000     0.000
u_qlal4s3b_cell_macro.Sys_Clk0[0] (ASSP)                                            0.000     0.000
num_dff_Q_2.QCK[0] (Q_FRAG)                                                        10.312    10.312
num_dff_Q_2.QZ[0] (Q_FRAG) [clock-to-output]                                        1.701    12.013
a_LUT2_O_I0_LUT3_O_I0_LUT3_O_I0_LUT3_O.t_frag.XSL[0] (T_FRAG)                       4.475    16.489
a_LUT2_O_I0_LUT3_O_I0_LUT3_O_I0_LUT3_O.t_frag.XZ[0] (T_FRAG)                        1.462    17.951
a_LUT2_O_I0_LUT3_O_I0_LUT3_O.t_frag.XA1[0] (T_FRAG)                                 4.746    22.696
a_LUT2_O_I0_LUT3_O_I0_LUT3_O.t_frag.XZ[0] (T_FRAG)                                  1.533    24.230
b_mux4x0_Q_A_LUT2_O.t_frag.XSL[0] (T_FRAG)                                          3.972    28.202
b_mux4x0_Q_A_LUT2_O.t_frag.XZ[0] (T_FRAG)                                           1.406    29.608
e_mux4x0_Q_A_LUT2_O.t_frag.XAB[0] (T_FRAG)                                          3.835    33.443
e_mux4x0_Q_A_LUT2_O.t_frag.XZ[0] (T_FRAG)                                           1.305    34.749
f_LUT2_O_I1_LUT3_O.t_frag.XA1[0] (T_FRAG)                                           2.457    37.205
f_LUT2_O_I1_LUT3_O.t_frag.XZ[0] (T_FRAG)                                            1.533    38.739
f_LUT2_O.t_frag.XAB[0] (T_FRAG)                                                     3.083    41.822
f_LUT2_O.t_frag.XZ[0] (T_FRAG)                                                      1.305    43.127
$iopadmap$decade_counter.f.O_DAT[0] (BIDIR_CELL)                                    5.507    48.634
$iopadmap$decade_counter.f.O_PAD_$out[0] (BIDIR_CELL)                               9.809    58.443
out:f.outpad[0] (.output)                                                           0.000    58.443
data arrival time                                                                            58.443

clock clk (rise edge)                                                               0.000     0.000
clock source latency                                                                0.000     0.000
clock uncertainty                                                                   0.000     0.000
output external delay                                                               0.000     0.000
data required time                                                                            0.000
---------------------------------------------------------------------------------------------------
data required time                                                                            0.000
data arrival time                                                                           -58.443
---------------------------------------------------------------------------------------------------
slack (VIOLATED)                                                                            -58.443


#Path 32
Startpoint: delay_dff_Q_23.QZ[0] (Q_FRAG clocked by clk)
Endpoint  : delay_dff_Q_23.QD[0] (Q_FRAG clocked by clk)
Path Type : setup

Point                                                                                                                                       Incr      Path
----------------------------------------------------------------------------------------------------------------------------------------------------------
clock clk (rise edge)                                                                                                                      0.000     0.000
clock source latency                                                                                                                       0.000     0.000
u_qlal4s3b_cell_macro.Sys_Clk0[0] (ASSP)                                                                                                   0.000     0.000
delay_dff_Q_23.QCK[0] (Q_FRAG)                                                                                                            12.136    12.136
delay_dff_Q_23.QZ[0] (Q_FRAG) [clock-to-output]                                                                                            1.701    13.838
num_dffe_Q_EN_LUT4_O_I3_LUT2_O_I1_LUT4_O_I2_LUT4_O_I2_LUT2_I0_O_LUT3_O_5_I2_LUT4_O.c_frag.BB2[0] (C_FRAG)                                  2.683    16.521
num_dffe_Q_EN_LUT4_O_I3_LUT2_O_I1_LUT4_O_I2_LUT4_O_I2_LUT2_I0_O_LUT3_O_5_I2_LUT4_O.c_frag.CZ[0] (C_FRAG)                                   1.552    18.073
num_dffe_Q_EN_LUT4_O_I3_LUT2_O_I1_LUT4_O_I2_LUT4_O_I2_LUT2_I0_O_LUT3_O_5_I2_LUT4_I3.c_frag.TBS[0] (C_FRAG)                                 3.514    21.587
num_dffe_Q_EN_LUT4_O_I3_LUT2_O_I1_LUT4_O_I2_LUT4_O_I2_LUT2_I0_O_LUT3_O_5_I2_LUT4_I3.c_frag.CZ[0] (C_FRAG)                                  0.996    22.583
num_dffe_Q_EN_LUT4_O_I3_LUT2_O_I1_LUT4_O_I2_LUT4_O_I2_LUT2_I0_O_LUT3_O_5_I2_LUT4_I3_O_LUT4_I3.c_frag.TBS[0] (C_FRAG)                       4.822    27.405
num_dffe_Q_EN_LUT4_O_I3_LUT2_O_I1_LUT4_O_I2_LUT4_O_I2_LUT2_I0_O_LUT3_O_5_I2_LUT4_I3_O_LUT4_I3.c_frag.CZ[0] (C_FRAG)                        0.996    28.401
num_dffe_Q_EN_LUT4_O_I3_LUT2_O_I1_LUT4_O_I2_LUT4_O_I2_LUT2_I0_O_LUT2_O_9_I0_LUT2_O.t_frag.XAB[0] (T_FRAG)                                  4.330    32.730
num_dffe_Q_EN_LUT4_O_I3_LUT2_O_I1_LUT4_O_I2_LUT4_O_I2_LUT2_I0_O_LUT2_O_9_I0_LUT2_O.t_frag.XZ[0] (T_FRAG)                                   1.251    33.981
num_dffe_Q_EN_LUT4_O_I3_LUT2_O_I1_LUT4_O_I2_LUT4_O_I2_LUT2_I0_O_LUT2_O_7_I0_LUT3_I0.t_frag.XSL[0] (T_FRAG)                                 3.122    37.103
num_dffe_Q_EN_LUT4_O_I3_LUT2_O_I1_LUT4_O_I2_LUT4_O_I2_LUT2_I0_O_LUT2_O_7_I0_LUT3_I0.t_frag.XZ[0] (T_FRAG)                                  1.406    38.509
num_dffe_Q_EN_LUT4_O_I3_LUT2_O_I1_LUT4_O_I2_LUT4_O_I1_LUT4_O_I3_LUT3_O_I2_LUT4_O.c_frag.TBS[0] (C_FRAG)                                    3.859    42.368
num_dffe_Q_EN_LUT4_O_I3_LUT2_O_I1_LUT4_O_I2_LUT4_O_I1_LUT4_O_I3_LUT3_O_I2_LUT4_O.c_frag.CZ[0] (C_FRAG)                                     0.996    43.364
num_dffe_Q_EN_LUT4_O_I3_LUT2_O_I1_LUT4_O_I2_LUT4_O_I1_LUT4_O_I3_LUT3_O.t_frag.XAB[0] (T_FRAG)                                              3.735    47.099
num_dffe_Q_EN_LUT4_O_I3_LUT2_O_I1_LUT4_O_I2_LUT4_O_I1_LUT4_O_I3_LUT3_O.t_frag.XZ[0] (T_FRAG)                                               1.305    48.404
num_dffe_Q_EN_LUT4_O_I3_LUT2_O_I1_LUT4_O_I2_LUT4_O_I1_LUT4_O.c_frag.TBS[0] (C_FRAG)                                                        5.563    53.967
num_dffe_Q_EN_LUT4_O_I3_LUT2_O_I1_LUT4_O_I2_LUT4_O_I1_LUT4_O.c_frag.CZ[0] (C_FRAG)                                                         0.996    54.963
num_dffe_Q_EN_LUT4_O_I3_LUT2_O_I1_LUT4_O_I2_LUT4_O.c_frag.TSL[0] (C_FRAG)                                                                  3.141    58.104
num_dffe_Q_EN_LUT4_O_I3_LUT2_O_I1_LUT4_O_I2_LUT4_O.c_frag.CZ[0] (C_FRAG)                                                                   1.593    59.697
num_dffe_Q_EN_LUT4_O_I3_LUT2_O_I1_LUT4_O_I3_LUT2_I0.t_frag.XAB[0] (T_FRAG)                                                                 4.857    64.553
num_dffe_Q_EN_LUT4_O_I3_LUT2_O_I1_LUT4_O_I3_LUT2_I0.t_frag.XZ[0] (T_FRAG)                                                                  1.251    65.804
num_dffe_Q_EN_LUT4_O_I3_LUT2_O_I1_LUT4_O_I2_LUT4_O_I2_LUT2_I0_O_LUT3_O_6.t_frag.XA2[0] (T_FRAG)                                            3.271    69.075
num_dffe_Q_EN_LUT4_O_I3_LUT2_O_I1_LUT4_O_I2_LUT4_O_I2_LUT2_I0_O_LUT3_O_6.t_frag.XZ[0] (T_FRAG)                                             1.605    70.681
delay_dff_Q_23.QD[0] (Q_FRAG)                                                                                                              0.000    70.681
data arrival time                                                                                                                                   70.681

clock clk (rise edge)                                                                                                                      0.000     0.000
clock source latency                                                                                                                       0.000     0.000
u_qlal4s3b_cell_macro.Sys_Clk0[0] (ASSP)                                                                                                   0.000     0.000
delay_dff_Q_23.QCK[0] (Q_FRAG)                                                                                                            12.136    12.136
clock uncertainty                                                                                                                          0.000    12.136
cell setup time                                                                                                                            0.105    12.242
data required time                                                                                                                                  12.242
----------------------------------------------------------------------------------------------------------------------------------------------------------
data required time                                                                                                                                  12.242
data arrival time                                                                                                                                  -70.681
----------------------------------------------------------------------------------------------------------------------------------------------------------
slack (VIOLATED)                                                                                                                                   -58.439


#Path 33
Startpoint: delay_dff_Q_23.QZ[0] (Q_FRAG clocked by clk)
Endpoint  : delay_dff_Q_18.QD[0] (Q_FRAG clocked by clk)
Path Type : setup

Point                                                                                                                                       Incr      Path
----------------------------------------------------------------------------------------------------------------------------------------------------------
clock clk (rise edge)                                                                                                                      0.000     0.000
clock source latency                                                                                                                       0.000     0.000
u_qlal4s3b_cell_macro.Sys_Clk0[0] (ASSP)                                                                                                   0.000     0.000
delay_dff_Q_23.QCK[0] (Q_FRAG)                                                                                                            12.136    12.136
delay_dff_Q_23.QZ[0] (Q_FRAG) [clock-to-output]                                                                                            1.701    13.838
num_dffe_Q_EN_LUT4_O_I3_LUT2_O_I1_LUT4_O_I2_LUT4_O_I2_LUT2_I0_O_LUT3_O_5_I2_LUT4_O.c_frag.BB2[0] (C_FRAG)                                  2.683    16.521
num_dffe_Q_EN_LUT4_O_I3_LUT2_O_I1_LUT4_O_I2_LUT4_O_I2_LUT2_I0_O_LUT3_O_5_I2_LUT4_O.c_frag.CZ[0] (C_FRAG)                                   1.552    18.073
num_dffe_Q_EN_LUT4_O_I3_LUT2_O_I1_LUT4_O_I2_LUT4_O_I2_LUT2_I0_O_LUT3_O_5_I2_LUT4_I3.c_frag.TBS[0] (C_FRAG)                                 3.514    21.587
num_dffe_Q_EN_LUT4_O_I3_LUT2_O_I1_LUT4_O_I2_LUT4_O_I2_LUT2_I0_O_LUT3_O_5_I2_LUT4_I3.c_frag.CZ[0] (C_FRAG)                                  0.996    22.583
num_dffe_Q_EN_LUT4_O_I3_LUT2_O_I1_LUT4_O_I2_LUT4_O_I2_LUT2_I0_O_LUT3_O_5_I2_LUT4_I3_O_LUT4_I3.c_frag.TBS[0] (C_FRAG)                       4.822    27.405
num_dffe_Q_EN_LUT4_O_I3_LUT2_O_I1_LUT4_O_I2_LUT4_O_I2_LUT2_I0_O_LUT3_O_5_I2_LUT4_I3_O_LUT4_I3.c_frag.CZ[0] (C_FRAG)                        0.996    28.401
num_dffe_Q_EN_LUT4_O_I3_LUT2_O_I1_LUT4_O_I2_LUT4_O_I2_LUT2_I0_O_LUT2_O_9_I0_LUT2_O.t_frag.XAB[0] (T_FRAG)                                  4.330    32.730
num_dffe_Q_EN_LUT4_O_I3_LUT2_O_I1_LUT4_O_I2_LUT4_O_I2_LUT2_I0_O_LUT2_O_9_I0_LUT2_O.t_frag.XZ[0] (T_FRAG)                                   1.251    33.981
num_dffe_Q_EN_LUT4_O_I3_LUT2_O_I1_LUT4_O_I2_LUT4_O_I2_LUT2_I0_O_LUT2_O_7_I0_LUT3_I0.t_frag.XSL[0] (T_FRAG)                                 3.122    37.103
num_dffe_Q_EN_LUT4_O_I3_LUT2_O_I1_LUT4_O_I2_LUT4_O_I2_LUT2_I0_O_LUT2_O_7_I0_LUT3_I0.t_frag.XZ[0] (T_FRAG)                                  1.406    38.509
num_dffe_Q_EN_LUT4_O_I3_LUT2_O_I1_LUT4_O_I2_LUT4_O_I1_LUT4_O_I3_LUT3_O_I2_LUT4_O.c_frag.TBS[0] (C_FRAG)                                    3.859    42.368
num_dffe_Q_EN_LUT4_O_I3_LUT2_O_I1_LUT4_O_I2_LUT4_O_I1_LUT4_O_I3_LUT3_O_I2_LUT4_O.c_frag.CZ[0] (C_FRAG)                                     0.996    43.364
num_dffe_Q_EN_LUT4_O_I3_LUT2_O_I1_LUT4_O_I2_LUT4_O_I1_LUT4_O_I3_LUT3_O.t_frag.XAB[0] (T_FRAG)                                              3.735    47.099
num_dffe_Q_EN_LUT4_O_I3_LUT2_O_I1_LUT4_O_I2_LUT4_O_I1_LUT4_O_I3_LUT3_O.t_frag.XZ[0] (T_FRAG)                                               1.305    48.404
num_dffe_Q_EN_LUT4_O_I3_LUT2_O_I1_LUT4_O_I2_LUT4_O_I1_LUT4_O.c_frag.TBS[0] (C_FRAG)                                                        5.563    53.967
num_dffe_Q_EN_LUT4_O_I3_LUT2_O_I1_LUT4_O_I2_LUT4_O_I1_LUT4_O.c_frag.CZ[0] (C_FRAG)                                                         0.996    54.963
num_dffe_Q_EN_LUT4_O_I3_LUT2_O_I1_LUT4_O_I2_LUT4_O.c_frag.TSL[0] (C_FRAG)                                                                  3.141    58.104
num_dffe_Q_EN_LUT4_O_I3_LUT2_O_I1_LUT4_O_I2_LUT4_O.c_frag.CZ[0] (C_FRAG)                                                                   1.593    59.697
num_dffe_Q_EN_LUT4_O_I3_LUT2_O_I1_LUT4_O_I3_LUT2_I0.t_frag.XAB[0] (T_FRAG)                                                                 4.857    64.553
num_dffe_Q_EN_LUT4_O_I3_LUT2_O_I1_LUT4_O_I3_LUT2_I0.t_frag.XZ[0] (T_FRAG)                                                                  1.251    65.804
num_dffe_Q_EN_LUT4_O_I3_LUT2_O_I1_LUT4_O_I2_LUT4_O_I2_LUT2_I0_O_LUT3_O_2.t_frag.XA2[0] (T_FRAG)                                            2.330    68.135
num_dffe_Q_EN_LUT4_O_I3_LUT2_O_I1_LUT4_O_I2_LUT4_O_I2_LUT2_I0_O_LUT3_O_2.t_frag.XZ[0] (T_FRAG)                                             1.605    69.740
delay_dff_Q_18.QD[0] (Q_FRAG)                                                                                                              0.000    69.740
data arrival time                                                                                                                                   69.740

clock clk (rise edge)                                                                                                                      0.000     0.000
clock source latency                                                                                                                       0.000     0.000
u_qlal4s3b_cell_macro.Sys_Clk0[0] (ASSP)                                                                                                   0.000     0.000
delay_dff_Q_18.QCK[0] (Q_FRAG)                                                                                                            11.319    11.319
clock uncertainty                                                                                                                          0.000    11.319
cell setup time                                                                                                                            0.105    11.425
data required time                                                                                                                                  11.425
----------------------------------------------------------------------------------------------------------------------------------------------------------
data required time                                                                                                                                  11.425
data arrival time                                                                                                                                  -69.740
----------------------------------------------------------------------------------------------------------------------------------------------------------
slack (VIOLATED)                                                                                                                                   -58.316


#Path 34
Startpoint: num_dff_Q_2.QZ[0] (Q_FRAG clocked by clk)
Endpoint  : out:c.outpad[0] (.output clocked by clk)
Path Type : setup

Point                                                                                Incr      Path
---------------------------------------------------------------------------------------------------
clock clk (rise edge)                                                               0.000     0.000
clock source latency                                                                0.000     0.000
u_qlal4s3b_cell_macro.Sys_Clk0[0] (ASSP)                                            0.000     0.000
num_dff_Q_2.QCK[0] (Q_FRAG)                                                        10.312    10.312
num_dff_Q_2.QZ[0] (Q_FRAG) [clock-to-output]                                        1.701    12.013
a_LUT2_O_I0_LUT3_O_I0_LUT3_O_I0_LUT3_O.t_frag.XSL[0] (T_FRAG)                       4.475    16.489
a_LUT2_O_I0_LUT3_O_I0_LUT3_O_I0_LUT3_O.t_frag.XZ[0] (T_FRAG)                        1.462    17.951
e_mux4x0_Q_C_LUT3_O_I0_LUT3_O.t_frag.XA2[0] (T_FRAG)                                3.520    21.471
e_mux4x0_Q_C_LUT3_O_I0_LUT3_O.t_frag.XZ[0] (T_FRAG)                                 1.519    22.990
c_LUT2_O_I0_LUT3_O_I1_LUT3_O.t_frag.XA1[0] (T_FRAG)                                 4.285    27.275
c_LUT2_O_I0_LUT3_O_I1_LUT3_O.t_frag.XZ[0] (T_FRAG)                                  1.533    28.809
c_LUT2_O_I0_LUT3_O.t_frag.XSL[0] (T_FRAG)                                           4.913    33.722
c_LUT2_O_I0_LUT3_O.t_frag.XZ[0] (T_FRAG)                                            1.406    35.128
c_LUT2_O.t_frag.XSL[0] (T_FRAG)                                                     4.824    39.952
c_LUT2_O.t_frag.XZ[0] (T_FRAG)                                                      1.406    41.358
$iopadmap$decade_counter.c.O_DAT[0] (BIDIR_CELL)                                    5.930    47.288
$iopadmap$decade_counter.c.O_PAD_$out[0] (BIDIR_CELL)                               9.809    57.097
out:c.outpad[0] (.output)                                                           0.000    57.097
data arrival time                                                                            57.097

clock clk (rise edge)                                                               0.000     0.000
clock source latency                                                                0.000     0.000
clock uncertainty                                                                   0.000     0.000
output external delay                                                               0.000     0.000
data required time                                                                            0.000
---------------------------------------------------------------------------------------------------
data required time                                                                            0.000
data arrival time                                                                           -57.097
---------------------------------------------------------------------------------------------------
slack (VIOLATED)                                                                            -57.097


#Path 35
Startpoint: num_dff_Q_2.QZ[0] (Q_FRAG clocked by clk)
Endpoint  : out:g.outpad[0] (.output clocked by clk)
Path Type : setup

Point                                                                                Incr      Path
---------------------------------------------------------------------------------------------------
clock clk (rise edge)                                                               0.000     0.000
clock source latency                                                                0.000     0.000
u_qlal4s3b_cell_macro.Sys_Clk0[0] (ASSP)                                            0.000     0.000
num_dff_Q_2.QCK[0] (Q_FRAG)                                                        10.312    10.312
num_dff_Q_2.QZ[0] (Q_FRAG) [clock-to-output]                                        1.701    12.013
a_LUT2_O_I0_LUT3_O_I0_LUT3_O_I0_LUT3_O.t_frag.XSL[0] (T_FRAG)                       4.475    16.489
a_LUT2_O_I0_LUT3_O_I0_LUT3_O_I0_LUT3_O.t_frag.XZ[0] (T_FRAG)                        1.462    17.951
e_mux4x0_Q_C_LUT3_O_I0_LUT3_O.t_frag.XA2[0] (T_FRAG)                                3.520    21.471
e_mux4x0_Q_C_LUT3_O_I0_LUT3_O.t_frag.XZ[0] (T_FRAG)                                 1.519    22.990
c_LUT2_O_I0_LUT3_O_I1_LUT3_O.t_frag.XA1[0] (T_FRAG)                                 4.285    27.275
c_LUT2_O_I0_LUT3_O_I1_LUT3_O.t_frag.XZ[0] (T_FRAG)                                  1.533    28.809
e_mux4x0_Q_B_LUT3_O.t_frag.XB1[0] (T_FRAG)                                          3.098    31.907
e_mux4x0_Q_B_LUT3_O.t_frag.XZ[0] (T_FRAG)                                           1.501    33.408
g_LUT3_O_I1_LUT2_O.t_frag.XAB[0] (T_FRAG)                                           2.813    36.221
g_LUT3_O_I1_LUT2_O.t_frag.XZ[0] (T_FRAG)                                            1.305    37.527
g_LUT3_O.t_frag.XSL[0] (T_FRAG)                                                     2.613    40.140
g_LUT3_O.t_frag.XZ[0] (T_FRAG)                                                      1.406    41.546
$iopadmap$decade_counter.g.O_DAT[0] (BIDIR_CELL)                                    5.563    47.108
$iopadmap$decade_counter.g.O_PAD_$out[0] (BIDIR_CELL)                               9.809    56.917
out:g.outpad[0] (.output)                                                           0.000    56.917
data arrival time                                                                            56.917

clock clk (rise edge)                                                               0.000     0.000
clock source latency                                                                0.000     0.000
clock uncertainty                                                                   0.000     0.000
output external delay                                                               0.000     0.000
data required time                                                                            0.000
---------------------------------------------------------------------------------------------------
data required time                                                                            0.000
data arrival time                                                                           -56.917
---------------------------------------------------------------------------------------------------
slack (VIOLATED)                                                                            -56.917


#Path 36
Startpoint: num_dff_Q_2.QZ[0] (Q_FRAG clocked by clk)
Endpoint  : out:d.outpad[0] (.output clocked by clk)
Path Type : setup

Point                                                                                  Incr      Path
-----------------------------------------------------------------------------------------------------
clock clk (rise edge)                                                                 0.000     0.000
clock source latency                                                                  0.000     0.000
u_qlal4s3b_cell_macro.Sys_Clk0[0] (ASSP)                                              0.000     0.000
num_dff_Q_2.QCK[0] (Q_FRAG)                                                          10.312    10.312
num_dff_Q_2.QZ[0] (Q_FRAG) [clock-to-output]                                          1.701    12.013
a_LUT2_O_I0_LUT3_O_I0_LUT3_O_I0_LUT3_O.t_frag.XSL[0] (T_FRAG)                         4.475    16.489
a_LUT2_O_I0_LUT3_O_I0_LUT3_O_I0_LUT3_O.t_frag.XZ[0] (T_FRAG)                          1.462    17.951
e_mux4x0_Q_C_LUT3_O_I0_LUT3_O.t_frag.XA2[0] (T_FRAG)                                  3.520    21.471
e_mux4x0_Q_C_LUT3_O_I0_LUT3_O.t_frag.XZ[0] (T_FRAG)                                   1.519    22.990
e_mux4x0_Q_D_LUT2_O_I1_LUT2_I0_I1_LUT3_O.t_frag.XA2[0] (T_FRAG)                       3.719    26.709
e_mux4x0_Q_D_LUT2_O_I1_LUT2_I0_I1_LUT3_O.t_frag.XZ[0] (T_FRAG)                        1.519    28.228
e_mux4x0_Q_D_LUT2_O_I1_LUT2_I0.t_frag.XAB[0] (T_FRAG)                                 2.483    30.712
e_mux4x0_Q_D_LUT2_O_I1_LUT2_I0.t_frag.XZ[0] (T_FRAG)                                  1.305    32.017
a_LUT2_O.t_frag.XAB[0] (T_FRAG)                                                       4.029    36.046
a_LUT2_O.t_frag.XZ[0] (T_FRAG)                                                        1.305    37.352
d_LUT2_O.t_frag.XAB[0] (T_FRAG)                                                       2.398    39.749
d_LUT2_O.t_frag.XZ[0] (T_FRAG)                                                        1.251    41.001
$iopadmap$decade_counter.d.O_DAT[0] (BIDIR_CELL)                                      3.985    44.986
$iopadmap$decade_counter.d.O_PAD_$out[0] (BIDIR_CELL)                                 9.809    54.795
out:d.outpad[0] (.output)                                                             0.000    54.795
data arrival time                                                                              54.795

clock clk (rise edge)                                                                 0.000     0.000
clock source latency                                                                  0.000     0.000
clock uncertainty                                                                     0.000     0.000
output external delay                                                                 0.000     0.000
data required time                                                                              0.000
-----------------------------------------------------------------------------------------------------
data required time                                                                              0.000
data arrival time                                                                             -54.795
-----------------------------------------------------------------------------------------------------
slack (VIOLATED)                                                                              -54.795


#Path 37
Startpoint: num_dff_Q_2.QZ[0] (Q_FRAG clocked by clk)
Endpoint  : out:a.outpad[0] (.output clocked by clk)
Path Type : setup

Point                                                                                  Incr      Path
-----------------------------------------------------------------------------------------------------
clock clk (rise edge)                                                                 0.000     0.000
clock source latency                                                                  0.000     0.000
u_qlal4s3b_cell_macro.Sys_Clk0[0] (ASSP)                                              0.000     0.000
num_dff_Q_2.QCK[0] (Q_FRAG)                                                          10.312    10.312
num_dff_Q_2.QZ[0] (Q_FRAG) [clock-to-output]                                          1.701    12.013
a_LUT2_O_I0_LUT3_O_I0_LUT3_O_I0_LUT3_O.t_frag.XSL[0] (T_FRAG)                         4.475    16.489
a_LUT2_O_I0_LUT3_O_I0_LUT3_O_I0_LUT3_O.t_frag.XZ[0] (T_FRAG)                          1.462    17.951
e_mux4x0_Q_C_LUT3_O_I0_LUT3_O.t_frag.XA2[0] (T_FRAG)                                  3.520    21.471
e_mux4x0_Q_C_LUT3_O_I0_LUT3_O.t_frag.XZ[0] (T_FRAG)                                   1.519    22.990
e_mux4x0_Q_D_LUT2_O_I1_LUT2_I0_I1_LUT3_O.t_frag.XA2[0] (T_FRAG)                       3.719    26.709
e_mux4x0_Q_D_LUT2_O_I1_LUT2_I0_I1_LUT3_O.t_frag.XZ[0] (T_FRAG)                        1.519    28.228
e_mux4x0_Q_D_LUT2_O_I1_LUT2_I0.t_frag.XAB[0] (T_FRAG)                                 2.483    30.712
e_mux4x0_Q_D_LUT2_O_I1_LUT2_I0.t_frag.XZ[0] (T_FRAG)                                  1.305    32.017
a_LUT2_O.t_frag.XAB[0] (T_FRAG)                                                       4.029    36.046
a_LUT2_O.t_frag.XZ[0] (T_FRAG)                                                        1.305    37.352
$iopadmap$decade_counter.a.O_DAT[0] (BIDIR_CELL)                                      4.575    41.927
$iopadmap$decade_counter.a.O_PAD_$out[0] (BIDIR_CELL)                                 9.809    51.736
out:a.outpad[0] (.output)                                                             0.000    51.736
data arrival time                                                                              51.736

clock clk (rise edge)                                                                 0.000     0.000
clock source latency                                                                  0.000     0.000
clock uncertainty                                                                     0.000     0.000
output external delay                                                                 0.000     0.000
data required time                                                                              0.000
-----------------------------------------------------------------------------------------------------
data required time                                                                              0.000
data arrival time                                                                             -51.736
-----------------------------------------------------------------------------------------------------
slack (VIOLATED)                                                                              -51.736


#End of timing report
