#Timing report of worst 35 path(s)
# Unit scale: 1e-09 seconds
# Output precision: 3

#Path 1
Startpoint: Q_dffe_Q.QZ[0] (Q_FRAG clocked by clk)
Endpoint  : out:led_f.outpad[0] (.output clocked by clk)
Path Type : setup

Point                                                                 Incr      Path
------------------------------------------------------------------------------------
clock clk (rise edge)                                                0.000     0.000
clock source latency                                                 0.000     0.000
u_qlal4s3b_cell_macro.Sys_Clk0[0] (ASSP)                             0.000     0.000
Q_dffe_Q.QCK[0] (Q_FRAG)                                             0.000     0.000
Q_dffe_Q.QZ[0] (Q_FRAG) [clock-to-output]                            1.701     1.701
led_f_LUT3_O.t_frag.XB2[0] (T_FRAG)                                  0.000     1.701
led_f_LUT3_O.t_frag.XZ[0] (T_FRAG)                                   1.552     3.254
$iopadmap$fsm.led_f.O_DAT[0] (BIDIR_CELL)                            0.000     3.254
$iopadmap$fsm.led_f.O_PAD_$out[0] (BIDIR_CELL)                       9.809    13.063
out:led_f.outpad[0] (.output)                                        0.000    13.063
data arrival time                                                             13.063

clock clk (rise edge)                                                0.000     0.000
clock source latency                                                 0.000     0.000
clock uncertainty                                                    0.000     0.000
output external delay                                                0.000     0.000
data required time                                                             0.000
------------------------------------------------------------------------------------
data required time                                                             0.000
data arrival time                                                            -13.063
------------------------------------------------------------------------------------
slack (VIOLATED)                                                             -13.063


#Path 2
Startpoint: delay_dff_Q_25.QZ[0] (Q_FRAG clocked by clk)
Endpoint  : delay_dff_Q_2.QD[0] (Q_FRAG clocked by clk)
Path Type : setup

Point                                                                                                            Incr      Path
-------------------------------------------------------------------------------------------------------------------------------
clock clk (rise edge)                                                                                           0.000     0.000
clock source latency                                                                                            0.000     0.000
u_qlal4s3b_cell_macro.Sys_Clk0[0] (ASSP)                                                                        0.000     0.000
delay_dff_Q_25.QCK[0] (Q_FRAG)                                                                                  0.000     0.000
delay_dff_Q_25.QZ[0] (Q_FRAG) [clock-to-output]                                                                 1.701     1.701
delay_dff_Q_9_D_LUT3_O_14_I1_LUT4_O_I3_LUT3_I2_I1_LUT3_O_I0_LUT2_O.t_frag.XSL[0] (T_FRAG)                       0.000     1.701
delay_dff_Q_9_D_LUT3_O_14_I1_LUT4_O_I3_LUT3_I2_I1_LUT3_O_I0_LUT2_O.t_frag.XZ[0] (T_FRAG)                        1.462     3.164
delay_dff_Q_9_D_LUT3_O_14_I1_LUT4_O_I3_LUT3_I2_I1_LUT3_O.t_frag.XA2[0] (T_FRAG)                                 0.000     3.164
delay_dff_Q_9_D_LUT3_O_14_I1_LUT4_O_I3_LUT3_I2_I1_LUT3_O.t_frag.XZ[0] (T_FRAG)                                  1.605     4.769
delay_dff_Q_9_D_LUT3_O_14_I1_LUT4_O_I3_LUT3_I2.t_frag.XSL[0] (T_FRAG)                                           0.000     4.769
delay_dff_Q_9_D_LUT3_O_14_I1_LUT4_O_I3_LUT3_I2.t_frag.XZ[0] (T_FRAG)                                            1.462     6.231
R_dffe_Q_EN_LUT4_O_I3_LUT3_O_I2_LUT3_O.t_frag.XSL[0] (T_FRAG)                                                   0.000     6.231
R_dffe_Q_EN_LUT4_O_I3_LUT3_O_I2_LUT3_O.t_frag.XZ[0] (T_FRAG)                                                    1.462     7.693
R_dffe_Q_EN_LUT4_O_I3_LUT3_O.t_frag.XAB[0] (T_FRAG)                                                             0.000     7.693
R_dffe_Q_EN_LUT4_O_I3_LUT3_O.t_frag.XZ[0] (T_FRAG)                                                              1.305     8.998
R_dffe_Q_EN_LUT4_O.c_frag.TBS[0] (C_FRAG)                                                                       0.000     8.998
R_dffe_Q_EN_LUT4_O.c_frag.CZ[0] (C_FRAG)                                                                        0.996     9.994
delay_dff_Q_9_D_LUT4_O.c_frag.TA2[0] (C_FRAG)                                                                   0.000     9.994
delay_dff_Q_9_D_LUT4_O.c_frag.CZ[0] (C_FRAG)                                                                    1.705    11.699
delay_dff_Q_2.QD[0] (Q_FRAG)                                                                                    0.000    11.699
data arrival time                                                                                                        11.699

clock clk (rise edge)                                                                                           0.000     0.000
clock source latency                                                                                            0.000     0.000
u_qlal4s3b_cell_macro.Sys_Clk0[0] (ASSP)                                                                        0.000     0.000
delay_dff_Q_2.QCK[0] (Q_FRAG)                                                                                   0.000     0.000
clock uncertainty                                                                                               0.000     0.000
cell setup time                                                                                                 0.105     0.105
data required time                                                                                                        0.105
-------------------------------------------------------------------------------------------------------------------------------
data required time                                                                                                        0.105
data arrival time                                                                                                       -11.699
-------------------------------------------------------------------------------------------------------------------------------
slack (VIOLATED)                                                                                                        -11.594


#Path 3
Startpoint: Q_dffe_Q.QZ[0] (Q_FRAG clocked by clk)
Endpoint  : out:b.outpad[0] (.output clocked by clk)
Path Type : setup

Point                                                             Incr      Path
--------------------------------------------------------------------------------
clock clk (rise edge)                                            0.000     0.000
clock source latency                                             0.000     0.000
u_qlal4s3b_cell_macro.Sys_Clk0[0] (ASSP)                         0.000     0.000
Q_dffe_Q.QCK[0] (Q_FRAG)                                         0.000     0.000
Q_dffe_Q.QZ[0] (Q_FRAG) [clock-to-output]                        1.701     1.701
$iopadmap$fsm.b.O_DAT[0] (BIDIR_CELL)                            0.000     1.701
$iopadmap$fsm.b.O_PAD_$out[0] (BIDIR_CELL)                       9.809    11.510
out:b.outpad[0] (.output)                                        0.000    11.510
data arrival time                                                         11.510

clock clk (rise edge)                                            0.000     0.000
clock source latency                                             0.000     0.000
clock uncertainty                                                0.000     0.000
output external delay                                            0.000     0.000
data required time                                                         0.000
--------------------------------------------------------------------------------
data required time                                                         0.000
data arrival time                                                        -11.510
--------------------------------------------------------------------------------
slack (VIOLATED)                                                         -11.510


#Path 4
Startpoint: R_dffe_Q.QZ[0] (Q_FRAG clocked by clk)
Endpoint  : out:a.outpad[0] (.output clocked by clk)
Path Type : setup

Point                                                             Incr      Path
--------------------------------------------------------------------------------
clock clk (rise edge)                                            0.000     0.000
clock source latency                                             0.000     0.000
u_qlal4s3b_cell_macro.Sys_Clk0[0] (ASSP)                         0.000     0.000
R_dffe_Q.QCK[0] (Q_FRAG)                                         0.000     0.000
R_dffe_Q.QZ[0] (Q_FRAG) [clock-to-output]                        1.701     1.701
$iopadmap$fsm.a.O_DAT[0] (BIDIR_CELL)                            0.000     1.701
$iopadmap$fsm.a.O_PAD_$out[0] (BIDIR_CELL)                       9.809    11.510
out:a.outpad[0] (.output)                                        0.000    11.510
data arrival time                                                         11.510

clock clk (rise edge)                                            0.000     0.000
clock source latency                                             0.000     0.000
clock uncertainty                                                0.000     0.000
output external delay                                            0.000     0.000
data required time                                                         0.000
--------------------------------------------------------------------------------
data required time                                                         0.000
data arrival time                                                        -11.510
--------------------------------------------------------------------------------
slack (VIOLATED)                                                         -11.510


#Path 5
Startpoint: P_dffe_Q.QZ[0] (Q_FRAG clocked by clk)
Endpoint  : out:c.outpad[0] (.output clocked by clk)
Path Type : setup

Point                                                             Incr      Path
--------------------------------------------------------------------------------
clock clk (rise edge)                                            0.000     0.000
clock source latency                                             0.000     0.000
u_qlal4s3b_cell_macro.Sys_Clk0[0] (ASSP)                         0.000     0.000
P_dffe_Q.QCK[0] (Q_FRAG)                                         0.000     0.000
P_dffe_Q.QZ[0] (Q_FRAG) [clock-to-output]                        1.701     1.701
$iopadmap$fsm.c.O_DAT[0] (BIDIR_CELL)                            0.000     1.701
$iopadmap$fsm.c.O_PAD_$out[0] (BIDIR_CELL)                       9.809    11.510
out:c.outpad[0] (.output)                                        0.000    11.510
data arrival time                                                         11.510

clock clk (rise edge)                                            0.000     0.000
clock source latency                                             0.000     0.000
clock uncertainty                                                0.000     0.000
output external delay                                            0.000     0.000
data required time                                                         0.000
--------------------------------------------------------------------------------
data required time                                                         0.000
data arrival time                                                        -11.510
--------------------------------------------------------------------------------
slack (VIOLATED)                                                         -11.510


#Path 6
Startpoint: delay_dff_Q_25.QZ[0] (Q_FRAG clocked by clk)
Endpoint  : delay_dff_Q_21.QD[0] (Q_FRAG clocked by clk)
Path Type : setup

Point                                                                                                            Incr      Path
-------------------------------------------------------------------------------------------------------------------------------
clock clk (rise edge)                                                                                           0.000     0.000
clock source latency                                                                                            0.000     0.000
u_qlal4s3b_cell_macro.Sys_Clk0[0] (ASSP)                                                                        0.000     0.000
delay_dff_Q_25.QCK[0] (Q_FRAG)                                                                                  0.000     0.000
delay_dff_Q_25.QZ[0] (Q_FRAG) [clock-to-output]                                                                 1.701     1.701
delay_dff_Q_9_D_LUT3_O_14_I1_LUT4_O_I3_LUT3_I2_I1_LUT3_O_I0_LUT2_O.t_frag.XSL[0] (T_FRAG)                       0.000     1.701
delay_dff_Q_9_D_LUT3_O_14_I1_LUT4_O_I3_LUT3_I2_I1_LUT3_O_I0_LUT2_O.t_frag.XZ[0] (T_FRAG)                        1.462     3.164
delay_dff_Q_9_D_LUT3_O_14_I1_LUT4_O_I3_LUT3_I2_I1_LUT3_O.t_frag.XA2[0] (T_FRAG)                                 0.000     3.164
delay_dff_Q_9_D_LUT3_O_14_I1_LUT4_O_I3_LUT3_I2_I1_LUT3_O.t_frag.XZ[0] (T_FRAG)                                  1.605     4.769
delay_dff_Q_9_D_LUT3_O_14_I1_LUT4_O_I3_LUT3_I2.t_frag.XSL[0] (T_FRAG)                                           0.000     4.769
delay_dff_Q_9_D_LUT3_O_14_I1_LUT4_O_I3_LUT3_I2.t_frag.XZ[0] (T_FRAG)                                            1.462     6.231
R_dffe_Q_EN_LUT4_O_I3_LUT3_O_I2_LUT3_O.t_frag.XSL[0] (T_FRAG)                                                   0.000     6.231
R_dffe_Q_EN_LUT4_O_I3_LUT3_O_I2_LUT3_O.t_frag.XZ[0] (T_FRAG)                                                    1.462     7.693
R_dffe_Q_EN_LUT4_O_I3_LUT3_O.t_frag.XAB[0] (T_FRAG)                                                             0.000     7.693
R_dffe_Q_EN_LUT4_O_I3_LUT3_O.t_frag.XZ[0] (T_FRAG)                                                              1.305     8.998
R_dffe_Q_EN_LUT4_O.c_frag.TBS[0] (C_FRAG)                                                                       0.000     8.998
R_dffe_Q_EN_LUT4_O.c_frag.CZ[0] (C_FRAG)                                                                        0.996     9.994
delay_dff_Q_9_D_LUT3_O_16.t_frag.XAB[0] (T_FRAG)                                                                0.000     9.994
delay_dff_Q_9_D_LUT3_O_16.t_frag.XZ[0] (T_FRAG)                                                                 1.305    11.299
delay_dff_Q_21.QD[0] (Q_FRAG)                                                                                   0.000    11.299
data arrival time                                                                                                        11.299

clock clk (rise edge)                                                                                           0.000     0.000
clock source latency                                                                                            0.000     0.000
u_qlal4s3b_cell_macro.Sys_Clk0[0] (ASSP)                                                                        0.000     0.000
delay_dff_Q_21.QCK[0] (Q_FRAG)                                                                                  0.000     0.000
clock uncertainty                                                                                               0.000     0.000
cell setup time                                                                                                 0.105     0.105
data required time                                                                                                        0.105
-------------------------------------------------------------------------------------------------------------------------------
data required time                                                                                                        0.105
data arrival time                                                                                                       -11.299
-------------------------------------------------------------------------------------------------------------------------------
slack (VIOLATED)                                                                                                        -11.194


#Path 7
Startpoint: delay_dff_Q_25.QZ[0] (Q_FRAG clocked by clk)
Endpoint  : delay_dff_Q_9.QD[0] (Q_FRAG clocked by clk)
Path Type : setup

Point                                                                                                            Incr      Path
-------------------------------------------------------------------------------------------------------------------------------
clock clk (rise edge)                                                                                           0.000     0.000
clock source latency                                                                                            0.000     0.000
u_qlal4s3b_cell_macro.Sys_Clk0[0] (ASSP)                                                                        0.000     0.000
delay_dff_Q_25.QCK[0] (Q_FRAG)                                                                                  0.000     0.000
delay_dff_Q_25.QZ[0] (Q_FRAG) [clock-to-output]                                                                 1.701     1.701
delay_dff_Q_9_D_LUT3_O_14_I1_LUT4_O_I3_LUT3_I2_I1_LUT3_O_I0_LUT2_O.t_frag.XSL[0] (T_FRAG)                       0.000     1.701
delay_dff_Q_9_D_LUT3_O_14_I1_LUT4_O_I3_LUT3_I2_I1_LUT3_O_I0_LUT2_O.t_frag.XZ[0] (T_FRAG)                        1.462     3.164
delay_dff_Q_9_D_LUT3_O_14_I1_LUT4_O_I3_LUT3_I2_I1_LUT3_O.t_frag.XA2[0] (T_FRAG)                                 0.000     3.164
delay_dff_Q_9_D_LUT3_O_14_I1_LUT4_O_I3_LUT3_I2_I1_LUT3_O.t_frag.XZ[0] (T_FRAG)                                  1.605     4.769
delay_dff_Q_9_D_LUT3_O_14_I1_LUT4_O_I3_LUT3_I2.t_frag.XSL[0] (T_FRAG)                                           0.000     4.769
delay_dff_Q_9_D_LUT3_O_14_I1_LUT4_O_I3_LUT3_I2.t_frag.XZ[0] (T_FRAG)                                            1.462     6.231
R_dffe_Q_EN_LUT4_O_I3_LUT3_O_I2_LUT3_O.t_frag.XSL[0] (T_FRAG)                                                   0.000     6.231
R_dffe_Q_EN_LUT4_O_I3_LUT3_O_I2_LUT3_O.t_frag.XZ[0] (T_FRAG)                                                    1.462     7.693
R_dffe_Q_EN_LUT4_O_I3_LUT3_O.t_frag.XAB[0] (T_FRAG)                                                             0.000     7.693
R_dffe_Q_EN_LUT4_O_I3_LUT3_O.t_frag.XZ[0] (T_FRAG)                                                              1.305     8.998
R_dffe_Q_EN_LUT4_O.c_frag.TBS[0] (C_FRAG)                                                                       0.000     8.998
R_dffe_Q_EN_LUT4_O.c_frag.CZ[0] (C_FRAG)                                                                        0.996     9.994
delay_dff_Q_9_D_LUT3_O_6.t_frag.XAB[0] (T_FRAG)                                                                 0.000     9.994
delay_dff_Q_9_D_LUT3_O_6.t_frag.XZ[0] (T_FRAG)                                                                  1.305    11.299
delay_dff_Q_9.QD[0] (Q_FRAG)                                                                                    0.000    11.299
data arrival time                                                                                                        11.299

clock clk (rise edge)                                                                                           0.000     0.000
clock source latency                                                                                            0.000     0.000
u_qlal4s3b_cell_macro.Sys_Clk0[0] (ASSP)                                                                        0.000     0.000
delay_dff_Q_9.QCK[0] (Q_FRAG)                                                                                   0.000     0.000
clock uncertainty                                                                                               0.000     0.000
cell setup time                                                                                                 0.105     0.105
data required time                                                                                                        0.105
-------------------------------------------------------------------------------------------------------------------------------
data required time                                                                                                        0.105
data arrival time                                                                                                       -11.299
-------------------------------------------------------------------------------------------------------------------------------
slack (VIOLATED)                                                                                                        -11.194


#Path 8
Startpoint: delay_dff_Q_25.QZ[0] (Q_FRAG clocked by clk)
Endpoint  : delay_dff_Q_22.QD[0] (Q_FRAG clocked by clk)
Path Type : setup

Point                                                                                                            Incr      Path
-------------------------------------------------------------------------------------------------------------------------------
clock clk (rise edge)                                                                                           0.000     0.000
clock source latency                                                                                            0.000     0.000
u_qlal4s3b_cell_macro.Sys_Clk0[0] (ASSP)                                                                        0.000     0.000
delay_dff_Q_25.QCK[0] (Q_FRAG)                                                                                  0.000     0.000
delay_dff_Q_25.QZ[0] (Q_FRAG) [clock-to-output]                                                                 1.701     1.701
delay_dff_Q_9_D_LUT3_O_14_I1_LUT4_O_I3_LUT3_I2_I1_LUT3_O_I0_LUT2_O.t_frag.XSL[0] (T_FRAG)                       0.000     1.701
delay_dff_Q_9_D_LUT3_O_14_I1_LUT4_O_I3_LUT3_I2_I1_LUT3_O_I0_LUT2_O.t_frag.XZ[0] (T_FRAG)                        1.462     3.164
delay_dff_Q_9_D_LUT3_O_14_I1_LUT4_O_I3_LUT3_I2_I1_LUT3_O.t_frag.XA2[0] (T_FRAG)                                 0.000     3.164
delay_dff_Q_9_D_LUT3_O_14_I1_LUT4_O_I3_LUT3_I2_I1_LUT3_O.t_frag.XZ[0] (T_FRAG)                                  1.605     4.769
delay_dff_Q_9_D_LUT3_O_14_I1_LUT4_O_I3_LUT3_I2.t_frag.XSL[0] (T_FRAG)                                           0.000     4.769
delay_dff_Q_9_D_LUT3_O_14_I1_LUT4_O_I3_LUT3_I2.t_frag.XZ[0] (T_FRAG)                                            1.462     6.231
R_dffe_Q_EN_LUT4_O_I3_LUT3_O_I2_LUT3_O.t_frag.XSL[0] (T_FRAG)                                                   0.000     6.231
R_dffe_Q_EN_LUT4_O_I3_LUT3_O_I2_LUT3_O.t_frag.XZ[0] (T_FRAG)                                                    1.462     7.693
R_dffe_Q_EN_LUT4_O_I3_LUT3_O.t_frag.XAB[0] (T_FRAG)                                                             0.000     7.693
R_dffe_Q_EN_LUT4_O_I3_LUT3_O.t_frag.XZ[0] (T_FRAG)                                                              1.305     8.998
R_dffe_Q_EN_LUT4_O.c_frag.TBS[0] (C_FRAG)                                                                       0.000     8.998
R_dffe_Q_EN_LUT4_O.c_frag.CZ[0] (C_FRAG)                                                                        0.996     9.994
delay_dff_Q_9_D_LUT3_O_17.t_frag.XAB[0] (T_FRAG)                                                                0.000     9.994
delay_dff_Q_9_D_LUT3_O_17.t_frag.XZ[0] (T_FRAG)                                                                 1.305    11.299
delay_dff_Q_22.QD[0] (Q_FRAG)                                                                                   0.000    11.299
data arrival time                                                                                                        11.299

clock clk (rise edge)                                                                                           0.000     0.000
clock source latency                                                                                            0.000     0.000
u_qlal4s3b_cell_macro.Sys_Clk0[0] (ASSP)                                                                        0.000     0.000
delay_dff_Q_22.QCK[0] (Q_FRAG)                                                                                  0.000     0.000
clock uncertainty                                                                                               0.000     0.000
cell setup time                                                                                                 0.105     0.105
data required time                                                                                                        0.105
-------------------------------------------------------------------------------------------------------------------------------
data required time                                                                                                        0.105
data arrival time                                                                                                       -11.299
-------------------------------------------------------------------------------------------------------------------------------
slack (VIOLATED)                                                                                                        -11.194


#Path 9
Startpoint: delay_dff_Q_25.QZ[0] (Q_FRAG clocked by clk)
Endpoint  : delay_dff_Q_23.QD[0] (Q_FRAG clocked by clk)
Path Type : setup

Point                                                                                                            Incr      Path
-------------------------------------------------------------------------------------------------------------------------------
clock clk (rise edge)                                                                                           0.000     0.000
clock source latency                                                                                            0.000     0.000
u_qlal4s3b_cell_macro.Sys_Clk0[0] (ASSP)                                                                        0.000     0.000
delay_dff_Q_25.QCK[0] (Q_FRAG)                                                                                  0.000     0.000
delay_dff_Q_25.QZ[0] (Q_FRAG) [clock-to-output]                                                                 1.701     1.701
delay_dff_Q_9_D_LUT3_O_14_I1_LUT4_O_I3_LUT3_I2_I1_LUT3_O_I0_LUT2_O.t_frag.XSL[0] (T_FRAG)                       0.000     1.701
delay_dff_Q_9_D_LUT3_O_14_I1_LUT4_O_I3_LUT3_I2_I1_LUT3_O_I0_LUT2_O.t_frag.XZ[0] (T_FRAG)                        1.462     3.164
delay_dff_Q_9_D_LUT3_O_14_I1_LUT4_O_I3_LUT3_I2_I1_LUT3_O.t_frag.XA2[0] (T_FRAG)                                 0.000     3.164
delay_dff_Q_9_D_LUT3_O_14_I1_LUT4_O_I3_LUT3_I2_I1_LUT3_O.t_frag.XZ[0] (T_FRAG)                                  1.605     4.769
delay_dff_Q_9_D_LUT3_O_14_I1_LUT4_O_I3_LUT3_I2.t_frag.XSL[0] (T_FRAG)                                           0.000     4.769
delay_dff_Q_9_D_LUT3_O_14_I1_LUT4_O_I3_LUT3_I2.t_frag.XZ[0] (T_FRAG)                                            1.462     6.231
R_dffe_Q_EN_LUT4_O_I3_LUT3_O_I2_LUT3_O.t_frag.XSL[0] (T_FRAG)                                                   0.000     6.231
R_dffe_Q_EN_LUT4_O_I3_LUT3_O_I2_LUT3_O.t_frag.XZ[0] (T_FRAG)                                                    1.462     7.693
R_dffe_Q_EN_LUT4_O_I3_LUT3_O.t_frag.XAB[0] (T_FRAG)                                                             0.000     7.693
R_dffe_Q_EN_LUT4_O_I3_LUT3_O.t_frag.XZ[0] (T_FRAG)                                                              1.305     8.998
R_dffe_Q_EN_LUT4_O.c_frag.TBS[0] (C_FRAG)                                                                       0.000     8.998
R_dffe_Q_EN_LUT4_O.c_frag.CZ[0] (C_FRAG)                                                                        0.996     9.994
delay_dff_Q_9_D_LUT3_O_18.t_frag.XAB[0] (T_FRAG)                                                                0.000     9.994
delay_dff_Q_9_D_LUT3_O_18.t_frag.XZ[0] (T_FRAG)                                                                 1.305    11.299
delay_dff_Q_23.QD[0] (Q_FRAG)                                                                                   0.000    11.299
data arrival time                                                                                                        11.299

clock clk (rise edge)                                                                                           0.000     0.000
clock source latency                                                                                            0.000     0.000
u_qlal4s3b_cell_macro.Sys_Clk0[0] (ASSP)                                                                        0.000     0.000
delay_dff_Q_23.QCK[0] (Q_FRAG)                                                                                  0.000     0.000
clock uncertainty                                                                                               0.000     0.000
cell setup time                                                                                                 0.105     0.105
data required time                                                                                                        0.105
-------------------------------------------------------------------------------------------------------------------------------
data required time                                                                                                        0.105
data arrival time                                                                                                       -11.299
-------------------------------------------------------------------------------------------------------------------------------
slack (VIOLATED)                                                                                                        -11.194


#Path 10
Startpoint: delay_dff_Q_25.QZ[0] (Q_FRAG clocked by clk)
Endpoint  : delay_dff_Q_25.QD[0] (Q_FRAG clocked by clk)
Path Type : setup

Point                                                                                                            Incr      Path
-------------------------------------------------------------------------------------------------------------------------------
clock clk (rise edge)                                                                                           0.000     0.000
clock source latency                                                                                            0.000     0.000
u_qlal4s3b_cell_macro.Sys_Clk0[0] (ASSP)                                                                        0.000     0.000
delay_dff_Q_25.QCK[0] (Q_FRAG)                                                                                  0.000     0.000
delay_dff_Q_25.QZ[0] (Q_FRAG) [clock-to-output]                                                                 1.701     1.701
delay_dff_Q_9_D_LUT3_O_14_I1_LUT4_O_I3_LUT3_I2_I1_LUT3_O_I0_LUT2_O.t_frag.XSL[0] (T_FRAG)                       0.000     1.701
delay_dff_Q_9_D_LUT3_O_14_I1_LUT4_O_I3_LUT3_I2_I1_LUT3_O_I0_LUT2_O.t_frag.XZ[0] (T_FRAG)                        1.462     3.164
delay_dff_Q_9_D_LUT3_O_14_I1_LUT4_O_I3_LUT3_I2_I1_LUT3_O.t_frag.XA2[0] (T_FRAG)                                 0.000     3.164
delay_dff_Q_9_D_LUT3_O_14_I1_LUT4_O_I3_LUT3_I2_I1_LUT3_O.t_frag.XZ[0] (T_FRAG)                                  1.605     4.769
delay_dff_Q_9_D_LUT3_O_14_I1_LUT4_O_I3_LUT3_I2.t_frag.XSL[0] (T_FRAG)                                           0.000     4.769
delay_dff_Q_9_D_LUT3_O_14_I1_LUT4_O_I3_LUT3_I2.t_frag.XZ[0] (T_FRAG)                                            1.462     6.231
R_dffe_Q_EN_LUT4_O_I3_LUT3_O_I2_LUT3_O.t_frag.XSL[0] (T_FRAG)                                                   0.000     6.231
R_dffe_Q_EN_LUT4_O_I3_LUT3_O_I2_LUT3_O.t_frag.XZ[0] (T_FRAG)                                                    1.462     7.693
R_dffe_Q_EN_LUT4_O_I3_LUT3_O.t_frag.XAB[0] (T_FRAG)                                                             0.000     7.693
R_dffe_Q_EN_LUT4_O_I3_LUT3_O.t_frag.XZ[0] (T_FRAG)                                                              1.305     8.998
R_dffe_Q_EN_LUT4_O.c_frag.TBS[0] (C_FRAG)                                                                       0.000     8.998
R_dffe_Q_EN_LUT4_O.c_frag.CZ[0] (C_FRAG)                                                                        0.996     9.994
delay_dff_Q_9_D_LUT3_O_19.t_frag.XAB[0] (T_FRAG)                                                                0.000     9.994
delay_dff_Q_9_D_LUT3_O_19.t_frag.XZ[0] (T_FRAG)                                                                 1.305    11.299
delay_dff_Q_25.QD[0] (Q_FRAG)                                                                                   0.000    11.299
data arrival time                                                                                                        11.299

clock clk (rise edge)                                                                                           0.000     0.000
clock source latency                                                                                            0.000     0.000
u_qlal4s3b_cell_macro.Sys_Clk0[0] (ASSP)                                                                        0.000     0.000
delay_dff_Q_25.QCK[0] (Q_FRAG)                                                                                  0.000     0.000
clock uncertainty                                                                                               0.000     0.000
cell setup time                                                                                                 0.105     0.105
data required time                                                                                                        0.105
-------------------------------------------------------------------------------------------------------------------------------
data required time                                                                                                        0.105
data arrival time                                                                                                       -11.299
-------------------------------------------------------------------------------------------------------------------------------
slack (VIOLATED)                                                                                                        -11.194


#Path 11
Startpoint: delay_dff_Q_25.QZ[0] (Q_FRAG clocked by clk)
Endpoint  : delay_dff_Q_6.QD[0] (Q_FRAG clocked by clk)
Path Type : setup

Point                                                                                                            Incr      Path
-------------------------------------------------------------------------------------------------------------------------------
clock clk (rise edge)                                                                                           0.000     0.000
clock source latency                                                                                            0.000     0.000
u_qlal4s3b_cell_macro.Sys_Clk0[0] (ASSP)                                                                        0.000     0.000
delay_dff_Q_25.QCK[0] (Q_FRAG)                                                                                  0.000     0.000
delay_dff_Q_25.QZ[0] (Q_FRAG) [clock-to-output]                                                                 1.701     1.701
delay_dff_Q_9_D_LUT3_O_14_I1_LUT4_O_I3_LUT3_I2_I1_LUT3_O_I0_LUT2_O.t_frag.XSL[0] (T_FRAG)                       0.000     1.701
delay_dff_Q_9_D_LUT3_O_14_I1_LUT4_O_I3_LUT3_I2_I1_LUT3_O_I0_LUT2_O.t_frag.XZ[0] (T_FRAG)                        1.462     3.164
delay_dff_Q_9_D_LUT3_O_14_I1_LUT4_O_I3_LUT3_I2_I1_LUT3_O.t_frag.XA2[0] (T_FRAG)                                 0.000     3.164
delay_dff_Q_9_D_LUT3_O_14_I1_LUT4_O_I3_LUT3_I2_I1_LUT3_O.t_frag.XZ[0] (T_FRAG)                                  1.605     4.769
delay_dff_Q_9_D_LUT3_O_14_I1_LUT4_O_I3_LUT3_I2.t_frag.XSL[0] (T_FRAG)                                           0.000     4.769
delay_dff_Q_9_D_LUT3_O_14_I1_LUT4_O_I3_LUT3_I2.t_frag.XZ[0] (T_FRAG)                                            1.462     6.231
R_dffe_Q_EN_LUT4_O_I3_LUT3_O_I2_LUT3_O.t_frag.XSL[0] (T_FRAG)                                                   0.000     6.231
R_dffe_Q_EN_LUT4_O_I3_LUT3_O_I2_LUT3_O.t_frag.XZ[0] (T_FRAG)                                                    1.462     7.693
R_dffe_Q_EN_LUT4_O_I3_LUT3_O.t_frag.XAB[0] (T_FRAG)                                                             0.000     7.693
R_dffe_Q_EN_LUT4_O_I3_LUT3_O.t_frag.XZ[0] (T_FRAG)                                                              1.305     8.998
R_dffe_Q_EN_LUT4_O.c_frag.TBS[0] (C_FRAG)                                                                       0.000     8.998
R_dffe_Q_EN_LUT4_O.c_frag.CZ[0] (C_FRAG)                                                                        0.996     9.994
delay_dff_Q_9_D_LUT3_O_3.t_frag.XAB[0] (T_FRAG)                                                                 0.000     9.994
delay_dff_Q_9_D_LUT3_O_3.t_frag.XZ[0] (T_FRAG)                                                                  1.305    11.299
delay_dff_Q_6.QD[0] (Q_FRAG)                                                                                    0.000    11.299
data arrival time                                                                                                        11.299

clock clk (rise edge)                                                                                           0.000     0.000
clock source latency                                                                                            0.000     0.000
u_qlal4s3b_cell_macro.Sys_Clk0[0] (ASSP)                                                                        0.000     0.000
delay_dff_Q_6.QCK[0] (Q_FRAG)                                                                                   0.000     0.000
clock uncertainty                                                                                               0.000     0.000
cell setup time                                                                                                 0.105     0.105
data required time                                                                                                        0.105
-------------------------------------------------------------------------------------------------------------------------------
data required time                                                                                                        0.105
data arrival time                                                                                                       -11.299
-------------------------------------------------------------------------------------------------------------------------------
slack (VIOLATED)                                                                                                        -11.194


#Path 12
Startpoint: delay_dff_Q_25.QZ[0] (Q_FRAG clocked by clk)
Endpoint  : delay_dff_Q_8.QD[0] (Q_FRAG clocked by clk)
Path Type : setup

Point                                                                                                            Incr      Path
-------------------------------------------------------------------------------------------------------------------------------
clock clk (rise edge)                                                                                           0.000     0.000
clock source latency                                                                                            0.000     0.000
u_qlal4s3b_cell_macro.Sys_Clk0[0] (ASSP)                                                                        0.000     0.000
delay_dff_Q_25.QCK[0] (Q_FRAG)                                                                                  0.000     0.000
delay_dff_Q_25.QZ[0] (Q_FRAG) [clock-to-output]                                                                 1.701     1.701
delay_dff_Q_9_D_LUT3_O_14_I1_LUT4_O_I3_LUT3_I2_I1_LUT3_O_I0_LUT2_O.t_frag.XSL[0] (T_FRAG)                       0.000     1.701
delay_dff_Q_9_D_LUT3_O_14_I1_LUT4_O_I3_LUT3_I2_I1_LUT3_O_I0_LUT2_O.t_frag.XZ[0] (T_FRAG)                        1.462     3.164
delay_dff_Q_9_D_LUT3_O_14_I1_LUT4_O_I3_LUT3_I2_I1_LUT3_O.t_frag.XA2[0] (T_FRAG)                                 0.000     3.164
delay_dff_Q_9_D_LUT3_O_14_I1_LUT4_O_I3_LUT3_I2_I1_LUT3_O.t_frag.XZ[0] (T_FRAG)                                  1.605     4.769
delay_dff_Q_9_D_LUT3_O_14_I1_LUT4_O_I3_LUT3_I2.t_frag.XSL[0] (T_FRAG)                                           0.000     4.769
delay_dff_Q_9_D_LUT3_O_14_I1_LUT4_O_I3_LUT3_I2.t_frag.XZ[0] (T_FRAG)                                            1.462     6.231
R_dffe_Q_EN_LUT4_O_I3_LUT3_O_I2_LUT3_O.t_frag.XSL[0] (T_FRAG)                                                   0.000     6.231
R_dffe_Q_EN_LUT4_O_I3_LUT3_O_I2_LUT3_O.t_frag.XZ[0] (T_FRAG)                                                    1.462     7.693
R_dffe_Q_EN_LUT4_O_I3_LUT3_O.t_frag.XAB[0] (T_FRAG)                                                             0.000     7.693
R_dffe_Q_EN_LUT4_O_I3_LUT3_O.t_frag.XZ[0] (T_FRAG)                                                              1.305     8.998
R_dffe_Q_EN_LUT4_O.c_frag.TBS[0] (C_FRAG)                                                                       0.000     8.998
R_dffe_Q_EN_LUT4_O.c_frag.CZ[0] (C_FRAG)                                                                        0.996     9.994
delay_dff_Q_9_D_LUT3_O_5.t_frag.XAB[0] (T_FRAG)                                                                 0.000     9.994
delay_dff_Q_9_D_LUT3_O_5.t_frag.XZ[0] (T_FRAG)                                                                  1.305    11.299
delay_dff_Q_8.QD[0] (Q_FRAG)                                                                                    0.000    11.299
data arrival time                                                                                                        11.299

clock clk (rise edge)                                                                                           0.000     0.000
clock source latency                                                                                            0.000     0.000
u_qlal4s3b_cell_macro.Sys_Clk0[0] (ASSP)                                                                        0.000     0.000
delay_dff_Q_8.QCK[0] (Q_FRAG)                                                                                   0.000     0.000
clock uncertainty                                                                                               0.000     0.000
cell setup time                                                                                                 0.105     0.105
data required time                                                                                                        0.105
-------------------------------------------------------------------------------------------------------------------------------
data required time                                                                                                        0.105
data arrival time                                                                                                       -11.299
-------------------------------------------------------------------------------------------------------------------------------
slack (VIOLATED)                                                                                                        -11.194


#Path 13
Startpoint: delay_dff_Q_25.QZ[0] (Q_FRAG clocked by clk)
Endpoint  : delay_dff_Q_10.QD[0] (Q_FRAG clocked by clk)
Path Type : setup

Point                                                                                                            Incr      Path
-------------------------------------------------------------------------------------------------------------------------------
clock clk (rise edge)                                                                                           0.000     0.000
clock source latency                                                                                            0.000     0.000
u_qlal4s3b_cell_macro.Sys_Clk0[0] (ASSP)                                                                        0.000     0.000
delay_dff_Q_25.QCK[0] (Q_FRAG)                                                                                  0.000     0.000
delay_dff_Q_25.QZ[0] (Q_FRAG) [clock-to-output]                                                                 1.701     1.701
delay_dff_Q_9_D_LUT3_O_14_I1_LUT4_O_I3_LUT3_I2_I1_LUT3_O_I0_LUT2_O.t_frag.XSL[0] (T_FRAG)                       0.000     1.701
delay_dff_Q_9_D_LUT3_O_14_I1_LUT4_O_I3_LUT3_I2_I1_LUT3_O_I0_LUT2_O.t_frag.XZ[0] (T_FRAG)                        1.462     3.164
delay_dff_Q_9_D_LUT3_O_14_I1_LUT4_O_I3_LUT3_I2_I1_LUT3_O.t_frag.XA2[0] (T_FRAG)                                 0.000     3.164
delay_dff_Q_9_D_LUT3_O_14_I1_LUT4_O_I3_LUT3_I2_I1_LUT3_O.t_frag.XZ[0] (T_FRAG)                                  1.605     4.769
delay_dff_Q_9_D_LUT3_O_14_I1_LUT4_O_I3_LUT3_I2.t_frag.XSL[0] (T_FRAG)                                           0.000     4.769
delay_dff_Q_9_D_LUT3_O_14_I1_LUT4_O_I3_LUT3_I2.t_frag.XZ[0] (T_FRAG)                                            1.462     6.231
R_dffe_Q_EN_LUT4_O_I3_LUT3_O_I2_LUT3_O.t_frag.XSL[0] (T_FRAG)                                                   0.000     6.231
R_dffe_Q_EN_LUT4_O_I3_LUT3_O_I2_LUT3_O.t_frag.XZ[0] (T_FRAG)                                                    1.462     7.693
R_dffe_Q_EN_LUT4_O_I3_LUT3_O.t_frag.XAB[0] (T_FRAG)                                                             0.000     7.693
R_dffe_Q_EN_LUT4_O_I3_LUT3_O.t_frag.XZ[0] (T_FRAG)                                                              1.305     8.998
R_dffe_Q_EN_LUT4_O.c_frag.TBS[0] (C_FRAG)                                                                       0.000     8.998
R_dffe_Q_EN_LUT4_O.c_frag.CZ[0] (C_FRAG)                                                                        0.996     9.994
delay_dff_Q_9_D_LUT3_O_7.t_frag.XAB[0] (T_FRAG)                                                                 0.000     9.994
delay_dff_Q_9_D_LUT3_O_7.t_frag.XZ[0] (T_FRAG)                                                                  1.305    11.299
delay_dff_Q_10.QD[0] (Q_FRAG)                                                                                   0.000    11.299
data arrival time                                                                                                        11.299

clock clk (rise edge)                                                                                           0.000     0.000
clock source latency                                                                                            0.000     0.000
u_qlal4s3b_cell_macro.Sys_Clk0[0] (ASSP)                                                                        0.000     0.000
delay_dff_Q_10.QCK[0] (Q_FRAG)                                                                                  0.000     0.000
clock uncertainty                                                                                               0.000     0.000
cell setup time                                                                                                 0.105     0.105
data required time                                                                                                        0.105
-------------------------------------------------------------------------------------------------------------------------------
data required time                                                                                                        0.105
data arrival time                                                                                                       -11.299
-------------------------------------------------------------------------------------------------------------------------------
slack (VIOLATED)                                                                                                        -11.194


#Path 14
Startpoint: delay_dff_Q_25.QZ[0] (Q_FRAG clocked by clk)
Endpoint  : delay_dff_Q_11.QD[0] (Q_FRAG clocked by clk)
Path Type : setup

Point                                                                                                            Incr      Path
-------------------------------------------------------------------------------------------------------------------------------
clock clk (rise edge)                                                                                           0.000     0.000
clock source latency                                                                                            0.000     0.000
u_qlal4s3b_cell_macro.Sys_Clk0[0] (ASSP)                                                                        0.000     0.000
delay_dff_Q_25.QCK[0] (Q_FRAG)                                                                                  0.000     0.000
delay_dff_Q_25.QZ[0] (Q_FRAG) [clock-to-output]                                                                 1.701     1.701
delay_dff_Q_9_D_LUT3_O_14_I1_LUT4_O_I3_LUT3_I2_I1_LUT3_O_I0_LUT2_O.t_frag.XSL[0] (T_FRAG)                       0.000     1.701
delay_dff_Q_9_D_LUT3_O_14_I1_LUT4_O_I3_LUT3_I2_I1_LUT3_O_I0_LUT2_O.t_frag.XZ[0] (T_FRAG)                        1.462     3.164
delay_dff_Q_9_D_LUT3_O_14_I1_LUT4_O_I3_LUT3_I2_I1_LUT3_O.t_frag.XA2[0] (T_FRAG)                                 0.000     3.164
delay_dff_Q_9_D_LUT3_O_14_I1_LUT4_O_I3_LUT3_I2_I1_LUT3_O.t_frag.XZ[0] (T_FRAG)                                  1.605     4.769
delay_dff_Q_9_D_LUT3_O_14_I1_LUT4_O_I3_LUT3_I2.t_frag.XSL[0] (T_FRAG)                                           0.000     4.769
delay_dff_Q_9_D_LUT3_O_14_I1_LUT4_O_I3_LUT3_I2.t_frag.XZ[0] (T_FRAG)                                            1.462     6.231
R_dffe_Q_EN_LUT4_O_I3_LUT3_O_I2_LUT3_O.t_frag.XSL[0] (T_FRAG)                                                   0.000     6.231
R_dffe_Q_EN_LUT4_O_I3_LUT3_O_I2_LUT3_O.t_frag.XZ[0] (T_FRAG)                                                    1.462     7.693
R_dffe_Q_EN_LUT4_O_I3_LUT3_O.t_frag.XAB[0] (T_FRAG)                                                             0.000     7.693
R_dffe_Q_EN_LUT4_O_I3_LUT3_O.t_frag.XZ[0] (T_FRAG)                                                              1.305     8.998
R_dffe_Q_EN_LUT4_O.c_frag.TBS[0] (C_FRAG)                                                                       0.000     8.998
R_dffe_Q_EN_LUT4_O.c_frag.CZ[0] (C_FRAG)                                                                        0.996     9.994
delay_dff_Q_9_D_LUT3_O_8.t_frag.XAB[0] (T_FRAG)                                                                 0.000     9.994
delay_dff_Q_9_D_LUT3_O_8.t_frag.XZ[0] (T_FRAG)                                                                  1.305    11.299
delay_dff_Q_11.QD[0] (Q_FRAG)                                                                                   0.000    11.299
data arrival time                                                                                                        11.299

clock clk (rise edge)                                                                                           0.000     0.000
clock source latency                                                                                            0.000     0.000
u_qlal4s3b_cell_macro.Sys_Clk0[0] (ASSP)                                                                        0.000     0.000
delay_dff_Q_11.QCK[0] (Q_FRAG)                                                                                  0.000     0.000
clock uncertainty                                                                                               0.000     0.000
cell setup time                                                                                                 0.105     0.105
data required time                                                                                                        0.105
-------------------------------------------------------------------------------------------------------------------------------
data required time                                                                                                        0.105
data arrival time                                                                                                       -11.299
-------------------------------------------------------------------------------------------------------------------------------
slack (VIOLATED)                                                                                                        -11.194


#Path 15
Startpoint: delay_dff_Q_25.QZ[0] (Q_FRAG clocked by clk)
Endpoint  : delay_dff_Q_12.QD[0] (Q_FRAG clocked by clk)
Path Type : setup

Point                                                                                                            Incr      Path
-------------------------------------------------------------------------------------------------------------------------------
clock clk (rise edge)                                                                                           0.000     0.000
clock source latency                                                                                            0.000     0.000
u_qlal4s3b_cell_macro.Sys_Clk0[0] (ASSP)                                                                        0.000     0.000
delay_dff_Q_25.QCK[0] (Q_FRAG)                                                                                  0.000     0.000
delay_dff_Q_25.QZ[0] (Q_FRAG) [clock-to-output]                                                                 1.701     1.701
delay_dff_Q_9_D_LUT3_O_14_I1_LUT4_O_I3_LUT3_I2_I1_LUT3_O_I0_LUT2_O.t_frag.XSL[0] (T_FRAG)                       0.000     1.701
delay_dff_Q_9_D_LUT3_O_14_I1_LUT4_O_I3_LUT3_I2_I1_LUT3_O_I0_LUT2_O.t_frag.XZ[0] (T_FRAG)                        1.462     3.164
delay_dff_Q_9_D_LUT3_O_14_I1_LUT4_O_I3_LUT3_I2_I1_LUT3_O.t_frag.XA2[0] (T_FRAG)                                 0.000     3.164
delay_dff_Q_9_D_LUT3_O_14_I1_LUT4_O_I3_LUT3_I2_I1_LUT3_O.t_frag.XZ[0] (T_FRAG)                                  1.605     4.769
delay_dff_Q_9_D_LUT3_O_14_I1_LUT4_O_I3_LUT3_I2.t_frag.XSL[0] (T_FRAG)                                           0.000     4.769
delay_dff_Q_9_D_LUT3_O_14_I1_LUT4_O_I3_LUT3_I2.t_frag.XZ[0] (T_FRAG)                                            1.462     6.231
R_dffe_Q_EN_LUT4_O_I3_LUT3_O_I2_LUT3_O.t_frag.XSL[0] (T_FRAG)                                                   0.000     6.231
R_dffe_Q_EN_LUT4_O_I3_LUT3_O_I2_LUT3_O.t_frag.XZ[0] (T_FRAG)                                                    1.462     7.693
R_dffe_Q_EN_LUT4_O_I3_LUT3_O.t_frag.XAB[0] (T_FRAG)                                                             0.000     7.693
R_dffe_Q_EN_LUT4_O_I3_LUT3_O.t_frag.XZ[0] (T_FRAG)                                                              1.305     8.998
R_dffe_Q_EN_LUT4_O.c_frag.TBS[0] (C_FRAG)                                                                       0.000     8.998
R_dffe_Q_EN_LUT4_O.c_frag.CZ[0] (C_FRAG)                                                                        0.996     9.994
delay_dff_Q_9_D_LUT3_O_9.t_frag.XAB[0] (T_FRAG)                                                                 0.000     9.994
delay_dff_Q_9_D_LUT3_O_9.t_frag.XZ[0] (T_FRAG)                                                                  1.305    11.299
delay_dff_Q_12.QD[0] (Q_FRAG)                                                                                   0.000    11.299
data arrival time                                                                                                        11.299

clock clk (rise edge)                                                                                           0.000     0.000
clock source latency                                                                                            0.000     0.000
u_qlal4s3b_cell_macro.Sys_Clk0[0] (ASSP)                                                                        0.000     0.000
delay_dff_Q_12.QCK[0] (Q_FRAG)                                                                                  0.000     0.000
clock uncertainty                                                                                               0.000     0.000
cell setup time                                                                                                 0.105     0.105
data required time                                                                                                        0.105
-------------------------------------------------------------------------------------------------------------------------------
data required time                                                                                                        0.105
data arrival time                                                                                                       -11.299
-------------------------------------------------------------------------------------------------------------------------------
slack (VIOLATED)                                                                                                        -11.194


#Path 16
Startpoint: delay_dff_Q_25.QZ[0] (Q_FRAG clocked by clk)
Endpoint  : delay_dff_Q_7.QD[0] (Q_FRAG clocked by clk)
Path Type : setup

Point                                                                                                            Incr      Path
-------------------------------------------------------------------------------------------------------------------------------
clock clk (rise edge)                                                                                           0.000     0.000
clock source latency                                                                                            0.000     0.000
u_qlal4s3b_cell_macro.Sys_Clk0[0] (ASSP)                                                                        0.000     0.000
delay_dff_Q_25.QCK[0] (Q_FRAG)                                                                                  0.000     0.000
delay_dff_Q_25.QZ[0] (Q_FRAG) [clock-to-output]                                                                 1.701     1.701
delay_dff_Q_9_D_LUT3_O_14_I1_LUT4_O_I3_LUT3_I2_I1_LUT3_O_I0_LUT2_O.t_frag.XSL[0] (T_FRAG)                       0.000     1.701
delay_dff_Q_9_D_LUT3_O_14_I1_LUT4_O_I3_LUT3_I2_I1_LUT3_O_I0_LUT2_O.t_frag.XZ[0] (T_FRAG)                        1.462     3.164
delay_dff_Q_9_D_LUT3_O_14_I1_LUT4_O_I3_LUT3_I2_I1_LUT3_O.t_frag.XA2[0] (T_FRAG)                                 0.000     3.164
delay_dff_Q_9_D_LUT3_O_14_I1_LUT4_O_I3_LUT3_I2_I1_LUT3_O.t_frag.XZ[0] (T_FRAG)                                  1.605     4.769
delay_dff_Q_9_D_LUT3_O_14_I1_LUT4_O_I3_LUT3_I2.t_frag.XSL[0] (T_FRAG)                                           0.000     4.769
delay_dff_Q_9_D_LUT3_O_14_I1_LUT4_O_I3_LUT3_I2.t_frag.XZ[0] (T_FRAG)                                            1.462     6.231
R_dffe_Q_EN_LUT4_O_I3_LUT3_O_I2_LUT3_O.t_frag.XSL[0] (T_FRAG)                                                   0.000     6.231
R_dffe_Q_EN_LUT4_O_I3_LUT3_O_I2_LUT3_O.t_frag.XZ[0] (T_FRAG)                                                    1.462     7.693
R_dffe_Q_EN_LUT4_O_I3_LUT3_O.t_frag.XAB[0] (T_FRAG)                                                             0.000     7.693
R_dffe_Q_EN_LUT4_O_I3_LUT3_O.t_frag.XZ[0] (T_FRAG)                                                              1.305     8.998
R_dffe_Q_EN_LUT4_O.c_frag.TBS[0] (C_FRAG)                                                                       0.000     8.998
R_dffe_Q_EN_LUT4_O.c_frag.CZ[0] (C_FRAG)                                                                        0.996     9.994
delay_dff_Q_9_D_LUT3_O_4.t_frag.XAB[0] (T_FRAG)                                                                 0.000     9.994
delay_dff_Q_9_D_LUT3_O_4.t_frag.XZ[0] (T_FRAG)                                                                  1.305    11.299
delay_dff_Q_7.QD[0] (Q_FRAG)                                                                                    0.000    11.299
data arrival time                                                                                                        11.299

clock clk (rise edge)                                                                                           0.000     0.000
clock source latency                                                                                            0.000     0.000
u_qlal4s3b_cell_macro.Sys_Clk0[0] (ASSP)                                                                        0.000     0.000
delay_dff_Q_7.QCK[0] (Q_FRAG)                                                                                   0.000     0.000
clock uncertainty                                                                                               0.000     0.000
cell setup time                                                                                                 0.105     0.105
data required time                                                                                                        0.105
-------------------------------------------------------------------------------------------------------------------------------
data required time                                                                                                        0.105
data arrival time                                                                                                       -11.299
-------------------------------------------------------------------------------------------------------------------------------
slack (VIOLATED)                                                                                                        -11.194


#Path 17
Startpoint: delay_dff_Q_25.QZ[0] (Q_FRAG clocked by clk)
Endpoint  : delay_dff_Q_4.QD[0] (Q_FRAG clocked by clk)
Path Type : setup

Point                                                                                                            Incr      Path
-------------------------------------------------------------------------------------------------------------------------------
clock clk (rise edge)                                                                                           0.000     0.000
clock source latency                                                                                            0.000     0.000
u_qlal4s3b_cell_macro.Sys_Clk0[0] (ASSP)                                                                        0.000     0.000
delay_dff_Q_25.QCK[0] (Q_FRAG)                                                                                  0.000     0.000
delay_dff_Q_25.QZ[0] (Q_FRAG) [clock-to-output]                                                                 1.701     1.701
delay_dff_Q_9_D_LUT3_O_14_I1_LUT4_O_I3_LUT3_I2_I1_LUT3_O_I0_LUT2_O.t_frag.XSL[0] (T_FRAG)                       0.000     1.701
delay_dff_Q_9_D_LUT3_O_14_I1_LUT4_O_I3_LUT3_I2_I1_LUT3_O_I0_LUT2_O.t_frag.XZ[0] (T_FRAG)                        1.462     3.164
delay_dff_Q_9_D_LUT3_O_14_I1_LUT4_O_I3_LUT3_I2_I1_LUT3_O.t_frag.XA2[0] (T_FRAG)                                 0.000     3.164
delay_dff_Q_9_D_LUT3_O_14_I1_LUT4_O_I3_LUT3_I2_I1_LUT3_O.t_frag.XZ[0] (T_FRAG)                                  1.605     4.769
delay_dff_Q_9_D_LUT3_O_14_I1_LUT4_O_I3_LUT3_I2.t_frag.XSL[0] (T_FRAG)                                           0.000     4.769
delay_dff_Q_9_D_LUT3_O_14_I1_LUT4_O_I3_LUT3_I2.t_frag.XZ[0] (T_FRAG)                                            1.462     6.231
R_dffe_Q_EN_LUT4_O_I3_LUT3_O_I2_LUT3_O.t_frag.XSL[0] (T_FRAG)                                                   0.000     6.231
R_dffe_Q_EN_LUT4_O_I3_LUT3_O_I2_LUT3_O.t_frag.XZ[0] (T_FRAG)                                                    1.462     7.693
R_dffe_Q_EN_LUT4_O_I3_LUT3_O.t_frag.XAB[0] (T_FRAG)                                                             0.000     7.693
R_dffe_Q_EN_LUT4_O_I3_LUT3_O.t_frag.XZ[0] (T_FRAG)                                                              1.305     8.998
R_dffe_Q_EN_LUT4_O.c_frag.TBS[0] (C_FRAG)                                                                       0.000     8.998
R_dffe_Q_EN_LUT4_O.c_frag.CZ[0] (C_FRAG)                                                                        0.996     9.994
delay_dff_Q_9_D_LUT3_O_1.t_frag.XAB[0] (T_FRAG)                                                                 0.000     9.994
delay_dff_Q_9_D_LUT3_O_1.t_frag.XZ[0] (T_FRAG)                                                                  1.305    11.299
delay_dff_Q_4.QD[0] (Q_FRAG)                                                                                    0.000    11.299
data arrival time                                                                                                        11.299

clock clk (rise edge)                                                                                           0.000     0.000
clock source latency                                                                                            0.000     0.000
u_qlal4s3b_cell_macro.Sys_Clk0[0] (ASSP)                                                                        0.000     0.000
delay_dff_Q_4.QCK[0] (Q_FRAG)                                                                                   0.000     0.000
clock uncertainty                                                                                               0.000     0.000
cell setup time                                                                                                 0.105     0.105
data required time                                                                                                        0.105
-------------------------------------------------------------------------------------------------------------------------------
data required time                                                                                                        0.105
data arrival time                                                                                                       -11.299
-------------------------------------------------------------------------------------------------------------------------------
slack (VIOLATED)                                                                                                        -11.194


#Path 18
Startpoint: delay_dff_Q_25.QZ[0] (Q_FRAG clocked by clk)
Endpoint  : delay_dff_Q_5.QD[0] (Q_FRAG clocked by clk)
Path Type : setup

Point                                                                                                            Incr      Path
-------------------------------------------------------------------------------------------------------------------------------
clock clk (rise edge)                                                                                           0.000     0.000
clock source latency                                                                                            0.000     0.000
u_qlal4s3b_cell_macro.Sys_Clk0[0] (ASSP)                                                                        0.000     0.000
delay_dff_Q_25.QCK[0] (Q_FRAG)                                                                                  0.000     0.000
delay_dff_Q_25.QZ[0] (Q_FRAG) [clock-to-output]                                                                 1.701     1.701
delay_dff_Q_9_D_LUT3_O_14_I1_LUT4_O_I3_LUT3_I2_I1_LUT3_O_I0_LUT2_O.t_frag.XSL[0] (T_FRAG)                       0.000     1.701
delay_dff_Q_9_D_LUT3_O_14_I1_LUT4_O_I3_LUT3_I2_I1_LUT3_O_I0_LUT2_O.t_frag.XZ[0] (T_FRAG)                        1.462     3.164
delay_dff_Q_9_D_LUT3_O_14_I1_LUT4_O_I3_LUT3_I2_I1_LUT3_O.t_frag.XA2[0] (T_FRAG)                                 0.000     3.164
delay_dff_Q_9_D_LUT3_O_14_I1_LUT4_O_I3_LUT3_I2_I1_LUT3_O.t_frag.XZ[0] (T_FRAG)                                  1.605     4.769
delay_dff_Q_9_D_LUT3_O_14_I1_LUT4_O_I3_LUT3_I2.t_frag.XSL[0] (T_FRAG)                                           0.000     4.769
delay_dff_Q_9_D_LUT3_O_14_I1_LUT4_O_I3_LUT3_I2.t_frag.XZ[0] (T_FRAG)                                            1.462     6.231
R_dffe_Q_EN_LUT4_O_I3_LUT3_O_I2_LUT3_O.t_frag.XSL[0] (T_FRAG)                                                   0.000     6.231
R_dffe_Q_EN_LUT4_O_I3_LUT3_O_I2_LUT3_O.t_frag.XZ[0] (T_FRAG)                                                    1.462     7.693
R_dffe_Q_EN_LUT4_O_I3_LUT3_O.t_frag.XAB[0] (T_FRAG)                                                             0.000     7.693
R_dffe_Q_EN_LUT4_O_I3_LUT3_O.t_frag.XZ[0] (T_FRAG)                                                              1.305     8.998
R_dffe_Q_EN_LUT4_O.c_frag.TBS[0] (C_FRAG)                                                                       0.000     8.998
R_dffe_Q_EN_LUT4_O.c_frag.CZ[0] (C_FRAG)                                                                        0.996     9.994
delay_dff_Q_9_D_LUT3_O_2.t_frag.XAB[0] (T_FRAG)                                                                 0.000     9.994
delay_dff_Q_9_D_LUT3_O_2.t_frag.XZ[0] (T_FRAG)                                                                  1.305    11.299
delay_dff_Q_5.QD[0] (Q_FRAG)                                                                                    0.000    11.299
data arrival time                                                                                                        11.299

clock clk (rise edge)                                                                                           0.000     0.000
clock source latency                                                                                            0.000     0.000
u_qlal4s3b_cell_macro.Sys_Clk0[0] (ASSP)                                                                        0.000     0.000
delay_dff_Q_5.QCK[0] (Q_FRAG)                                                                                   0.000     0.000
clock uncertainty                                                                                               0.000     0.000
cell setup time                                                                                                 0.105     0.105
data required time                                                                                                        0.105
-------------------------------------------------------------------------------------------------------------------------------
data required time                                                                                                        0.105
data arrival time                                                                                                       -11.299
-------------------------------------------------------------------------------------------------------------------------------
slack (VIOLATED)                                                                                                        -11.194


#Path 19
Startpoint: delay_dff_Q_25.QZ[0] (Q_FRAG clocked by clk)
Endpoint  : delay_dff_Q_3.QD[0] (Q_FRAG clocked by clk)
Path Type : setup

Point                                                                                                            Incr      Path
-------------------------------------------------------------------------------------------------------------------------------
clock clk (rise edge)                                                                                           0.000     0.000
clock source latency                                                                                            0.000     0.000
u_qlal4s3b_cell_macro.Sys_Clk0[0] (ASSP)                                                                        0.000     0.000
delay_dff_Q_25.QCK[0] (Q_FRAG)                                                                                  0.000     0.000
delay_dff_Q_25.QZ[0] (Q_FRAG) [clock-to-output]                                                                 1.701     1.701
delay_dff_Q_9_D_LUT3_O_14_I1_LUT4_O_I3_LUT3_I2_I1_LUT3_O_I0_LUT2_O.t_frag.XSL[0] (T_FRAG)                       0.000     1.701
delay_dff_Q_9_D_LUT3_O_14_I1_LUT4_O_I3_LUT3_I2_I1_LUT3_O_I0_LUT2_O.t_frag.XZ[0] (T_FRAG)                        1.462     3.164
delay_dff_Q_9_D_LUT3_O_14_I1_LUT4_O_I3_LUT3_I2_I1_LUT3_O.t_frag.XA2[0] (T_FRAG)                                 0.000     3.164
delay_dff_Q_9_D_LUT3_O_14_I1_LUT4_O_I3_LUT3_I2_I1_LUT3_O.t_frag.XZ[0] (T_FRAG)                                  1.605     4.769
delay_dff_Q_9_D_LUT3_O_14_I1_LUT4_O_I3_LUT3_I2.t_frag.XSL[0] (T_FRAG)                                           0.000     4.769
delay_dff_Q_9_D_LUT3_O_14_I1_LUT4_O_I3_LUT3_I2.t_frag.XZ[0] (T_FRAG)                                            1.462     6.231
R_dffe_Q_EN_LUT4_O_I3_LUT3_O_I2_LUT3_O.t_frag.XSL[0] (T_FRAG)                                                   0.000     6.231
R_dffe_Q_EN_LUT4_O_I3_LUT3_O_I2_LUT3_O.t_frag.XZ[0] (T_FRAG)                                                    1.462     7.693
R_dffe_Q_EN_LUT4_O_I3_LUT3_O.t_frag.XAB[0] (T_FRAG)                                                             0.000     7.693
R_dffe_Q_EN_LUT4_O_I3_LUT3_O.t_frag.XZ[0] (T_FRAG)                                                              1.305     8.998
R_dffe_Q_EN_LUT4_O.c_frag.TBS[0] (C_FRAG)                                                                       0.000     8.998
R_dffe_Q_EN_LUT4_O.c_frag.CZ[0] (C_FRAG)                                                                        0.996     9.994
delay_dff_Q_9_D_LUT3_O.t_frag.XAB[0] (T_FRAG)                                                                   0.000     9.994
delay_dff_Q_9_D_LUT3_O.t_frag.XZ[0] (T_FRAG)                                                                    1.305    11.299
delay_dff_Q_3.QD[0] (Q_FRAG)                                                                                    0.000    11.299
data arrival time                                                                                                        11.299

clock clk (rise edge)                                                                                           0.000     0.000
clock source latency                                                                                            0.000     0.000
u_qlal4s3b_cell_macro.Sys_Clk0[0] (ASSP)                                                                        0.000     0.000
delay_dff_Q_3.QCK[0] (Q_FRAG)                                                                                   0.000     0.000
clock uncertainty                                                                                               0.000     0.000
cell setup time                                                                                                 0.105     0.105
data required time                                                                                                        0.105
-------------------------------------------------------------------------------------------------------------------------------
data required time                                                                                                        0.105
data arrival time                                                                                                       -11.299
-------------------------------------------------------------------------------------------------------------------------------
slack (VIOLATED)                                                                                                        -11.194


#Path 20
Startpoint: delay_dff_Q_25.QZ[0] (Q_FRAG clocked by clk)
Endpoint  : delay_dff_Q_20.QD[0] (Q_FRAG clocked by clk)
Path Type : setup

Point                                                                                                            Incr      Path
-------------------------------------------------------------------------------------------------------------------------------
clock clk (rise edge)                                                                                           0.000     0.000
clock source latency                                                                                            0.000     0.000
u_qlal4s3b_cell_macro.Sys_Clk0[0] (ASSP)                                                                        0.000     0.000
delay_dff_Q_25.QCK[0] (Q_FRAG)                                                                                  0.000     0.000
delay_dff_Q_25.QZ[0] (Q_FRAG) [clock-to-output]                                                                 1.701     1.701
delay_dff_Q_9_D_LUT3_O_14_I1_LUT4_O_I3_LUT3_I2_I1_LUT3_O_I0_LUT2_O.t_frag.XSL[0] (T_FRAG)                       0.000     1.701
delay_dff_Q_9_D_LUT3_O_14_I1_LUT4_O_I3_LUT3_I2_I1_LUT3_O_I0_LUT2_O.t_frag.XZ[0] (T_FRAG)                        1.462     3.164
delay_dff_Q_9_D_LUT3_O_14_I1_LUT4_O_I3_LUT3_I2_I1_LUT3_O.t_frag.XA2[0] (T_FRAG)                                 0.000     3.164
delay_dff_Q_9_D_LUT3_O_14_I1_LUT4_O_I3_LUT3_I2_I1_LUT3_O.t_frag.XZ[0] (T_FRAG)                                  1.605     4.769
delay_dff_Q_9_D_LUT3_O_14_I1_LUT4_O_I3_LUT3_I2.t_frag.XSL[0] (T_FRAG)                                           0.000     4.769
delay_dff_Q_9_D_LUT3_O_14_I1_LUT4_O_I3_LUT3_I2.t_frag.XZ[0] (T_FRAG)                                            1.462     6.231
R_dffe_Q_EN_LUT4_O_I3_LUT3_O_I2_LUT3_O.t_frag.XSL[0] (T_FRAG)                                                   0.000     6.231
R_dffe_Q_EN_LUT4_O_I3_LUT3_O_I2_LUT3_O.t_frag.XZ[0] (T_FRAG)                                                    1.462     7.693
R_dffe_Q_EN_LUT4_O_I3_LUT3_O.t_frag.XAB[0] (T_FRAG)                                                             0.000     7.693
R_dffe_Q_EN_LUT4_O_I3_LUT3_O.t_frag.XZ[0] (T_FRAG)                                                              1.305     8.998
R_dffe_Q_EN_LUT4_O.c_frag.TBS[0] (C_FRAG)                                                                       0.000     8.998
R_dffe_Q_EN_LUT4_O.c_frag.CZ[0] (C_FRAG)                                                                        0.996     9.994
delay_dff_Q_9_D_LUT3_O_15.t_frag.XAB[0] (T_FRAG)                                                                0.000     9.994
delay_dff_Q_9_D_LUT3_O_15.t_frag.XZ[0] (T_FRAG)                                                                 1.305    11.299
delay_dff_Q_20.QD[0] (Q_FRAG)                                                                                   0.000    11.299
data arrival time                                                                                                        11.299

clock clk (rise edge)                                                                                           0.000     0.000
clock source latency                                                                                            0.000     0.000
u_qlal4s3b_cell_macro.Sys_Clk0[0] (ASSP)                                                                        0.000     0.000
delay_dff_Q_20.QCK[0] (Q_FRAG)                                                                                  0.000     0.000
clock uncertainty                                                                                               0.000     0.000
cell setup time                                                                                                 0.105     0.105
data required time                                                                                                        0.105
-------------------------------------------------------------------------------------------------------------------------------
data required time                                                                                                        0.105
data arrival time                                                                                                       -11.299
-------------------------------------------------------------------------------------------------------------------------------
slack (VIOLATED)                                                                                                        -11.194


#Path 21
Startpoint: delay_dff_Q_25.QZ[0] (Q_FRAG clocked by clk)
Endpoint  : delay_dff_Q_18.QD[0] (Q_FRAG clocked by clk)
Path Type : setup

Point                                                                                                            Incr      Path
-------------------------------------------------------------------------------------------------------------------------------
clock clk (rise edge)                                                                                           0.000     0.000
clock source latency                                                                                            0.000     0.000
u_qlal4s3b_cell_macro.Sys_Clk0[0] (ASSP)                                                                        0.000     0.000
delay_dff_Q_25.QCK[0] (Q_FRAG)                                                                                  0.000     0.000
delay_dff_Q_25.QZ[0] (Q_FRAG) [clock-to-output]                                                                 1.701     1.701
delay_dff_Q_9_D_LUT3_O_14_I1_LUT4_O_I3_LUT3_I2_I1_LUT3_O_I0_LUT2_O.t_frag.XSL[0] (T_FRAG)                       0.000     1.701
delay_dff_Q_9_D_LUT3_O_14_I1_LUT4_O_I3_LUT3_I2_I1_LUT3_O_I0_LUT2_O.t_frag.XZ[0] (T_FRAG)                        1.462     3.164
delay_dff_Q_9_D_LUT3_O_14_I1_LUT4_O_I3_LUT3_I2_I1_LUT3_O.t_frag.XA2[0] (T_FRAG)                                 0.000     3.164
delay_dff_Q_9_D_LUT3_O_14_I1_LUT4_O_I3_LUT3_I2_I1_LUT3_O.t_frag.XZ[0] (T_FRAG)                                  1.605     4.769
delay_dff_Q_9_D_LUT3_O_14_I1_LUT4_O_I3_LUT3_I2.t_frag.XSL[0] (T_FRAG)                                           0.000     4.769
delay_dff_Q_9_D_LUT3_O_14_I1_LUT4_O_I3_LUT3_I2.t_frag.XZ[0] (T_FRAG)                                            1.462     6.231
R_dffe_Q_EN_LUT4_O_I3_LUT3_O_I2_LUT3_O.t_frag.XSL[0] (T_FRAG)                                                   0.000     6.231
R_dffe_Q_EN_LUT4_O_I3_LUT3_O_I2_LUT3_O.t_frag.XZ[0] (T_FRAG)                                                    1.462     7.693
R_dffe_Q_EN_LUT4_O_I3_LUT3_O.t_frag.XAB[0] (T_FRAG)                                                             0.000     7.693
R_dffe_Q_EN_LUT4_O_I3_LUT3_O.t_frag.XZ[0] (T_FRAG)                                                              1.305     8.998
R_dffe_Q_EN_LUT4_O.c_frag.TBS[0] (C_FRAG)                                                                       0.000     8.998
R_dffe_Q_EN_LUT4_O.c_frag.CZ[0] (C_FRAG)                                                                        0.996     9.994
delay_dff_Q_9_D_LUT3_O_14.t_frag.XAB[0] (T_FRAG)                                                                0.000     9.994
delay_dff_Q_9_D_LUT3_O_14.t_frag.XZ[0] (T_FRAG)                                                                 1.305    11.299
delay_dff_Q_18.QD[0] (Q_FRAG)                                                                                   0.000    11.299
data arrival time                                                                                                        11.299

clock clk (rise edge)                                                                                           0.000     0.000
clock source latency                                                                                            0.000     0.000
u_qlal4s3b_cell_macro.Sys_Clk0[0] (ASSP)                                                                        0.000     0.000
delay_dff_Q_18.QCK[0] (Q_FRAG)                                                                                  0.000     0.000
clock uncertainty                                                                                               0.000     0.000
cell setup time                                                                                                 0.105     0.105
data required time                                                                                                        0.105
-------------------------------------------------------------------------------------------------------------------------------
data required time                                                                                                        0.105
data arrival time                                                                                                       -11.299
-------------------------------------------------------------------------------------------------------------------------------
slack (VIOLATED)                                                                                                        -11.194


#Path 22
Startpoint: delay_dff_Q_25.QZ[0] (Q_FRAG clocked by clk)
Endpoint  : delay_dff_Q_17.QD[0] (Q_FRAG clocked by clk)
Path Type : setup

Point                                                                                                            Incr      Path
-------------------------------------------------------------------------------------------------------------------------------
clock clk (rise edge)                                                                                           0.000     0.000
clock source latency                                                                                            0.000     0.000
u_qlal4s3b_cell_macro.Sys_Clk0[0] (ASSP)                                                                        0.000     0.000
delay_dff_Q_25.QCK[0] (Q_FRAG)                                                                                  0.000     0.000
delay_dff_Q_25.QZ[0] (Q_FRAG) [clock-to-output]                                                                 1.701     1.701
delay_dff_Q_9_D_LUT3_O_14_I1_LUT4_O_I3_LUT3_I2_I1_LUT3_O_I0_LUT2_O.t_frag.XSL[0] (T_FRAG)                       0.000     1.701
delay_dff_Q_9_D_LUT3_O_14_I1_LUT4_O_I3_LUT3_I2_I1_LUT3_O_I0_LUT2_O.t_frag.XZ[0] (T_FRAG)                        1.462     3.164
delay_dff_Q_9_D_LUT3_O_14_I1_LUT4_O_I3_LUT3_I2_I1_LUT3_O.t_frag.XA2[0] (T_FRAG)                                 0.000     3.164
delay_dff_Q_9_D_LUT3_O_14_I1_LUT4_O_I3_LUT3_I2_I1_LUT3_O.t_frag.XZ[0] (T_FRAG)                                  1.605     4.769
delay_dff_Q_9_D_LUT3_O_14_I1_LUT4_O_I3_LUT3_I2.t_frag.XSL[0] (T_FRAG)                                           0.000     4.769
delay_dff_Q_9_D_LUT3_O_14_I1_LUT4_O_I3_LUT3_I2.t_frag.XZ[0] (T_FRAG)                                            1.462     6.231
R_dffe_Q_EN_LUT4_O_I3_LUT3_O_I2_LUT3_O.t_frag.XSL[0] (T_FRAG)                                                   0.000     6.231
R_dffe_Q_EN_LUT4_O_I3_LUT3_O_I2_LUT3_O.t_frag.XZ[0] (T_FRAG)                                                    1.462     7.693
R_dffe_Q_EN_LUT4_O_I3_LUT3_O.t_frag.XAB[0] (T_FRAG)                                                             0.000     7.693
R_dffe_Q_EN_LUT4_O_I3_LUT3_O.t_frag.XZ[0] (T_FRAG)                                                              1.305     8.998
R_dffe_Q_EN_LUT4_O.c_frag.TBS[0] (C_FRAG)                                                                       0.000     8.998
R_dffe_Q_EN_LUT4_O.c_frag.CZ[0] (C_FRAG)                                                                        0.996     9.994
delay_dff_Q_9_D_LUT3_O_13.t_frag.XAB[0] (T_FRAG)                                                                0.000     9.994
delay_dff_Q_9_D_LUT3_O_13.t_frag.XZ[0] (T_FRAG)                                                                 1.305    11.299
delay_dff_Q_17.QD[0] (Q_FRAG)                                                                                   0.000    11.299
data arrival time                                                                                                        11.299

clock clk (rise edge)                                                                                           0.000     0.000
clock source latency                                                                                            0.000     0.000
u_qlal4s3b_cell_macro.Sys_Clk0[0] (ASSP)                                                                        0.000     0.000
delay_dff_Q_17.QCK[0] (Q_FRAG)                                                                                  0.000     0.000
clock uncertainty                                                                                               0.000     0.000
cell setup time                                                                                                 0.105     0.105
data required time                                                                                                        0.105
-------------------------------------------------------------------------------------------------------------------------------
data required time                                                                                                        0.105
data arrival time                                                                                                       -11.299
-------------------------------------------------------------------------------------------------------------------------------
slack (VIOLATED)                                                                                                        -11.194


#Path 23
Startpoint: delay_dff_Q_25.QZ[0] (Q_FRAG clocked by clk)
Endpoint  : delay_dff_Q_16.QD[0] (Q_FRAG clocked by clk)
Path Type : setup

Point                                                                                                            Incr      Path
-------------------------------------------------------------------------------------------------------------------------------
clock clk (rise edge)                                                                                           0.000     0.000
clock source latency                                                                                            0.000     0.000
u_qlal4s3b_cell_macro.Sys_Clk0[0] (ASSP)                                                                        0.000     0.000
delay_dff_Q_25.QCK[0] (Q_FRAG)                                                                                  0.000     0.000
delay_dff_Q_25.QZ[0] (Q_FRAG) [clock-to-output]                                                                 1.701     1.701
delay_dff_Q_9_D_LUT3_O_14_I1_LUT4_O_I3_LUT3_I2_I1_LUT3_O_I0_LUT2_O.t_frag.XSL[0] (T_FRAG)                       0.000     1.701
delay_dff_Q_9_D_LUT3_O_14_I1_LUT4_O_I3_LUT3_I2_I1_LUT3_O_I0_LUT2_O.t_frag.XZ[0] (T_FRAG)                        1.462     3.164
delay_dff_Q_9_D_LUT3_O_14_I1_LUT4_O_I3_LUT3_I2_I1_LUT3_O.t_frag.XA2[0] (T_FRAG)                                 0.000     3.164
delay_dff_Q_9_D_LUT3_O_14_I1_LUT4_O_I3_LUT3_I2_I1_LUT3_O.t_frag.XZ[0] (T_FRAG)                                  1.605     4.769
delay_dff_Q_9_D_LUT3_O_14_I1_LUT4_O_I3_LUT3_I2.t_frag.XSL[0] (T_FRAG)                                           0.000     4.769
delay_dff_Q_9_D_LUT3_O_14_I1_LUT4_O_I3_LUT3_I2.t_frag.XZ[0] (T_FRAG)                                            1.462     6.231
R_dffe_Q_EN_LUT4_O_I3_LUT3_O_I2_LUT3_O.t_frag.XSL[0] (T_FRAG)                                                   0.000     6.231
R_dffe_Q_EN_LUT4_O_I3_LUT3_O_I2_LUT3_O.t_frag.XZ[0] (T_FRAG)                                                    1.462     7.693
R_dffe_Q_EN_LUT4_O_I3_LUT3_O.t_frag.XAB[0] (T_FRAG)                                                             0.000     7.693
R_dffe_Q_EN_LUT4_O_I3_LUT3_O.t_frag.XZ[0] (T_FRAG)                                                              1.305     8.998
R_dffe_Q_EN_LUT4_O.c_frag.TBS[0] (C_FRAG)                                                                       0.000     8.998
R_dffe_Q_EN_LUT4_O.c_frag.CZ[0] (C_FRAG)                                                                        0.996     9.994
delay_dff_Q_9_D_LUT3_O_12.t_frag.XAB[0] (T_FRAG)                                                                0.000     9.994
delay_dff_Q_9_D_LUT3_O_12.t_frag.XZ[0] (T_FRAG)                                                                 1.305    11.299
delay_dff_Q_16.QD[0] (Q_FRAG)                                                                                   0.000    11.299
data arrival time                                                                                                        11.299

clock clk (rise edge)                                                                                           0.000     0.000
clock source latency                                                                                            0.000     0.000
u_qlal4s3b_cell_macro.Sys_Clk0[0] (ASSP)                                                                        0.000     0.000
delay_dff_Q_16.QCK[0] (Q_FRAG)                                                                                  0.000     0.000
clock uncertainty                                                                                               0.000     0.000
cell setup time                                                                                                 0.105     0.105
data required time                                                                                                        0.105
-------------------------------------------------------------------------------------------------------------------------------
data required time                                                                                                        0.105
data arrival time                                                                                                       -11.299
-------------------------------------------------------------------------------------------------------------------------------
slack (VIOLATED)                                                                                                        -11.194


#Path 24
Startpoint: delay_dff_Q_25.QZ[0] (Q_FRAG clocked by clk)
Endpoint  : delay_dff_Q_15.QD[0] (Q_FRAG clocked by clk)
Path Type : setup

Point                                                                                                            Incr      Path
-------------------------------------------------------------------------------------------------------------------------------
clock clk (rise edge)                                                                                           0.000     0.000
clock source latency                                                                                            0.000     0.000
u_qlal4s3b_cell_macro.Sys_Clk0[0] (ASSP)                                                                        0.000     0.000
delay_dff_Q_25.QCK[0] (Q_FRAG)                                                                                  0.000     0.000
delay_dff_Q_25.QZ[0] (Q_FRAG) [clock-to-output]                                                                 1.701     1.701
delay_dff_Q_9_D_LUT3_O_14_I1_LUT4_O_I3_LUT3_I2_I1_LUT3_O_I0_LUT2_O.t_frag.XSL[0] (T_FRAG)                       0.000     1.701
delay_dff_Q_9_D_LUT3_O_14_I1_LUT4_O_I3_LUT3_I2_I1_LUT3_O_I0_LUT2_O.t_frag.XZ[0] (T_FRAG)                        1.462     3.164
delay_dff_Q_9_D_LUT3_O_14_I1_LUT4_O_I3_LUT3_I2_I1_LUT3_O.t_frag.XA2[0] (T_FRAG)                                 0.000     3.164
delay_dff_Q_9_D_LUT3_O_14_I1_LUT4_O_I3_LUT3_I2_I1_LUT3_O.t_frag.XZ[0] (T_FRAG)                                  1.605     4.769
delay_dff_Q_9_D_LUT3_O_14_I1_LUT4_O_I3_LUT3_I2.t_frag.XSL[0] (T_FRAG)                                           0.000     4.769
delay_dff_Q_9_D_LUT3_O_14_I1_LUT4_O_I3_LUT3_I2.t_frag.XZ[0] (T_FRAG)                                            1.462     6.231
R_dffe_Q_EN_LUT4_O_I3_LUT3_O_I2_LUT3_O.t_frag.XSL[0] (T_FRAG)                                                   0.000     6.231
R_dffe_Q_EN_LUT4_O_I3_LUT3_O_I2_LUT3_O.t_frag.XZ[0] (T_FRAG)                                                    1.462     7.693
R_dffe_Q_EN_LUT4_O_I3_LUT3_O.t_frag.XAB[0] (T_FRAG)                                                             0.000     7.693
R_dffe_Q_EN_LUT4_O_I3_LUT3_O.t_frag.XZ[0] (T_FRAG)                                                              1.305     8.998
R_dffe_Q_EN_LUT4_O.c_frag.TBS[0] (C_FRAG)                                                                       0.000     8.998
R_dffe_Q_EN_LUT4_O.c_frag.CZ[0] (C_FRAG)                                                                        0.996     9.994
delay_dff_Q_9_D_LUT3_O_11.t_frag.XAB[0] (T_FRAG)                                                                0.000     9.994
delay_dff_Q_9_D_LUT3_O_11.t_frag.XZ[0] (T_FRAG)                                                                 1.305    11.299
delay_dff_Q_15.QD[0] (Q_FRAG)                                                                                   0.000    11.299
data arrival time                                                                                                        11.299

clock clk (rise edge)                                                                                           0.000     0.000
clock source latency                                                                                            0.000     0.000
u_qlal4s3b_cell_macro.Sys_Clk0[0] (ASSP)                                                                        0.000     0.000
delay_dff_Q_15.QCK[0] (Q_FRAG)                                                                                  0.000     0.000
clock uncertainty                                                                                               0.000     0.000
cell setup time                                                                                                 0.105     0.105
data required time                                                                                                        0.105
-------------------------------------------------------------------------------------------------------------------------------
data required time                                                                                                        0.105
data arrival time                                                                                                       -11.299
-------------------------------------------------------------------------------------------------------------------------------
slack (VIOLATED)                                                                                                        -11.194


#Path 25
Startpoint: delay_dff_Q_25.QZ[0] (Q_FRAG clocked by clk)
Endpoint  : delay_dff_Q_14.QD[0] (Q_FRAG clocked by clk)
Path Type : setup

Point                                                                                                            Incr      Path
-------------------------------------------------------------------------------------------------------------------------------
clock clk (rise edge)                                                                                           0.000     0.000
clock source latency                                                                                            0.000     0.000
u_qlal4s3b_cell_macro.Sys_Clk0[0] (ASSP)                                                                        0.000     0.000
delay_dff_Q_25.QCK[0] (Q_FRAG)                                                                                  0.000     0.000
delay_dff_Q_25.QZ[0] (Q_FRAG) [clock-to-output]                                                                 1.701     1.701
delay_dff_Q_9_D_LUT3_O_14_I1_LUT4_O_I3_LUT3_I2_I1_LUT3_O_I0_LUT2_O.t_frag.XSL[0] (T_FRAG)                       0.000     1.701
delay_dff_Q_9_D_LUT3_O_14_I1_LUT4_O_I3_LUT3_I2_I1_LUT3_O_I0_LUT2_O.t_frag.XZ[0] (T_FRAG)                        1.462     3.164
delay_dff_Q_9_D_LUT3_O_14_I1_LUT4_O_I3_LUT3_I2_I1_LUT3_O.t_frag.XA2[0] (T_FRAG)                                 0.000     3.164
delay_dff_Q_9_D_LUT3_O_14_I1_LUT4_O_I3_LUT3_I2_I1_LUT3_O.t_frag.XZ[0] (T_FRAG)                                  1.605     4.769
delay_dff_Q_9_D_LUT3_O_14_I1_LUT4_O_I3_LUT3_I2.t_frag.XSL[0] (T_FRAG)                                           0.000     4.769
delay_dff_Q_9_D_LUT3_O_14_I1_LUT4_O_I3_LUT3_I2.t_frag.XZ[0] (T_FRAG)                                            1.462     6.231
R_dffe_Q_EN_LUT4_O_I3_LUT3_O_I2_LUT3_O.t_frag.XSL[0] (T_FRAG)                                                   0.000     6.231
R_dffe_Q_EN_LUT4_O_I3_LUT3_O_I2_LUT3_O.t_frag.XZ[0] (T_FRAG)                                                    1.462     7.693
R_dffe_Q_EN_LUT4_O_I3_LUT3_O.t_frag.XAB[0] (T_FRAG)                                                             0.000     7.693
R_dffe_Q_EN_LUT4_O_I3_LUT3_O.t_frag.XZ[0] (T_FRAG)                                                              1.305     8.998
R_dffe_Q_EN_LUT4_O.c_frag.TBS[0] (C_FRAG)                                                                       0.000     8.998
R_dffe_Q_EN_LUT4_O.c_frag.CZ[0] (C_FRAG)                                                                        0.996     9.994
delay_dff_Q_9_D_LUT3_O_10.t_frag.XAB[0] (T_FRAG)                                                                0.000     9.994
delay_dff_Q_9_D_LUT3_O_10.t_frag.XZ[0] (T_FRAG)                                                                 1.305    11.299
delay_dff_Q_14.QD[0] (Q_FRAG)                                                                                   0.000    11.299
data arrival time                                                                                                        11.299

clock clk (rise edge)                                                                                           0.000     0.000
clock source latency                                                                                            0.000     0.000
u_qlal4s3b_cell_macro.Sys_Clk0[0] (ASSP)                                                                        0.000     0.000
delay_dff_Q_14.QCK[0] (Q_FRAG)                                                                                  0.000     0.000
clock uncertainty                                                                                               0.000     0.000
cell setup time                                                                                                 0.105     0.105
data required time                                                                                                        0.105
-------------------------------------------------------------------------------------------------------------------------------
data required time                                                                                                        0.105
data arrival time                                                                                                       -11.299
-------------------------------------------------------------------------------------------------------------------------------
slack (VIOLATED)                                                                                                        -11.194


#Path 26
Startpoint: delay_dff_Q_25.QZ[0] (Q_FRAG clocked by clk)
Endpoint  : delay_dff_Q_24.QD[0] (Q_FRAG clocked by clk)
Path Type : setup

Point                                                                                                            Incr      Path
-------------------------------------------------------------------------------------------------------------------------------
clock clk (rise edge)                                                                                           0.000     0.000
clock source latency                                                                                            0.000     0.000
u_qlal4s3b_cell_macro.Sys_Clk0[0] (ASSP)                                                                        0.000     0.000
delay_dff_Q_25.QCK[0] (Q_FRAG)                                                                                  0.000     0.000
delay_dff_Q_25.QZ[0] (Q_FRAG) [clock-to-output]                                                                 1.701     1.701
delay_dff_Q_9_D_LUT3_O_14_I1_LUT4_O_I3_LUT3_I2_I1_LUT3_O_I0_LUT2_O.t_frag.XSL[0] (T_FRAG)                       0.000     1.701
delay_dff_Q_9_D_LUT3_O_14_I1_LUT4_O_I3_LUT3_I2_I1_LUT3_O_I0_LUT2_O.t_frag.XZ[0] (T_FRAG)                        1.462     3.164
delay_dff_Q_9_D_LUT3_O_14_I1_LUT4_O_I3_LUT3_I2_I1_LUT3_O.t_frag.XA2[0] (T_FRAG)                                 0.000     3.164
delay_dff_Q_9_D_LUT3_O_14_I1_LUT4_O_I3_LUT3_I2_I1_LUT3_O.t_frag.XZ[0] (T_FRAG)                                  1.605     4.769
delay_dff_Q_9_D_LUT3_O_14_I1_LUT4_O_I3_LUT3_I2.t_frag.XSL[0] (T_FRAG)                                           0.000     4.769
delay_dff_Q_9_D_LUT3_O_14_I1_LUT4_O_I3_LUT3_I2.t_frag.XZ[0] (T_FRAG)                                            1.462     6.231
R_dffe_Q_EN_LUT4_O_I3_LUT3_O_I2_LUT3_O.t_frag.XSL[0] (T_FRAG)                                                   0.000     6.231
R_dffe_Q_EN_LUT4_O_I3_LUT3_O_I2_LUT3_O.t_frag.XZ[0] (T_FRAG)                                                    1.462     7.693
R_dffe_Q_EN_LUT4_O_I3_LUT3_O.t_frag.XAB[0] (T_FRAG)                                                             0.000     7.693
R_dffe_Q_EN_LUT4_O_I3_LUT3_O.t_frag.XZ[0] (T_FRAG)                                                              1.305     8.998
R_dffe_Q_EN_LUT4_O.c_frag.TBS[0] (C_FRAG)                                                                       0.000     8.998
R_dffe_Q_EN_LUT4_O.c_frag.CZ[0] (C_FRAG)                                                                        0.996     9.994
delay_dff_Q_9_D_LUT2_O_3.t_frag.XAB[0] (T_FRAG)                                                                 0.000     9.994
delay_dff_Q_9_D_LUT2_O_3.t_frag.XZ[0] (T_FRAG)                                                                  1.305    11.299
delay_dff_Q_24.QD[0] (Q_FRAG)                                                                                   0.000    11.299
data arrival time                                                                                                        11.299

clock clk (rise edge)                                                                                           0.000     0.000
clock source latency                                                                                            0.000     0.000
u_qlal4s3b_cell_macro.Sys_Clk0[0] (ASSP)                                                                        0.000     0.000
delay_dff_Q_24.QCK[0] (Q_FRAG)                                                                                  0.000     0.000
clock uncertainty                                                                                               0.000     0.000
cell setup time                                                                                                 0.105     0.105
data required time                                                                                                        0.105
-------------------------------------------------------------------------------------------------------------------------------
data required time                                                                                                        0.105
data arrival time                                                                                                       -11.299
-------------------------------------------------------------------------------------------------------------------------------
slack (VIOLATED)                                                                                                        -11.194


#Path 27
Startpoint: delay_dff_Q_25.QZ[0] (Q_FRAG clocked by clk)
Endpoint  : delay_dff_Q_19.QD[0] (Q_FRAG clocked by clk)
Path Type : setup

Point                                                                                                            Incr      Path
-------------------------------------------------------------------------------------------------------------------------------
clock clk (rise edge)                                                                                           0.000     0.000
clock source latency                                                                                            0.000     0.000
u_qlal4s3b_cell_macro.Sys_Clk0[0] (ASSP)                                                                        0.000     0.000
delay_dff_Q_25.QCK[0] (Q_FRAG)                                                                                  0.000     0.000
delay_dff_Q_25.QZ[0] (Q_FRAG) [clock-to-output]                                                                 1.701     1.701
delay_dff_Q_9_D_LUT3_O_14_I1_LUT4_O_I3_LUT3_I2_I1_LUT3_O_I0_LUT2_O.t_frag.XSL[0] (T_FRAG)                       0.000     1.701
delay_dff_Q_9_D_LUT3_O_14_I1_LUT4_O_I3_LUT3_I2_I1_LUT3_O_I0_LUT2_O.t_frag.XZ[0] (T_FRAG)                        1.462     3.164
delay_dff_Q_9_D_LUT3_O_14_I1_LUT4_O_I3_LUT3_I2_I1_LUT3_O.t_frag.XA2[0] (T_FRAG)                                 0.000     3.164
delay_dff_Q_9_D_LUT3_O_14_I1_LUT4_O_I3_LUT3_I2_I1_LUT3_O.t_frag.XZ[0] (T_FRAG)                                  1.605     4.769
delay_dff_Q_9_D_LUT3_O_14_I1_LUT4_O_I3_LUT3_I2.t_frag.XSL[0] (T_FRAG)                                           0.000     4.769
delay_dff_Q_9_D_LUT3_O_14_I1_LUT4_O_I3_LUT3_I2.t_frag.XZ[0] (T_FRAG)                                            1.462     6.231
R_dffe_Q_EN_LUT4_O_I3_LUT3_O_I2_LUT3_O.t_frag.XSL[0] (T_FRAG)                                                   0.000     6.231
R_dffe_Q_EN_LUT4_O_I3_LUT3_O_I2_LUT3_O.t_frag.XZ[0] (T_FRAG)                                                    1.462     7.693
R_dffe_Q_EN_LUT4_O_I3_LUT3_O.t_frag.XAB[0] (T_FRAG)                                                             0.000     7.693
R_dffe_Q_EN_LUT4_O_I3_LUT3_O.t_frag.XZ[0] (T_FRAG)                                                              1.305     8.998
R_dffe_Q_EN_LUT4_O.c_frag.TBS[0] (C_FRAG)                                                                       0.000     8.998
R_dffe_Q_EN_LUT4_O.c_frag.CZ[0] (C_FRAG)                                                                        0.996     9.994
delay_dff_Q_9_D_LUT2_O_2.t_frag.XAB[0] (T_FRAG)                                                                 0.000     9.994
delay_dff_Q_9_D_LUT2_O_2.t_frag.XZ[0] (T_FRAG)                                                                  1.305    11.299
delay_dff_Q_19.QD[0] (Q_FRAG)                                                                                   0.000    11.299
data arrival time                                                                                                        11.299

clock clk (rise edge)                                                                                           0.000     0.000
clock source latency                                                                                            0.000     0.000
u_qlal4s3b_cell_macro.Sys_Clk0[0] (ASSP)                                                                        0.000     0.000
delay_dff_Q_19.QCK[0] (Q_FRAG)                                                                                  0.000     0.000
clock uncertainty                                                                                               0.000     0.000
cell setup time                                                                                                 0.105     0.105
data required time                                                                                                        0.105
-------------------------------------------------------------------------------------------------------------------------------
data required time                                                                                                        0.105
data arrival time                                                                                                       -11.299
-------------------------------------------------------------------------------------------------------------------------------
slack (VIOLATED)                                                                                                        -11.194


#Path 28
Startpoint: delay_dff_Q_25.QZ[0] (Q_FRAG clocked by clk)
Endpoint  : delay_dff_Q_13.QD[0] (Q_FRAG clocked by clk)
Path Type : setup

Point                                                                                                            Incr      Path
-------------------------------------------------------------------------------------------------------------------------------
clock clk (rise edge)                                                                                           0.000     0.000
clock source latency                                                                                            0.000     0.000
u_qlal4s3b_cell_macro.Sys_Clk0[0] (ASSP)                                                                        0.000     0.000
delay_dff_Q_25.QCK[0] (Q_FRAG)                                                                                  0.000     0.000
delay_dff_Q_25.QZ[0] (Q_FRAG) [clock-to-output]                                                                 1.701     1.701
delay_dff_Q_9_D_LUT3_O_14_I1_LUT4_O_I3_LUT3_I2_I1_LUT3_O_I0_LUT2_O.t_frag.XSL[0] (T_FRAG)                       0.000     1.701
delay_dff_Q_9_D_LUT3_O_14_I1_LUT4_O_I3_LUT3_I2_I1_LUT3_O_I0_LUT2_O.t_frag.XZ[0] (T_FRAG)                        1.462     3.164
delay_dff_Q_9_D_LUT3_O_14_I1_LUT4_O_I3_LUT3_I2_I1_LUT3_O.t_frag.XA2[0] (T_FRAG)                                 0.000     3.164
delay_dff_Q_9_D_LUT3_O_14_I1_LUT4_O_I3_LUT3_I2_I1_LUT3_O.t_frag.XZ[0] (T_FRAG)                                  1.605     4.769
delay_dff_Q_9_D_LUT3_O_14_I1_LUT4_O_I3_LUT3_I2.t_frag.XSL[0] (T_FRAG)                                           0.000     4.769
delay_dff_Q_9_D_LUT3_O_14_I1_LUT4_O_I3_LUT3_I2.t_frag.XZ[0] (T_FRAG)                                            1.462     6.231
R_dffe_Q_EN_LUT4_O_I3_LUT3_O_I2_LUT3_O.t_frag.XSL[0] (T_FRAG)                                                   0.000     6.231
R_dffe_Q_EN_LUT4_O_I3_LUT3_O_I2_LUT3_O.t_frag.XZ[0] (T_FRAG)                                                    1.462     7.693
R_dffe_Q_EN_LUT4_O_I3_LUT3_O.t_frag.XAB[0] (T_FRAG)                                                             0.000     7.693
R_dffe_Q_EN_LUT4_O_I3_LUT3_O.t_frag.XZ[0] (T_FRAG)                                                              1.305     8.998
R_dffe_Q_EN_LUT4_O.c_frag.TBS[0] (C_FRAG)                                                                       0.000     8.998
R_dffe_Q_EN_LUT4_O.c_frag.CZ[0] (C_FRAG)                                                                        0.996     9.994
delay_dff_Q_9_D_LUT2_O_1.t_frag.XAB[0] (T_FRAG)                                                                 0.000     9.994
delay_dff_Q_9_D_LUT2_O_1.t_frag.XZ[0] (T_FRAG)                                                                  1.305    11.299
delay_dff_Q_13.QD[0] (Q_FRAG)                                                                                   0.000    11.299
data arrival time                                                                                                        11.299

clock clk (rise edge)                                                                                           0.000     0.000
clock source latency                                                                                            0.000     0.000
u_qlal4s3b_cell_macro.Sys_Clk0[0] (ASSP)                                                                        0.000     0.000
delay_dff_Q_13.QCK[0] (Q_FRAG)                                                                                  0.000     0.000
clock uncertainty                                                                                               0.000     0.000
cell setup time                                                                                                 0.105     0.105
data required time                                                                                                        0.105
-------------------------------------------------------------------------------------------------------------------------------
data required time                                                                                                        0.105
data arrival time                                                                                                       -11.299
-------------------------------------------------------------------------------------------------------------------------------
slack (VIOLATED)                                                                                                        -11.194


#Path 29
Startpoint: delay_dff_Q_25.QZ[0] (Q_FRAG clocked by clk)
Endpoint  : delay_dff_Q_26.QD[0] (Q_FRAG clocked by clk)
Path Type : setup

Point                                                                                                            Incr      Path
-------------------------------------------------------------------------------------------------------------------------------
clock clk (rise edge)                                                                                           0.000     0.000
clock source latency                                                                                            0.000     0.000
u_qlal4s3b_cell_macro.Sys_Clk0[0] (ASSP)                                                                        0.000     0.000
delay_dff_Q_25.QCK[0] (Q_FRAG)                                                                                  0.000     0.000
delay_dff_Q_25.QZ[0] (Q_FRAG) [clock-to-output]                                                                 1.701     1.701
delay_dff_Q_9_D_LUT3_O_14_I1_LUT4_O_I3_LUT3_I2_I1_LUT3_O_I0_LUT2_O.t_frag.XSL[0] (T_FRAG)                       0.000     1.701
delay_dff_Q_9_D_LUT3_O_14_I1_LUT4_O_I3_LUT3_I2_I1_LUT3_O_I0_LUT2_O.t_frag.XZ[0] (T_FRAG)                        1.462     3.164
delay_dff_Q_9_D_LUT3_O_14_I1_LUT4_O_I3_LUT3_I2_I1_LUT3_O.t_frag.XA2[0] (T_FRAG)                                 0.000     3.164
delay_dff_Q_9_D_LUT3_O_14_I1_LUT4_O_I3_LUT3_I2_I1_LUT3_O.t_frag.XZ[0] (T_FRAG)                                  1.605     4.769
delay_dff_Q_9_D_LUT3_O_14_I1_LUT4_O_I3_LUT3_I2.t_frag.XSL[0] (T_FRAG)                                           0.000     4.769
delay_dff_Q_9_D_LUT3_O_14_I1_LUT4_O_I3_LUT3_I2.t_frag.XZ[0] (T_FRAG)                                            1.462     6.231
R_dffe_Q_EN_LUT4_O_I3_LUT3_O_I2_LUT3_O.t_frag.XSL[0] (T_FRAG)                                                   0.000     6.231
R_dffe_Q_EN_LUT4_O_I3_LUT3_O_I2_LUT3_O.t_frag.XZ[0] (T_FRAG)                                                    1.462     7.693
R_dffe_Q_EN_LUT4_O_I3_LUT3_O.t_frag.XAB[0] (T_FRAG)                                                             0.000     7.693
R_dffe_Q_EN_LUT4_O_I3_LUT3_O.t_frag.XZ[0] (T_FRAG)                                                              1.305     8.998
R_dffe_Q_EN_LUT4_O.c_frag.TBS[0] (C_FRAG)                                                                       0.000     8.998
R_dffe_Q_EN_LUT4_O.c_frag.CZ[0] (C_FRAG)                                                                        0.996     9.994
delay_dff_Q_9_D_LUT2_O.t_frag.XAB[0] (T_FRAG)                                                                   0.000     9.994
delay_dff_Q_9_D_LUT2_O.t_frag.XZ[0] (T_FRAG)                                                                    1.305    11.299
delay_dff_Q_26.QD[0] (Q_FRAG)                                                                                   0.000    11.299
data arrival time                                                                                                        11.299

clock clk (rise edge)                                                                                           0.000     0.000
clock source latency                                                                                            0.000     0.000
u_qlal4s3b_cell_macro.Sys_Clk0[0] (ASSP)                                                                        0.000     0.000
delay_dff_Q_26.QCK[0] (Q_FRAG)                                                                                  0.000     0.000
clock uncertainty                                                                                               0.000     0.000
cell setup time                                                                                                 0.105     0.105
data required time                                                                                                        0.105
-------------------------------------------------------------------------------------------------------------------------------
data required time                                                                                                        0.105
data arrival time                                                                                                       -11.299
-------------------------------------------------------------------------------------------------------------------------------
slack (VIOLATED)                                                                                                        -11.194


#Path 30
Startpoint: delay_dff_Q_25.QZ[0] (Q_FRAG clocked by clk)
Endpoint  : R_dffe_Q.QEN[0] (Q_FRAG clocked by clk)
Path Type : setup

Point                                                                                                            Incr      Path
-------------------------------------------------------------------------------------------------------------------------------
clock clk (rise edge)                                                                                           0.000     0.000
clock source latency                                                                                            0.000     0.000
u_qlal4s3b_cell_macro.Sys_Clk0[0] (ASSP)                                                                        0.000     0.000
delay_dff_Q_25.QCK[0] (Q_FRAG)                                                                                  0.000     0.000
delay_dff_Q_25.QZ[0] (Q_FRAG) [clock-to-output]                                                                 1.701     1.701
delay_dff_Q_9_D_LUT3_O_14_I1_LUT4_O_I3_LUT3_I2_I1_LUT3_O_I0_LUT2_O.t_frag.XSL[0] (T_FRAG)                       0.000     1.701
delay_dff_Q_9_D_LUT3_O_14_I1_LUT4_O_I3_LUT3_I2_I1_LUT3_O_I0_LUT2_O.t_frag.XZ[0] (T_FRAG)                        1.462     3.164
delay_dff_Q_9_D_LUT3_O_14_I1_LUT4_O_I3_LUT3_I2_I1_LUT3_O.t_frag.XA2[0] (T_FRAG)                                 0.000     3.164
delay_dff_Q_9_D_LUT3_O_14_I1_LUT4_O_I3_LUT3_I2_I1_LUT3_O.t_frag.XZ[0] (T_FRAG)                                  1.605     4.769
delay_dff_Q_9_D_LUT3_O_14_I1_LUT4_O_I3_LUT3_I2.t_frag.XSL[0] (T_FRAG)                                           0.000     4.769
delay_dff_Q_9_D_LUT3_O_14_I1_LUT4_O_I3_LUT3_I2.t_frag.XZ[0] (T_FRAG)                                            1.462     6.231
R_dffe_Q_EN_LUT4_O_I3_LUT3_O_I2_LUT3_O.t_frag.XSL[0] (T_FRAG)                                                   0.000     6.231
R_dffe_Q_EN_LUT4_O_I3_LUT3_O_I2_LUT3_O.t_frag.XZ[0] (T_FRAG)                                                    1.462     7.693
R_dffe_Q_EN_LUT4_O_I3_LUT3_O.t_frag.XAB[0] (T_FRAG)                                                             0.000     7.693
R_dffe_Q_EN_LUT4_O_I3_LUT3_O.t_frag.XZ[0] (T_FRAG)                                                              1.305     8.998
R_dffe_Q_EN_LUT4_O.c_frag.TBS[0] (C_FRAG)                                                                       0.000     8.998
R_dffe_Q_EN_LUT4_O.c_frag.CZ[0] (C_FRAG)                                                                        0.996     9.994
R_dffe_Q.QEN[0] (Q_FRAG)                                                                                        0.000     9.994
data arrival time                                                                                                         9.994

clock clk (rise edge)                                                                                           0.000     0.000
clock source latency                                                                                            0.000     0.000
u_qlal4s3b_cell_macro.Sys_Clk0[0] (ASSP)                                                                        0.000     0.000
R_dffe_Q.QCK[0] (Q_FRAG)                                                                                        0.000     0.000
clock uncertainty                                                                                               0.000     0.000
cell setup time                                                                                                -0.591    -0.591
data required time                                                                                                       -0.591
-------------------------------------------------------------------------------------------------------------------------------
data required time                                                                                                       -0.591
data arrival time                                                                                                        -9.994
-------------------------------------------------------------------------------------------------------------------------------
slack (VIOLATED)                                                                                                        -10.585


#Path 31
Startpoint: delay_dff_Q_25.QZ[0] (Q_FRAG clocked by clk)
Endpoint  : Q_dffe_Q.QEN[0] (Q_FRAG clocked by clk)
Path Type : setup

Point                                                                                                            Incr      Path
-------------------------------------------------------------------------------------------------------------------------------
clock clk (rise edge)                                                                                           0.000     0.000
clock source latency                                                                                            0.000     0.000
u_qlal4s3b_cell_macro.Sys_Clk0[0] (ASSP)                                                                        0.000     0.000
delay_dff_Q_25.QCK[0] (Q_FRAG)                                                                                  0.000     0.000
delay_dff_Q_25.QZ[0] (Q_FRAG) [clock-to-output]                                                                 1.701     1.701
delay_dff_Q_9_D_LUT3_O_14_I1_LUT4_O_I3_LUT3_I2_I1_LUT3_O_I0_LUT2_O.t_frag.XSL[0] (T_FRAG)                       0.000     1.701
delay_dff_Q_9_D_LUT3_O_14_I1_LUT4_O_I3_LUT3_I2_I1_LUT3_O_I0_LUT2_O.t_frag.XZ[0] (T_FRAG)                        1.462     3.164
delay_dff_Q_9_D_LUT3_O_14_I1_LUT4_O_I3_LUT3_I2_I1_LUT3_O.t_frag.XA2[0] (T_FRAG)                                 0.000     3.164
delay_dff_Q_9_D_LUT3_O_14_I1_LUT4_O_I3_LUT3_I2_I1_LUT3_O.t_frag.XZ[0] (T_FRAG)                                  1.605     4.769
delay_dff_Q_9_D_LUT3_O_14_I1_LUT4_O_I3_LUT3_I2.t_frag.XSL[0] (T_FRAG)                                           0.000     4.769
delay_dff_Q_9_D_LUT3_O_14_I1_LUT4_O_I3_LUT3_I2.t_frag.XZ[0] (T_FRAG)                                            1.462     6.231
R_dffe_Q_EN_LUT4_O_I3_LUT3_O_I2_LUT3_O.t_frag.XSL[0] (T_FRAG)                                                   0.000     6.231
R_dffe_Q_EN_LUT4_O_I3_LUT3_O_I2_LUT3_O.t_frag.XZ[0] (T_FRAG)                                                    1.462     7.693
R_dffe_Q_EN_LUT4_O_I3_LUT3_O.t_frag.XAB[0] (T_FRAG)                                                             0.000     7.693
R_dffe_Q_EN_LUT4_O_I3_LUT3_O.t_frag.XZ[0] (T_FRAG)                                                              1.305     8.998
R_dffe_Q_EN_LUT4_O.c_frag.TBS[0] (C_FRAG)                                                                       0.000     8.998
R_dffe_Q_EN_LUT4_O.c_frag.CZ[0] (C_FRAG)                                                                        0.996     9.994
Q_dffe_Q.QEN[0] (Q_FRAG)                                                                                        0.000     9.994
data arrival time                                                                                                         9.994

clock clk (rise edge)                                                                                           0.000     0.000
clock source latency                                                                                            0.000     0.000
u_qlal4s3b_cell_macro.Sys_Clk0[0] (ASSP)                                                                        0.000     0.000
Q_dffe_Q.QCK[0] (Q_FRAG)                                                                                        0.000     0.000
clock uncertainty                                                                                               0.000     0.000
cell setup time                                                                                                -0.591    -0.591
data required time                                                                                                       -0.591
-------------------------------------------------------------------------------------------------------------------------------
data required time                                                                                                       -0.591
data arrival time                                                                                                        -9.994
-------------------------------------------------------------------------------------------------------------------------------
slack (VIOLATED)                                                                                                        -10.585


#Path 32
Startpoint: delay_dff_Q_25.QZ[0] (Q_FRAG clocked by clk)
Endpoint  : P_dffe_Q.QEN[0] (Q_FRAG clocked by clk)
Path Type : setup

Point                                                                                                            Incr      Path
-------------------------------------------------------------------------------------------------------------------------------
clock clk (rise edge)                                                                                           0.000     0.000
clock source latency                                                                                            0.000     0.000
u_qlal4s3b_cell_macro.Sys_Clk0[0] (ASSP)                                                                        0.000     0.000
delay_dff_Q_25.QCK[0] (Q_FRAG)                                                                                  0.000     0.000
delay_dff_Q_25.QZ[0] (Q_FRAG) [clock-to-output]                                                                 1.701     1.701
delay_dff_Q_9_D_LUT3_O_14_I1_LUT4_O_I3_LUT3_I2_I1_LUT3_O_I0_LUT2_O.t_frag.XSL[0] (T_FRAG)                       0.000     1.701
delay_dff_Q_9_D_LUT3_O_14_I1_LUT4_O_I3_LUT3_I2_I1_LUT3_O_I0_LUT2_O.t_frag.XZ[0] (T_FRAG)                        1.462     3.164
delay_dff_Q_9_D_LUT3_O_14_I1_LUT4_O_I3_LUT3_I2_I1_LUT3_O.t_frag.XA2[0] (T_FRAG)                                 0.000     3.164
delay_dff_Q_9_D_LUT3_O_14_I1_LUT4_O_I3_LUT3_I2_I1_LUT3_O.t_frag.XZ[0] (T_FRAG)                                  1.605     4.769
delay_dff_Q_9_D_LUT3_O_14_I1_LUT4_O_I3_LUT3_I2.t_frag.XSL[0] (T_FRAG)                                           0.000     4.769
delay_dff_Q_9_D_LUT3_O_14_I1_LUT4_O_I3_LUT3_I2.t_frag.XZ[0] (T_FRAG)                                            1.462     6.231
R_dffe_Q_EN_LUT4_O_I3_LUT3_O_I2_LUT3_O.t_frag.XSL[0] (T_FRAG)                                                   0.000     6.231
R_dffe_Q_EN_LUT4_O_I3_LUT3_O_I2_LUT3_O.t_frag.XZ[0] (T_FRAG)                                                    1.462     7.693
R_dffe_Q_EN_LUT4_O_I3_LUT3_O.t_frag.XAB[0] (T_FRAG)                                                             0.000     7.693
R_dffe_Q_EN_LUT4_O_I3_LUT3_O.t_frag.XZ[0] (T_FRAG)                                                              1.305     8.998
R_dffe_Q_EN_LUT4_O.c_frag.TBS[0] (C_FRAG)                                                                       0.000     8.998
R_dffe_Q_EN_LUT4_O.c_frag.CZ[0] (C_FRAG)                                                                        0.996     9.994
P_dffe_Q.QEN[0] (Q_FRAG)                                                                                        0.000     9.994
data arrival time                                                                                                         9.994

clock clk (rise edge)                                                                                           0.000     0.000
clock source latency                                                                                            0.000     0.000
u_qlal4s3b_cell_macro.Sys_Clk0[0] (ASSP)                                                                        0.000     0.000
P_dffe_Q.QCK[0] (Q_FRAG)                                                                                        0.000     0.000
clock uncertainty                                                                                               0.000     0.000
cell setup time                                                                                                -0.591    -0.591
data required time                                                                                                       -0.591
-------------------------------------------------------------------------------------------------------------------------------
data required time                                                                                                       -0.591
data arrival time                                                                                                        -9.994
-------------------------------------------------------------------------------------------------------------------------------
slack (VIOLATED)                                                                                                        -10.585


#Path 33
Startpoint: P_dffe_Q.QZ[0] (Q_FRAG clocked by clk)
Endpoint  : P_dffe_Q.QD[0] (Q_FRAG clocked by clk)
Path Type : setup

Point                                                             Incr      Path
--------------------------------------------------------------------------------
clock clk (rise edge)                                            0.000     0.000
clock source latency                                             0.000     0.000
u_qlal4s3b_cell_macro.Sys_Clk0[0] (ASSP)                         0.000     0.000
P_dffe_Q.QCK[0] (Q_FRAG)                                         0.000     0.000
P_dffe_Q.QZ[0] (Q_FRAG) [clock-to-output]                        1.701     1.701
P_LUT3_I0.t_frag.XA2[0] (T_FRAG)                                 0.000     1.701
P_LUT3_I0.t_frag.XZ[0] (T_FRAG)                                  1.605     3.307
P_dffe_Q.QD[0] (Q_FRAG)                                          0.000     3.307
data arrival time                                                          3.307

clock clk (rise edge)                                            0.000     0.000
clock source latency                                             0.000     0.000
u_qlal4s3b_cell_macro.Sys_Clk0[0] (ASSP)                         0.000     0.000
P_dffe_Q.QCK[0] (Q_FRAG)                                         0.000     0.000
clock uncertainty                                                0.000     0.000
cell setup time                                                  0.105     0.105
data required time                                                         0.105
--------------------------------------------------------------------------------
data required time                                                         0.105
data arrival time                                                         -3.307
--------------------------------------------------------------------------------
slack (VIOLATED)                                                          -3.202


#Path 34
Startpoint: Q_dffe_Q.QZ[0] (Q_FRAG clocked by clk)
Endpoint  : Q_dffe_Q.QD[0] (Q_FRAG clocked by clk)
Path Type : setup

Point                                                             Incr      Path
--------------------------------------------------------------------------------
clock clk (rise edge)                                            0.000     0.000
clock source latency                                             0.000     0.000
u_qlal4s3b_cell_macro.Sys_Clk0[0] (ASSP)                         0.000     0.000
Q_dffe_Q.QCK[0] (Q_FRAG)                                         0.000     0.000
Q_dffe_Q.QZ[0] (Q_FRAG) [clock-to-output]                        1.701     1.701
Q_LUT2_I0.t_frag.XSL[0] (T_FRAG)                                 0.000     1.701
Q_LUT2_I0.t_frag.XZ[0] (T_FRAG)                                  1.462     3.164
Q_dffe_Q.QD[0] (Q_FRAG)                                          0.000     3.164
data arrival time                                                          3.164

clock clk (rise edge)                                            0.000     0.000
clock source latency                                             0.000     0.000
u_qlal4s3b_cell_macro.Sys_Clk0[0] (ASSP)                         0.000     0.000
Q_dffe_Q.QCK[0] (Q_FRAG)                                         0.000     0.000
clock uncertainty                                                0.000     0.000
cell setup time                                                  0.105     0.105
data required time                                                         0.105
--------------------------------------------------------------------------------
data required time                                                         0.105
data arrival time                                                         -3.164
--------------------------------------------------------------------------------
slack (VIOLATED)                                                          -3.058


#Path 35
Startpoint: R_dffe_Q.QZ[0] (Q_FRAG clocked by clk)
Endpoint  : R_dffe_Q.QD[0] (Q_FRAG clocked by clk)
Path Type : setup

Point                                                             Incr      Path
--------------------------------------------------------------------------------
clock clk (rise edge)                                            0.000     0.000
clock source latency                                             0.000     0.000
u_qlal4s3b_cell_macro.Sys_Clk0[0] (ASSP)                         0.000     0.000
R_dffe_Q.QCK[0] (Q_FRAG)                                         0.000     0.000
R_dffe_Q.QZ[0] (Q_FRAG) [clock-to-output]                        1.701     1.701
R_LUT1_I0.f_frag.FS[0] (F_FRAG)                                  0.000     1.701
R_LUT1_I0.f_frag.FZ[0] (F_FRAG)                                  0.612     2.313
R_dffe_Q.QD[0] (Q_FRAG)                                          0.000     2.313
data arrival time                                                          2.313

clock clk (rise edge)                                            0.000     0.000
clock source latency                                             0.000     0.000
u_qlal4s3b_cell_macro.Sys_Clk0[0] (ASSP)                         0.000     0.000
R_dffe_Q.QCK[0] (Q_FRAG)                                         0.000     0.000
clock uncertainty                                                0.000     0.000
cell setup time                                                  0.105     0.105
data required time                                                         0.105
--------------------------------------------------------------------------------
data required time                                                         0.105
data arrival time                                                         -2.313
--------------------------------------------------------------------------------
slack (VIOLATED)                                                          -2.208


#End of timing report
