#Timing report of worst 35 path(s)
# Unit scale: 1e-09 seconds
# Output precision: 3

#Path 1
Startpoint: delay_dff_Q_25.QZ[0] (Q_FRAG clocked by clk)
Endpoint  : delay_dff_Q_5.QD[0] (Q_FRAG clocked by clk)
Path Type : setup

Point                                                                                                            Incr      Path
-------------------------------------------------------------------------------------------------------------------------------
clock clk (rise edge)                                                                                           0.000     0.000
clock source latency                                                                                            0.000     0.000
u_qlal4s3b_cell_macro.Sys_Clk0[0] (ASSP)                                                                        0.000     0.000
delay_dff_Q_25.QCK[0] (Q_FRAG)                                                                                 13.829    13.829
delay_dff_Q_25.QZ[0] (Q_FRAG) [clock-to-output]                                                                 1.701    15.530
delay_dff_Q_9_D_LUT3_O_14_I1_LUT4_O_I3_LUT3_I2_I1_LUT3_O_I0_LUT2_O.t_frag.XSL[0] (T_FRAG)                       3.633    19.163
delay_dff_Q_9_D_LUT3_O_14_I1_LUT4_O_I3_LUT3_I2_I1_LUT3_O_I0_LUT2_O.t_frag.XZ[0] (T_FRAG)                        1.406    20.569
delay_dff_Q_9_D_LUT3_O_14_I1_LUT4_O_I3_LUT3_I2_I1_LUT3_O.t_frag.XA2[0] (T_FRAG)                                 2.950    23.519
delay_dff_Q_9_D_LUT3_O_14_I1_LUT4_O_I3_LUT3_I2_I1_LUT3_O.t_frag.XZ[0] (T_FRAG)                                  1.519    25.038
delay_dff_Q_9_D_LUT3_O_14_I1_LUT4_O_I3_LUT3_I2.t_frag.XSL[0] (T_FRAG)                                           3.185    28.223
delay_dff_Q_9_D_LUT3_O_14_I1_LUT4_O_I3_LUT3_I2.t_frag.XZ[0] (T_FRAG)                                            1.406    29.629
R_dffe_Q_EN_LUT4_O_I3_LUT3_O_I2_LUT3_O.t_frag.XSL[0] (T_FRAG)                                                   2.551    32.180
R_dffe_Q_EN_LUT4_O_I3_LUT3_O_I2_LUT3_O.t_frag.XZ[0] (T_FRAG)                                                    1.462    33.642
R_dffe_Q_EN_LUT4_O_I3_LUT3_O.t_frag.XAB[0] (T_FRAG)                                                             3.495    37.137
R_dffe_Q_EN_LUT4_O_I3_LUT3_O.t_frag.XZ[0] (T_FRAG)                                                              1.251    38.388
R_dffe_Q_EN_LUT4_O.c_frag.TBS[0] (C_FRAG)                                                                       3.076    41.464
R_dffe_Q_EN_LUT4_O.c_frag.CZ[0] (C_FRAG)                                                                        0.996    42.459
delay_dff_Q_9_D_LUT3_O_2.t_frag.XAB[0] (T_FRAG)                                                                 5.966    48.425
delay_dff_Q_9_D_LUT3_O_2.t_frag.XZ[0] (T_FRAG)                                                                  1.305    49.730
delay_dff_Q_5.QD[0] (Q_FRAG)                                                                                    0.000    49.730
data arrival time                                                                                                        49.730

clock clk (rise edge)                                                                                           0.000     0.000
clock source latency                                                                                            0.000     0.000
u_qlal4s3b_cell_macro.Sys_Clk0[0] (ASSP)                                                                        0.000     0.000
delay_dff_Q_5.QCK[0] (Q_FRAG)                                                                                  10.597    10.597
clock uncertainty                                                                                               0.000    10.597
cell setup time                                                                                                 0.105    10.703
data required time                                                                                                       10.703
-------------------------------------------------------------------------------------------------------------------------------
data required time                                                                                                       10.703
data arrival time                                                                                                       -49.730
-------------------------------------------------------------------------------------------------------------------------------
slack (VIOLATED)                                                                                                        -39.027


#Path 2
Startpoint: delay_dff_Q_25.QZ[0] (Q_FRAG clocked by clk)
Endpoint  : delay_dff_Q_9.QD[0] (Q_FRAG clocked by clk)
Path Type : setup

Point                                                                              Incr      Path
-------------------------------------------------------------------------------------------------
clock clk (rise edge)                                                             0.000     0.000
clock source latency                                                              0.000     0.000
u_qlal4s3b_cell_macro.Sys_Clk0[0] (ASSP)                                          0.000     0.000
delay_dff_Q_25.QCK[0] (Q_FRAG)                                                   13.829    13.829
delay_dff_Q_25.QZ[0] (Q_FRAG) [clock-to-output]                                   1.701    15.530
delay_dff_Q_9_D_LUT3_O_17_I1_LUT4_O.c_frag.TSL[0] (C_FRAG)                        2.754    18.284
delay_dff_Q_9_D_LUT3_O_17_I1_LUT4_O.c_frag.CZ[0] (C_FRAG)                         1.593    19.877
delay_dff_Q_9_D_LUT3_O_14_I1_LUT4_O.c_frag.TAB[0] (C_FRAG)                        3.173    23.050
delay_dff_Q_9_D_LUT3_O_14_I1_LUT4_O.c_frag.CZ[0] (C_FRAG)                         1.437    24.487
delay_dff_Q_9_D_LUT3_O_14_I1_LUT4_I3.c_frag.TBS[0] (C_FRAG)                       4.834    29.322
delay_dff_Q_9_D_LUT3_O_14_I1_LUT4_I3.c_frag.CZ[0] (C_FRAG)                        0.996    30.317
delay_dff_Q_9_D_LUT3_O_9_I1_LUT3_O.t_frag.XAB[0] (T_FRAG)                         4.028    34.345
delay_dff_Q_9_D_LUT3_O_9_I1_LUT3_O.t_frag.XZ[0] (T_FRAG)                          1.251    35.596
delay_dff_Q_9_D_LUT3_O_8_I1_LUT2_O.t_frag.XAB[0] (T_FRAG)                         3.953    39.550
delay_dff_Q_9_D_LUT3_O_8_I1_LUT2_O.t_frag.XZ[0] (T_FRAG)                          1.251    40.801
delay_dff_Q_9_D_LUT3_O_6_I1_LUT3_O.t_frag.XAB[0] (T_FRAG)                         3.349    44.150
delay_dff_Q_9_D_LUT3_O_6_I1_LUT3_O.t_frag.XZ[0] (T_FRAG)                          1.251    45.401
delay_dff_Q_9_D_LUT3_O_6.t_frag.XSL[0] (T_FRAG)                                   2.486    47.887
delay_dff_Q_9_D_LUT3_O_6.t_frag.XZ[0] (T_FRAG)                                    1.462    49.349
delay_dff_Q_9.QD[0] (Q_FRAG)                                                      0.000    49.349
data arrival time                                                                          49.349

clock clk (rise edge)                                                             0.000     0.000
clock source latency                                                              0.000     0.000
u_qlal4s3b_cell_macro.Sys_Clk0[0] (ASSP)                                          0.000     0.000
delay_dff_Q_9.QCK[0] (Q_FRAG)                                                    10.459    10.459
clock uncertainty                                                                 0.000    10.459
cell setup time                                                                   0.105    10.565
data required time                                                                         10.565
-------------------------------------------------------------------------------------------------
data required time                                                                         10.565
data arrival time                                                                         -49.349
-------------------------------------------------------------------------------------------------
slack (VIOLATED)                                                                          -38.784


#Path 3
Startpoint: delay_dff_Q_25.QZ[0] (Q_FRAG clocked by clk)
Endpoint  : delay_dff_Q_21.QD[0] (Q_FRAG clocked by clk)
Path Type : setup

Point                                                                                                            Incr      Path
-------------------------------------------------------------------------------------------------------------------------------
clock clk (rise edge)                                                                                           0.000     0.000
clock source latency                                                                                            0.000     0.000
u_qlal4s3b_cell_macro.Sys_Clk0[0] (ASSP)                                                                        0.000     0.000
delay_dff_Q_25.QCK[0] (Q_FRAG)                                                                                 13.829    13.829
delay_dff_Q_25.QZ[0] (Q_FRAG) [clock-to-output]                                                                 1.701    15.530
delay_dff_Q_9_D_LUT3_O_14_I1_LUT4_O_I3_LUT3_I2_I1_LUT3_O_I0_LUT2_O.t_frag.XSL[0] (T_FRAG)                       3.633    19.163
delay_dff_Q_9_D_LUT3_O_14_I1_LUT4_O_I3_LUT3_I2_I1_LUT3_O_I0_LUT2_O.t_frag.XZ[0] (T_FRAG)                        1.406    20.569
delay_dff_Q_9_D_LUT3_O_14_I1_LUT4_O_I3_LUT3_I2_I1_LUT3_O.t_frag.XA2[0] (T_FRAG)                                 2.950    23.519
delay_dff_Q_9_D_LUT3_O_14_I1_LUT4_O_I3_LUT3_I2_I1_LUT3_O.t_frag.XZ[0] (T_FRAG)                                  1.519    25.038
delay_dff_Q_9_D_LUT3_O_14_I1_LUT4_O_I3_LUT3_I2.t_frag.XSL[0] (T_FRAG)                                           3.185    28.223
delay_dff_Q_9_D_LUT3_O_14_I1_LUT4_O_I3_LUT3_I2.t_frag.XZ[0] (T_FRAG)                                            1.406    29.629
R_dffe_Q_EN_LUT4_O_I3_LUT3_O_I2_LUT3_O.t_frag.XSL[0] (T_FRAG)                                                   2.551    32.180
R_dffe_Q_EN_LUT4_O_I3_LUT3_O_I2_LUT3_O.t_frag.XZ[0] (T_FRAG)                                                    1.462    33.642
R_dffe_Q_EN_LUT4_O_I3_LUT3_O.t_frag.XAB[0] (T_FRAG)                                                             3.495    37.137
R_dffe_Q_EN_LUT4_O_I3_LUT3_O.t_frag.XZ[0] (T_FRAG)                                                              1.251    38.388
R_dffe_Q_EN_LUT4_O.c_frag.TBS[0] (C_FRAG)                                                                       3.076    41.464
R_dffe_Q_EN_LUT4_O.c_frag.CZ[0] (C_FRAG)                                                                        0.996    42.459
delay_dff_Q_9_D_LUT3_O_16.t_frag.XAB[0] (T_FRAG)                                                                6.398    48.857
delay_dff_Q_9_D_LUT3_O_16.t_frag.XZ[0] (T_FRAG)                                                                 1.305    50.162
delay_dff_Q_21.QD[0] (Q_FRAG)                                                                                   0.000    50.162
data arrival time                                                                                                        50.162

clock clk (rise edge)                                                                                           0.000     0.000
clock source latency                                                                                            0.000     0.000
u_qlal4s3b_cell_macro.Sys_Clk0[0] (ASSP)                                                                        0.000     0.000
delay_dff_Q_21.QCK[0] (Q_FRAG)                                                                                 11.332    11.332
clock uncertainty                                                                                               0.000    11.332
cell setup time                                                                                                 0.105    11.437
data required time                                                                                                       11.437
-------------------------------------------------------------------------------------------------------------------------------
data required time                                                                                                       11.437
data arrival time                                                                                                       -50.162
-------------------------------------------------------------------------------------------------------------------------------
slack (VIOLATED)                                                                                                        -38.725


#Path 4
Startpoint: delay_dff_Q_25.QZ[0] (Q_FRAG clocked by clk)
Endpoint  : P_dffe_Q.QEN[0] (Q_FRAG clocked by clk)
Path Type : setup

Point                                                                                                            Incr      Path
-------------------------------------------------------------------------------------------------------------------------------
clock clk (rise edge)                                                                                           0.000     0.000
clock source latency                                                                                            0.000     0.000
u_qlal4s3b_cell_macro.Sys_Clk0[0] (ASSP)                                                                        0.000     0.000
delay_dff_Q_25.QCK[0] (Q_FRAG)                                                                                 13.829    13.829
delay_dff_Q_25.QZ[0] (Q_FRAG) [clock-to-output]                                                                 1.701    15.530
delay_dff_Q_9_D_LUT3_O_14_I1_LUT4_O_I3_LUT3_I2_I1_LUT3_O_I0_LUT2_O.t_frag.XSL[0] (T_FRAG)                       3.633    19.163
delay_dff_Q_9_D_LUT3_O_14_I1_LUT4_O_I3_LUT3_I2_I1_LUT3_O_I0_LUT2_O.t_frag.XZ[0] (T_FRAG)                        1.406    20.569
delay_dff_Q_9_D_LUT3_O_14_I1_LUT4_O_I3_LUT3_I2_I1_LUT3_O.t_frag.XA2[0] (T_FRAG)                                 2.950    23.519
delay_dff_Q_9_D_LUT3_O_14_I1_LUT4_O_I3_LUT3_I2_I1_LUT3_O.t_frag.XZ[0] (T_FRAG)                                  1.519    25.038
delay_dff_Q_9_D_LUT3_O_14_I1_LUT4_O_I3_LUT3_I2.t_frag.XSL[0] (T_FRAG)                                           3.185    28.223
delay_dff_Q_9_D_LUT3_O_14_I1_LUT4_O_I3_LUT3_I2.t_frag.XZ[0] (T_FRAG)                                            1.406    29.629
R_dffe_Q_EN_LUT4_O_I3_LUT3_O_I2_LUT3_O.t_frag.XSL[0] (T_FRAG)                                                   2.551    32.180
R_dffe_Q_EN_LUT4_O_I3_LUT3_O_I2_LUT3_O.t_frag.XZ[0] (T_FRAG)                                                    1.462    33.642
R_dffe_Q_EN_LUT4_O_I3_LUT3_O.t_frag.XAB[0] (T_FRAG)                                                             3.495    37.137
R_dffe_Q_EN_LUT4_O_I3_LUT3_O.t_frag.XZ[0] (T_FRAG)                                                              1.251    38.388
R_dffe_Q_EN_LUT4_O.c_frag.TBS[0] (C_FRAG)                                                                       3.076    41.464
R_dffe_Q_EN_LUT4_O.c_frag.CZ[0] (C_FRAG)                                                                        0.996    42.459
P_dffe_Q.QEN[0] (Q_FRAG)                                                                                        5.226    47.685
data arrival time                                                                                                        47.685

clock clk (rise edge)                                                                                           0.000     0.000
clock source latency                                                                                            0.000     0.000
u_qlal4s3b_cell_macro.Sys_Clk0[0] (ASSP)                                                                        0.000     0.000
P_dffe_Q.QCK[0] (Q_FRAG)                                                                                       10.324    10.324
clock uncertainty                                                                                               0.000    10.324
cell setup time                                                                                                -0.591     9.733
data required time                                                                                                        9.733
-------------------------------------------------------------------------------------------------------------------------------
data required time                                                                                                        9.733
data arrival time                                                                                                       -47.685
-------------------------------------------------------------------------------------------------------------------------------
slack (VIOLATED)                                                                                                        -37.952


#Path 5
Startpoint: delay_dff_Q_25.QZ[0] (Q_FRAG clocked by clk)
Endpoint  : delay_dff_Q_4.QD[0] (Q_FRAG clocked by clk)
Path Type : setup

Point                                                                                                            Incr      Path
-------------------------------------------------------------------------------------------------------------------------------
clock clk (rise edge)                                                                                           0.000     0.000
clock source latency                                                                                            0.000     0.000
u_qlal4s3b_cell_macro.Sys_Clk0[0] (ASSP)                                                                        0.000     0.000
delay_dff_Q_25.QCK[0] (Q_FRAG)                                                                                 13.829    13.829
delay_dff_Q_25.QZ[0] (Q_FRAG) [clock-to-output]                                                                 1.701    15.530
delay_dff_Q_9_D_LUT3_O_14_I1_LUT4_O_I3_LUT3_I2_I1_LUT3_O_I0_LUT2_O.t_frag.XSL[0] (T_FRAG)                       3.633    19.163
delay_dff_Q_9_D_LUT3_O_14_I1_LUT4_O_I3_LUT3_I2_I1_LUT3_O_I0_LUT2_O.t_frag.XZ[0] (T_FRAG)                        1.406    20.569
delay_dff_Q_9_D_LUT3_O_14_I1_LUT4_O_I3_LUT3_I2_I1_LUT3_O.t_frag.XA2[0] (T_FRAG)                                 2.950    23.519
delay_dff_Q_9_D_LUT3_O_14_I1_LUT4_O_I3_LUT3_I2_I1_LUT3_O.t_frag.XZ[0] (T_FRAG)                                  1.519    25.038
delay_dff_Q_9_D_LUT3_O_14_I1_LUT4_O_I3_LUT3_I2.t_frag.XSL[0] (T_FRAG)                                           3.185    28.223
delay_dff_Q_9_D_LUT3_O_14_I1_LUT4_O_I3_LUT3_I2.t_frag.XZ[0] (T_FRAG)                                            1.406    29.629
R_dffe_Q_EN_LUT4_O_I3_LUT3_O_I2_LUT3_O.t_frag.XSL[0] (T_FRAG)                                                   2.551    32.180
R_dffe_Q_EN_LUT4_O_I3_LUT3_O_I2_LUT3_O.t_frag.XZ[0] (T_FRAG)                                                    1.462    33.642
R_dffe_Q_EN_LUT4_O_I3_LUT3_O.t_frag.XAB[0] (T_FRAG)                                                             3.495    37.137
R_dffe_Q_EN_LUT4_O_I3_LUT3_O.t_frag.XZ[0] (T_FRAG)                                                              1.251    38.388
R_dffe_Q_EN_LUT4_O.c_frag.TBS[0] (C_FRAG)                                                                       3.076    41.464
R_dffe_Q_EN_LUT4_O.c_frag.CZ[0] (C_FRAG)                                                                        0.996    42.459
delay_dff_Q_9_D_LUT3_O_1.t_frag.XAB[0] (T_FRAG)                                                                 5.215    47.674
delay_dff_Q_9_D_LUT3_O_1.t_frag.XZ[0] (T_FRAG)                                                                  1.305    48.979
delay_dff_Q_4.QD[0] (Q_FRAG)                                                                                    0.000    48.979
data arrival time                                                                                                        48.979

clock clk (rise edge)                                                                                           0.000     0.000
clock source latency                                                                                            0.000     0.000
u_qlal4s3b_cell_macro.Sys_Clk0[0] (ASSP)                                                                        0.000     0.000
delay_dff_Q_4.QCK[0] (Q_FRAG)                                                                                  11.157    11.157
clock uncertainty                                                                                               0.000    11.157
cell setup time                                                                                                 0.105    11.263
data required time                                                                                                       11.263
-------------------------------------------------------------------------------------------------------------------------------
data required time                                                                                                       11.263
data arrival time                                                                                                       -48.979
-------------------------------------------------------------------------------------------------------------------------------
slack (VIOLATED)                                                                                                        -37.717


#Path 6
Startpoint: delay_dff_Q_25.QZ[0] (Q_FRAG clocked by clk)
Endpoint  : delay_dff_Q_10.QD[0] (Q_FRAG clocked by clk)
Path Type : setup

Point                                                                                                            Incr      Path
-------------------------------------------------------------------------------------------------------------------------------
clock clk (rise edge)                                                                                           0.000     0.000
clock source latency                                                                                            0.000     0.000
u_qlal4s3b_cell_macro.Sys_Clk0[0] (ASSP)                                                                        0.000     0.000
delay_dff_Q_25.QCK[0] (Q_FRAG)                                                                                 13.829    13.829
delay_dff_Q_25.QZ[0] (Q_FRAG) [clock-to-output]                                                                 1.701    15.530
delay_dff_Q_9_D_LUT3_O_14_I1_LUT4_O_I3_LUT3_I2_I1_LUT3_O_I0_LUT2_O.t_frag.XSL[0] (T_FRAG)                       3.633    19.163
delay_dff_Q_9_D_LUT3_O_14_I1_LUT4_O_I3_LUT3_I2_I1_LUT3_O_I0_LUT2_O.t_frag.XZ[0] (T_FRAG)                        1.406    20.569
delay_dff_Q_9_D_LUT3_O_14_I1_LUT4_O_I3_LUT3_I2_I1_LUT3_O.t_frag.XA2[0] (T_FRAG)                                 2.950    23.519
delay_dff_Q_9_D_LUT3_O_14_I1_LUT4_O_I3_LUT3_I2_I1_LUT3_O.t_frag.XZ[0] (T_FRAG)                                  1.519    25.038
delay_dff_Q_9_D_LUT3_O_14_I1_LUT4_O_I3_LUT3_I2.t_frag.XSL[0] (T_FRAG)                                           3.185    28.223
delay_dff_Q_9_D_LUT3_O_14_I1_LUT4_O_I3_LUT3_I2.t_frag.XZ[0] (T_FRAG)                                            1.406    29.629
R_dffe_Q_EN_LUT4_O_I3_LUT3_O_I2_LUT3_O.t_frag.XSL[0] (T_FRAG)                                                   2.551    32.180
R_dffe_Q_EN_LUT4_O_I3_LUT3_O_I2_LUT3_O.t_frag.XZ[0] (T_FRAG)                                                    1.462    33.642
R_dffe_Q_EN_LUT4_O_I3_LUT3_O.t_frag.XAB[0] (T_FRAG)                                                             3.495    37.137
R_dffe_Q_EN_LUT4_O_I3_LUT3_O.t_frag.XZ[0] (T_FRAG)                                                              1.251    38.388
R_dffe_Q_EN_LUT4_O.c_frag.TBS[0] (C_FRAG)                                                                       3.076    41.464
R_dffe_Q_EN_LUT4_O.c_frag.CZ[0] (C_FRAG)                                                                        0.996    42.459
delay_dff_Q_9_D_LUT3_O_7.t_frag.XAB[0] (T_FRAG)                                                                 4.276    46.736
delay_dff_Q_9_D_LUT3_O_7.t_frag.XZ[0] (T_FRAG)                                                                  1.305    48.041
delay_dff_Q_10.QD[0] (Q_FRAG)                                                                                   0.000    48.041
data arrival time                                                                                                        48.041

clock clk (rise edge)                                                                                           0.000     0.000
clock source latency                                                                                            0.000     0.000
u_qlal4s3b_cell_macro.Sys_Clk0[0] (ASSP)                                                                        0.000     0.000
delay_dff_Q_10.QCK[0] (Q_FRAG)                                                                                 10.324    10.324
clock uncertainty                                                                                               0.000    10.324
cell setup time                                                                                                 0.105    10.430
data required time                                                                                                       10.430
-------------------------------------------------------------------------------------------------------------------------------
data required time                                                                                                       10.430
data arrival time                                                                                                       -48.041
-------------------------------------------------------------------------------------------------------------------------------
slack (VIOLATED)                                                                                                        -37.611


#Path 7
Startpoint: R_dffe_Q.QZ[0] (Q_FRAG clocked by clk)
Endpoint  : out:led_f.outpad[0] (.output clocked by clk)
Path Type : setup

Point                                                                 Incr      Path
------------------------------------------------------------------------------------
clock clk (rise edge)                                                0.000     0.000
clock source latency                                                 0.000     0.000
u_qlal4s3b_cell_macro.Sys_Clk0[0] (ASSP)                             0.000     0.000
R_dffe_Q.QCK[0] (Q_FRAG)                                            11.247    11.247
R_dffe_Q.QZ[0] (Q_FRAG) [clock-to-output]                            1.701    12.949
led_f_LUT3_O.t_frag.XSL[0] (T_FRAG)                                  5.650    18.599
led_f_LUT3_O.t_frag.XZ[0] (T_FRAG)                                   1.406    20.005
$iopadmap$fsm.led_f.O_DAT[0] (BIDIR_CELL)                            7.646    27.651
$iopadmap$fsm.led_f.O_PAD_$out[0] (BIDIR_CELL)                       9.809    37.460
out:led_f.outpad[0] (.output)                                        0.000    37.460
data arrival time                                                             37.460

clock clk (rise edge)                                                0.000     0.000
clock source latency                                                 0.000     0.000
clock uncertainty                                                    0.000     0.000
output external delay                                                0.000     0.000
data required time                                                             0.000
------------------------------------------------------------------------------------
data required time                                                             0.000
data arrival time                                                            -37.460
------------------------------------------------------------------------------------
slack (VIOLATED)                                                             -37.460


#Path 8
Startpoint: delay_dff_Q_25.QZ[0] (Q_FRAG clocked by clk)
Endpoint  : delay_dff_Q_3.QD[0] (Q_FRAG clocked by clk)
Path Type : setup

Point                                                                              Incr      Path
-------------------------------------------------------------------------------------------------
clock clk (rise edge)                                                             0.000     0.000
clock source latency                                                              0.000     0.000
u_qlal4s3b_cell_macro.Sys_Clk0[0] (ASSP)                                          0.000     0.000
delay_dff_Q_25.QCK[0] (Q_FRAG)                                                   13.829    13.829
delay_dff_Q_25.QZ[0] (Q_FRAG) [clock-to-output]                                   1.701    15.530
delay_dff_Q_9_D_LUT3_O_17_I1_LUT4_O.c_frag.TSL[0] (C_FRAG)                        2.754    18.284
delay_dff_Q_9_D_LUT3_O_17_I1_LUT4_O.c_frag.CZ[0] (C_FRAG)                         1.593    19.877
delay_dff_Q_9_D_LUT3_O_14_I1_LUT4_O.c_frag.TAB[0] (C_FRAG)                        3.173    23.050
delay_dff_Q_9_D_LUT3_O_14_I1_LUT4_O.c_frag.CZ[0] (C_FRAG)                         1.437    24.487
delay_dff_Q_9_D_LUT3_O_14_I1_LUT4_I3.c_frag.TBS[0] (C_FRAG)                       4.834    29.322
delay_dff_Q_9_D_LUT3_O_14_I1_LUT4_I3.c_frag.CZ[0] (C_FRAG)                        0.996    30.317
delay_dff_Q_9_D_LUT3_O_7_I1_LUT4_O.c_frag.TBS[0] (C_FRAG)                         3.181    33.499
delay_dff_Q_9_D_LUT3_O_7_I1_LUT4_O.c_frag.CZ[0] (C_FRAG)                          0.996    34.494
delay_dff_Q_9_D_LUT3_O_7_I1_LUT4_I3.c_frag.TBS[0] (C_FRAG)                        2.731    37.225
delay_dff_Q_9_D_LUT3_O_7_I1_LUT4_I3.c_frag.CZ[0] (C_FRAG)                         0.996    38.221
delay_dff_Q_9_D_LUT3_O_I1_LUT4_O.c_frag.TBS[0] (C_FRAG)                           3.937    42.158
delay_dff_Q_9_D_LUT3_O_I1_LUT4_O.c_frag.CZ[0] (C_FRAG)                            0.996    43.153
delay_dff_Q_9_D_LUT3_O.t_frag.XSL[0] (T_FRAG)                                     3.300    46.454
delay_dff_Q_9_D_LUT3_O.t_frag.XZ[0] (T_FRAG)                                      1.462    47.916
delay_dff_Q_3.QD[0] (Q_FRAG)                                                      0.000    47.916
data arrival time                                                                          47.916

clock clk (rise edge)                                                             0.000     0.000
clock source latency                                                              0.000     0.000
u_qlal4s3b_cell_macro.Sys_Clk0[0] (ASSP)                                          0.000     0.000
delay_dff_Q_3.QCK[0] (Q_FRAG)                                                    10.387    10.387
clock uncertainty                                                                 0.000    10.387
cell setup time                                                                   0.105    10.492
data required time                                                                         10.492
-------------------------------------------------------------------------------------------------
data required time                                                                         10.492
data arrival time                                                                         -47.916
-------------------------------------------------------------------------------------------------
slack (VIOLATED)                                                                          -37.423


#Path 9
Startpoint: delay_dff_Q_25.QZ[0] (Q_FRAG clocked by clk)
Endpoint  : delay_dff_Q_11.QD[0] (Q_FRAG clocked by clk)
Path Type : setup

Point                                                                                                            Incr      Path
-------------------------------------------------------------------------------------------------------------------------------
clock clk (rise edge)                                                                                           0.000     0.000
clock source latency                                                                                            0.000     0.000
u_qlal4s3b_cell_macro.Sys_Clk0[0] (ASSP)                                                                        0.000     0.000
delay_dff_Q_25.QCK[0] (Q_FRAG)                                                                                 13.829    13.829
delay_dff_Q_25.QZ[0] (Q_FRAG) [clock-to-output]                                                                 1.701    15.530
delay_dff_Q_9_D_LUT3_O_14_I1_LUT4_O_I3_LUT3_I2_I1_LUT3_O_I0_LUT2_O.t_frag.XSL[0] (T_FRAG)                       3.633    19.163
delay_dff_Q_9_D_LUT3_O_14_I1_LUT4_O_I3_LUT3_I2_I1_LUT3_O_I0_LUT2_O.t_frag.XZ[0] (T_FRAG)                        1.406    20.569
delay_dff_Q_9_D_LUT3_O_14_I1_LUT4_O_I3_LUT3_I2_I1_LUT3_O.t_frag.XA2[0] (T_FRAG)                                 2.950    23.519
delay_dff_Q_9_D_LUT3_O_14_I1_LUT4_O_I3_LUT3_I2_I1_LUT3_O.t_frag.XZ[0] (T_FRAG)                                  1.519    25.038
delay_dff_Q_9_D_LUT3_O_14_I1_LUT4_O_I3_LUT3_I2.t_frag.XSL[0] (T_FRAG)                                           3.185    28.223
delay_dff_Q_9_D_LUT3_O_14_I1_LUT4_O_I3_LUT3_I2.t_frag.XZ[0] (T_FRAG)                                            1.406    29.629
R_dffe_Q_EN_LUT4_O_I3_LUT3_O_I2_LUT3_O.t_frag.XSL[0] (T_FRAG)                                                   2.551    32.180
R_dffe_Q_EN_LUT4_O_I3_LUT3_O_I2_LUT3_O.t_frag.XZ[0] (T_FRAG)                                                    1.462    33.642
R_dffe_Q_EN_LUT4_O_I3_LUT3_O.t_frag.XAB[0] (T_FRAG)                                                             3.495    37.137
R_dffe_Q_EN_LUT4_O_I3_LUT3_O.t_frag.XZ[0] (T_FRAG)                                                              1.251    38.388
R_dffe_Q_EN_LUT4_O.c_frag.TBS[0] (C_FRAG)                                                                       3.076    41.464
R_dffe_Q_EN_LUT4_O.c_frag.CZ[0] (C_FRAG)                                                                        0.996    42.459
delay_dff_Q_9_D_LUT3_O_8.t_frag.XAB[0] (T_FRAG)                                                                 4.076    46.535
delay_dff_Q_9_D_LUT3_O_8.t_frag.XZ[0] (T_FRAG)                                                                  1.305    47.840
delay_dff_Q_11.QD[0] (Q_FRAG)                                                                                   0.000    47.840
data arrival time                                                                                                        47.840

clock clk (rise edge)                                                                                           0.000     0.000
clock source latency                                                                                            0.000     0.000
u_qlal4s3b_cell_macro.Sys_Clk0[0] (ASSP)                                                                        0.000     0.000
delay_dff_Q_11.QCK[0] (Q_FRAG)                                                                                 10.464    10.464
clock uncertainty                                                                                               0.000    10.464
cell setup time                                                                                                 0.105    10.569
data required time                                                                                                       10.569
-------------------------------------------------------------------------------------------------------------------------------
data required time                                                                                                       10.569
data arrival time                                                                                                       -47.840
-------------------------------------------------------------------------------------------------------------------------------
slack (VIOLATED)                                                                                                        -37.271


#Path 10
Startpoint: delay_dff_Q_25.QZ[0] (Q_FRAG clocked by clk)
Endpoint  : delay_dff_Q_24.QD[0] (Q_FRAG clocked by clk)
Path Type : setup

Point                                                                                                            Incr      Path
-------------------------------------------------------------------------------------------------------------------------------
clock clk (rise edge)                                                                                           0.000     0.000
clock source latency                                                                                            0.000     0.000
u_qlal4s3b_cell_macro.Sys_Clk0[0] (ASSP)                                                                        0.000     0.000
delay_dff_Q_25.QCK[0] (Q_FRAG)                                                                                 13.829    13.829
delay_dff_Q_25.QZ[0] (Q_FRAG) [clock-to-output]                                                                 1.701    15.530
delay_dff_Q_9_D_LUT3_O_14_I1_LUT4_O_I3_LUT3_I2_I1_LUT3_O_I0_LUT2_O.t_frag.XSL[0] (T_FRAG)                       3.633    19.163
delay_dff_Q_9_D_LUT3_O_14_I1_LUT4_O_I3_LUT3_I2_I1_LUT3_O_I0_LUT2_O.t_frag.XZ[0] (T_FRAG)                        1.406    20.569
delay_dff_Q_9_D_LUT3_O_14_I1_LUT4_O_I3_LUT3_I2_I1_LUT3_O.t_frag.XA2[0] (T_FRAG)                                 2.950    23.519
delay_dff_Q_9_D_LUT3_O_14_I1_LUT4_O_I3_LUT3_I2_I1_LUT3_O.t_frag.XZ[0] (T_FRAG)                                  1.519    25.038
delay_dff_Q_9_D_LUT3_O_14_I1_LUT4_O_I3_LUT3_I2.t_frag.XSL[0] (T_FRAG)                                           3.185    28.223
delay_dff_Q_9_D_LUT3_O_14_I1_LUT4_O_I3_LUT3_I2.t_frag.XZ[0] (T_FRAG)                                            1.406    29.629
R_dffe_Q_EN_LUT4_O_I3_LUT3_O_I2_LUT3_O.t_frag.XSL[0] (T_FRAG)                                                   2.551    32.180
R_dffe_Q_EN_LUT4_O_I3_LUT3_O_I2_LUT3_O.t_frag.XZ[0] (T_FRAG)                                                    1.462    33.642
R_dffe_Q_EN_LUT4_O_I3_LUT3_O.t_frag.XAB[0] (T_FRAG)                                                             3.495    37.137
R_dffe_Q_EN_LUT4_O_I3_LUT3_O.t_frag.XZ[0] (T_FRAG)                                                              1.251    38.388
R_dffe_Q_EN_LUT4_O.c_frag.TBS[0] (C_FRAG)                                                                       3.076    41.464
R_dffe_Q_EN_LUT4_O.c_frag.CZ[0] (C_FRAG)                                                                        0.996    42.459
delay_dff_Q_9_D_LUT2_O_3.t_frag.XAB[0] (T_FRAG)                                                                 5.738    48.198
delay_dff_Q_9_D_LUT2_O_3.t_frag.XZ[0] (T_FRAG)                                                                  1.305    49.503
delay_dff_Q_24.QD[0] (Q_FRAG)                                                                                   0.000    49.503
data arrival time                                                                                                        49.503

clock clk (rise edge)                                                                                           0.000     0.000
clock source latency                                                                                            0.000     0.000
u_qlal4s3b_cell_macro.Sys_Clk0[0] (ASSP)                                                                        0.000     0.000
delay_dff_Q_24.QCK[0] (Q_FRAG)                                                                                 12.185    12.185
clock uncertainty                                                                                               0.000    12.185
cell setup time                                                                                                 0.105    12.290
data required time                                                                                                       12.290
-------------------------------------------------------------------------------------------------------------------------------
data required time                                                                                                       12.290
data arrival time                                                                                                       -49.503
-------------------------------------------------------------------------------------------------------------------------------
slack (VIOLATED)                                                                                                        -37.213


#Path 11
Startpoint: delay_dff_Q_25.QZ[0] (Q_FRAG clocked by clk)
Endpoint  : delay_dff_Q_26.QD[0] (Q_FRAG clocked by clk)
Path Type : setup

Point                                                                                                            Incr      Path
-------------------------------------------------------------------------------------------------------------------------------
clock clk (rise edge)                                                                                           0.000     0.000
clock source latency                                                                                            0.000     0.000
u_qlal4s3b_cell_macro.Sys_Clk0[0] (ASSP)                                                                        0.000     0.000
delay_dff_Q_25.QCK[0] (Q_FRAG)                                                                                 13.829    13.829
delay_dff_Q_25.QZ[0] (Q_FRAG) [clock-to-output]                                                                 1.701    15.530
delay_dff_Q_9_D_LUT3_O_14_I1_LUT4_O_I3_LUT3_I2_I1_LUT3_O_I0_LUT2_O.t_frag.XSL[0] (T_FRAG)                       3.633    19.163
delay_dff_Q_9_D_LUT3_O_14_I1_LUT4_O_I3_LUT3_I2_I1_LUT3_O_I0_LUT2_O.t_frag.XZ[0] (T_FRAG)                        1.406    20.569
delay_dff_Q_9_D_LUT3_O_14_I1_LUT4_O_I3_LUT3_I2_I1_LUT3_O.t_frag.XA2[0] (T_FRAG)                                 2.950    23.519
delay_dff_Q_9_D_LUT3_O_14_I1_LUT4_O_I3_LUT3_I2_I1_LUT3_O.t_frag.XZ[0] (T_FRAG)                                  1.519    25.038
delay_dff_Q_9_D_LUT3_O_14_I1_LUT4_O_I3_LUT3_I2.t_frag.XSL[0] (T_FRAG)                                           3.185    28.223
delay_dff_Q_9_D_LUT3_O_14_I1_LUT4_O_I3_LUT3_I2.t_frag.XZ[0] (T_FRAG)                                            1.406    29.629
R_dffe_Q_EN_LUT4_O_I3_LUT3_O_I2_LUT3_O.t_frag.XSL[0] (T_FRAG)                                                   2.551    32.180
R_dffe_Q_EN_LUT4_O_I3_LUT3_O_I2_LUT3_O.t_frag.XZ[0] (T_FRAG)                                                    1.462    33.642
R_dffe_Q_EN_LUT4_O_I3_LUT3_O.t_frag.XAB[0] (T_FRAG)                                                             3.495    37.137
R_dffe_Q_EN_LUT4_O_I3_LUT3_O.t_frag.XZ[0] (T_FRAG)                                                              1.251    38.388
R_dffe_Q_EN_LUT4_O.c_frag.TBS[0] (C_FRAG)                                                                       3.076    41.464
R_dffe_Q_EN_LUT4_O.c_frag.CZ[0] (C_FRAG)                                                                        0.996    42.459
delay_dff_Q_9_D_LUT2_O.t_frag.XAB[0] (T_FRAG)                                                                   6.432    48.891
delay_dff_Q_9_D_LUT2_O.t_frag.XZ[0] (T_FRAG)                                                                    1.305    50.196
delay_dff_Q_26.QD[0] (Q_FRAG)                                                                                   0.000    50.196
data arrival time                                                                                                        50.196

clock clk (rise edge)                                                                                           0.000     0.000
clock source latency                                                                                            0.000     0.000
u_qlal4s3b_cell_macro.Sys_Clk0[0] (ASSP)                                                                        0.000     0.000
delay_dff_Q_26.QCK[0] (Q_FRAG)                                                                                 12.968    12.968
clock uncertainty                                                                                               0.000    12.968
cell setup time                                                                                                 0.105    13.074
data required time                                                                                                       13.074
-------------------------------------------------------------------------------------------------------------------------------
data required time                                                                                                       13.074
data arrival time                                                                                                       -50.196
-------------------------------------------------------------------------------------------------------------------------------
slack (VIOLATED)                                                                                                        -37.122


#Path 12
Startpoint: delay_dff_Q_25.QZ[0] (Q_FRAG clocked by clk)
Endpoint  : delay_dff_Q_20.QD[0] (Q_FRAG clocked by clk)
Path Type : setup

Point                                                                                                            Incr      Path
-------------------------------------------------------------------------------------------------------------------------------
clock clk (rise edge)                                                                                           0.000     0.000
clock source latency                                                                                            0.000     0.000
u_qlal4s3b_cell_macro.Sys_Clk0[0] (ASSP)                                                                        0.000     0.000
delay_dff_Q_25.QCK[0] (Q_FRAG)                                                                                 13.829    13.829
delay_dff_Q_25.QZ[0] (Q_FRAG) [clock-to-output]                                                                 1.701    15.530
delay_dff_Q_9_D_LUT3_O_14_I1_LUT4_O_I3_LUT3_I2_I1_LUT3_O_I0_LUT2_O.t_frag.XSL[0] (T_FRAG)                       3.633    19.163
delay_dff_Q_9_D_LUT3_O_14_I1_LUT4_O_I3_LUT3_I2_I1_LUT3_O_I0_LUT2_O.t_frag.XZ[0] (T_FRAG)                        1.406    20.569
delay_dff_Q_9_D_LUT3_O_14_I1_LUT4_O_I3_LUT3_I2_I1_LUT3_O.t_frag.XA2[0] (T_FRAG)                                 2.950    23.519
delay_dff_Q_9_D_LUT3_O_14_I1_LUT4_O_I3_LUT3_I2_I1_LUT3_O.t_frag.XZ[0] (T_FRAG)                                  1.519    25.038
delay_dff_Q_9_D_LUT3_O_14_I1_LUT4_O_I3_LUT3_I2.t_frag.XSL[0] (T_FRAG)                                           3.185    28.223
delay_dff_Q_9_D_LUT3_O_14_I1_LUT4_O_I3_LUT3_I2.t_frag.XZ[0] (T_FRAG)                                            1.406    29.629
R_dffe_Q_EN_LUT4_O_I3_LUT3_O_I2_LUT3_O.t_frag.XSL[0] (T_FRAG)                                                   2.551    32.180
R_dffe_Q_EN_LUT4_O_I3_LUT3_O_I2_LUT3_O.t_frag.XZ[0] (T_FRAG)                                                    1.462    33.642
R_dffe_Q_EN_LUT4_O_I3_LUT3_O.t_frag.XAB[0] (T_FRAG)                                                             3.495    37.137
R_dffe_Q_EN_LUT4_O_I3_LUT3_O.t_frag.XZ[0] (T_FRAG)                                                              1.251    38.388
R_dffe_Q_EN_LUT4_O.c_frag.TBS[0] (C_FRAG)                                                                       3.076    41.464
R_dffe_Q_EN_LUT4_O.c_frag.CZ[0] (C_FRAG)                                                                        0.996    42.459
delay_dff_Q_9_D_LUT3_O_15.t_frag.XAB[0] (T_FRAG)                                                                6.362    48.821
delay_dff_Q_9_D_LUT3_O_15.t_frag.XZ[0] (T_FRAG)                                                                 1.305    50.127
delay_dff_Q_20.QD[0] (Q_FRAG)                                                                                   0.000    50.127
data arrival time                                                                                                        50.127

clock clk (rise edge)                                                                                           0.000     0.000
clock source latency                                                                                            0.000     0.000
u_qlal4s3b_cell_macro.Sys_Clk0[0] (ASSP)                                                                        0.000     0.000
delay_dff_Q_20.QCK[0] (Q_FRAG)                                                                                 13.045    13.045
clock uncertainty                                                                                               0.000    13.045
cell setup time                                                                                                 0.105    13.151
data required time                                                                                                       13.151
-------------------------------------------------------------------------------------------------------------------------------
data required time                                                                                                       13.151
data arrival time                                                                                                       -50.127
-------------------------------------------------------------------------------------------------------------------------------
slack (VIOLATED)                                                                                                        -36.976


#Path 13
Startpoint: delay_dff_Q_25.QZ[0] (Q_FRAG clocked by clk)
Endpoint  : delay_dff_Q_2.QD[0] (Q_FRAG clocked by clk)
Path Type : setup

Point                                                                              Incr      Path
-------------------------------------------------------------------------------------------------
clock clk (rise edge)                                                             0.000     0.000
clock source latency                                                              0.000     0.000
u_qlal4s3b_cell_macro.Sys_Clk0[0] (ASSP)                                          0.000     0.000
delay_dff_Q_25.QCK[0] (Q_FRAG)                                                   13.829    13.829
delay_dff_Q_25.QZ[0] (Q_FRAG) [clock-to-output]                                   1.701    15.530
delay_dff_Q_9_D_LUT3_O_17_I1_LUT4_O.c_frag.TSL[0] (C_FRAG)                        2.754    18.284
delay_dff_Q_9_D_LUT3_O_17_I1_LUT4_O.c_frag.CZ[0] (C_FRAG)                         1.593    19.877
delay_dff_Q_9_D_LUT3_O_14_I1_LUT4_O.c_frag.TAB[0] (C_FRAG)                        3.173    23.050
delay_dff_Q_9_D_LUT3_O_14_I1_LUT4_O.c_frag.CZ[0] (C_FRAG)                         1.437    24.487
delay_dff_Q_9_D_LUT3_O_14_I1_LUT4_I3.c_frag.TBS[0] (C_FRAG)                       4.834    29.322
delay_dff_Q_9_D_LUT3_O_14_I1_LUT4_I3.c_frag.CZ[0] (C_FRAG)                        0.996    30.317
delay_dff_Q_9_D_LUT3_O_7_I1_LUT4_O.c_frag.TBS[0] (C_FRAG)                         3.181    33.499
delay_dff_Q_9_D_LUT3_O_7_I1_LUT4_O.c_frag.CZ[0] (C_FRAG)                          0.996    34.494
delay_dff_Q_9_D_LUT3_O_7_I1_LUT4_I3.c_frag.TBS[0] (C_FRAG)                        2.731    37.225
delay_dff_Q_9_D_LUT3_O_7_I1_LUT4_I3.c_frag.CZ[0] (C_FRAG)                         0.996    38.221
delay_dff_Q_9_D_LUT3_O_I1_LUT4_O.c_frag.TBS[0] (C_FRAG)                           3.937    42.158
delay_dff_Q_9_D_LUT3_O_I1_LUT4_O.c_frag.CZ[0] (C_FRAG)                            0.996    43.153
delay_dff_Q_9_D_LUT4_O.c_frag.TBS[0] (C_FRAG)                                     4.067    47.221
delay_dff_Q_9_D_LUT4_O.c_frag.CZ[0] (C_FRAG)                                      0.996    48.216
delay_dff_Q_2.QD[0] (Q_FRAG)                                                      0.000    48.216
data arrival time                                                                          48.216

clock clk (rise edge)                                                             0.000     0.000
clock source latency                                                              0.000     0.000
u_qlal4s3b_cell_macro.Sys_Clk0[0] (ASSP)                                          0.000     0.000
delay_dff_Q_2.QCK[0] (Q_FRAG)                                                    11.220    11.220
clock uncertainty                                                                 0.000    11.220
cell setup time                                                                   0.105    11.326
data required time                                                                         11.326
-------------------------------------------------------------------------------------------------
data required time                                                                         11.326
data arrival time                                                                         -48.216
-------------------------------------------------------------------------------------------------
slack (VIOLATED)                                                                          -36.891


#Path 14
Startpoint: delay_dff_Q_25.QZ[0] (Q_FRAG clocked by clk)
Endpoint  : delay_dff_Q_13.QD[0] (Q_FRAG clocked by clk)
Path Type : setup

Point                                                                                                            Incr      Path
-------------------------------------------------------------------------------------------------------------------------------
clock clk (rise edge)                                                                                           0.000     0.000
clock source latency                                                                                            0.000     0.000
u_qlal4s3b_cell_macro.Sys_Clk0[0] (ASSP)                                                                        0.000     0.000
delay_dff_Q_25.QCK[0] (Q_FRAG)                                                                                 13.829    13.829
delay_dff_Q_25.QZ[0] (Q_FRAG) [clock-to-output]                                                                 1.701    15.530
delay_dff_Q_9_D_LUT3_O_14_I1_LUT4_O_I3_LUT3_I2_I1_LUT3_O_I0_LUT2_O.t_frag.XSL[0] (T_FRAG)                       3.633    19.163
delay_dff_Q_9_D_LUT3_O_14_I1_LUT4_O_I3_LUT3_I2_I1_LUT3_O_I0_LUT2_O.t_frag.XZ[0] (T_FRAG)                        1.406    20.569
delay_dff_Q_9_D_LUT3_O_14_I1_LUT4_O_I3_LUT3_I2_I1_LUT3_O.t_frag.XA2[0] (T_FRAG)                                 2.950    23.519
delay_dff_Q_9_D_LUT3_O_14_I1_LUT4_O_I3_LUT3_I2_I1_LUT3_O.t_frag.XZ[0] (T_FRAG)                                  1.519    25.038
delay_dff_Q_9_D_LUT3_O_14_I1_LUT4_O_I3_LUT3_I2.t_frag.XSL[0] (T_FRAG)                                           3.185    28.223
delay_dff_Q_9_D_LUT3_O_14_I1_LUT4_O_I3_LUT3_I2.t_frag.XZ[0] (T_FRAG)                                            1.406    29.629
R_dffe_Q_EN_LUT4_O_I3_LUT3_O_I2_LUT3_O.t_frag.XSL[0] (T_FRAG)                                                   2.551    32.180
R_dffe_Q_EN_LUT4_O_I3_LUT3_O_I2_LUT3_O.t_frag.XZ[0] (T_FRAG)                                                    1.462    33.642
R_dffe_Q_EN_LUT4_O_I3_LUT3_O.t_frag.XAB[0] (T_FRAG)                                                             3.495    37.137
R_dffe_Q_EN_LUT4_O_I3_LUT3_O.t_frag.XZ[0] (T_FRAG)                                                              1.251    38.388
R_dffe_Q_EN_LUT4_O.c_frag.TBS[0] (C_FRAG)                                                                       3.076    41.464
R_dffe_Q_EN_LUT4_O.c_frag.CZ[0] (C_FRAG)                                                                        0.996    42.459
delay_dff_Q_9_D_LUT2_O_1.t_frag.XAB[0] (T_FRAG)                                                                 5.275    47.734
delay_dff_Q_9_D_LUT2_O_1.t_frag.XZ[0] (T_FRAG)                                                                  1.305    49.040
delay_dff_Q_13.QD[0] (Q_FRAG)                                                                                   0.000    49.040
data arrival time                                                                                                        49.040

clock clk (rise edge)                                                                                           0.000     0.000
clock source latency                                                                                            0.000     0.000
u_qlal4s3b_cell_macro.Sys_Clk0[0] (ASSP)                                                                        0.000     0.000
delay_dff_Q_13.QCK[0] (Q_FRAG)                                                                                 12.080    12.080
clock uncertainty                                                                                               0.000    12.080
cell setup time                                                                                                 0.105    12.186
data required time                                                                                                       12.186
-------------------------------------------------------------------------------------------------------------------------------
data required time                                                                                                       12.186
data arrival time                                                                                                       -49.040
-------------------------------------------------------------------------------------------------------------------------------
slack (VIOLATED)                                                                                                        -36.854


#Path 15
Startpoint: delay_dff_Q_25.QZ[0] (Q_FRAG clocked by clk)
Endpoint  : delay_dff_Q_6.QD[0] (Q_FRAG clocked by clk)
Path Type : setup

Point                                                                                                            Incr      Path
-------------------------------------------------------------------------------------------------------------------------------
clock clk (rise edge)                                                                                           0.000     0.000
clock source latency                                                                                            0.000     0.000
u_qlal4s3b_cell_macro.Sys_Clk0[0] (ASSP)                                                                        0.000     0.000
delay_dff_Q_25.QCK[0] (Q_FRAG)                                                                                 13.829    13.829
delay_dff_Q_25.QZ[0] (Q_FRAG) [clock-to-output]                                                                 1.701    15.530
delay_dff_Q_9_D_LUT3_O_14_I1_LUT4_O_I3_LUT3_I2_I1_LUT3_O_I0_LUT2_O.t_frag.XSL[0] (T_FRAG)                       3.633    19.163
delay_dff_Q_9_D_LUT3_O_14_I1_LUT4_O_I3_LUT3_I2_I1_LUT3_O_I0_LUT2_O.t_frag.XZ[0] (T_FRAG)                        1.406    20.569
delay_dff_Q_9_D_LUT3_O_14_I1_LUT4_O_I3_LUT3_I2_I1_LUT3_O.t_frag.XA2[0] (T_FRAG)                                 2.950    23.519
delay_dff_Q_9_D_LUT3_O_14_I1_LUT4_O_I3_LUT3_I2_I1_LUT3_O.t_frag.XZ[0] (T_FRAG)                                  1.519    25.038
delay_dff_Q_9_D_LUT3_O_14_I1_LUT4_O_I3_LUT3_I2.t_frag.XSL[0] (T_FRAG)                                           3.185    28.223
delay_dff_Q_9_D_LUT3_O_14_I1_LUT4_O_I3_LUT3_I2.t_frag.XZ[0] (T_FRAG)                                            1.406    29.629
R_dffe_Q_EN_LUT4_O_I3_LUT3_O_I2_LUT3_O.t_frag.XSL[0] (T_FRAG)                                                   2.551    32.180
R_dffe_Q_EN_LUT4_O_I3_LUT3_O_I2_LUT3_O.t_frag.XZ[0] (T_FRAG)                                                    1.462    33.642
R_dffe_Q_EN_LUT4_O_I3_LUT3_O.t_frag.XAB[0] (T_FRAG)                                                             3.495    37.137
R_dffe_Q_EN_LUT4_O_I3_LUT3_O.t_frag.XZ[0] (T_FRAG)                                                              1.251    38.388
R_dffe_Q_EN_LUT4_O.c_frag.TBS[0] (C_FRAG)                                                                       3.076    41.464
R_dffe_Q_EN_LUT4_O.c_frag.CZ[0] (C_FRAG)                                                                        0.996    42.459
delay_dff_Q_9_D_LUT3_O_3.t_frag.XAB[0] (T_FRAG)                                                                 3.490    45.950
delay_dff_Q_9_D_LUT3_O_3.t_frag.XZ[0] (T_FRAG)                                                                  1.305    47.255
delay_dff_Q_6.QD[0] (Q_FRAG)                                                                                    0.000    47.255
data arrival time                                                                                                        47.255

clock clk (rise edge)                                                                                           0.000     0.000
clock source latency                                                                                            0.000     0.000
u_qlal4s3b_cell_macro.Sys_Clk0[0] (ASSP)                                                                        0.000     0.000
delay_dff_Q_6.QCK[0] (Q_FRAG)                                                                                  10.352    10.352
clock uncertainty                                                                                               0.000    10.352
cell setup time                                                                                                 0.105    10.457
data required time                                                                                                       10.457
-------------------------------------------------------------------------------------------------------------------------------
data required time                                                                                                       10.457
data arrival time                                                                                                       -47.255
-------------------------------------------------------------------------------------------------------------------------------
slack (VIOLATED)                                                                                                        -36.798


#Path 16
Startpoint: delay_dff_Q_25.QZ[0] (Q_FRAG clocked by clk)
Endpoint  : delay_dff_Q_22.QD[0] (Q_FRAG clocked by clk)
Path Type : setup

Point                                                                                                            Incr      Path
-------------------------------------------------------------------------------------------------------------------------------
clock clk (rise edge)                                                                                           0.000     0.000
clock source latency                                                                                            0.000     0.000
u_qlal4s3b_cell_macro.Sys_Clk0[0] (ASSP)                                                                        0.000     0.000
delay_dff_Q_25.QCK[0] (Q_FRAG)                                                                                 13.829    13.829
delay_dff_Q_25.QZ[0] (Q_FRAG) [clock-to-output]                                                                 1.701    15.530
delay_dff_Q_9_D_LUT3_O_14_I1_LUT4_O_I3_LUT3_I2_I1_LUT3_O_I0_LUT2_O.t_frag.XSL[0] (T_FRAG)                       3.633    19.163
delay_dff_Q_9_D_LUT3_O_14_I1_LUT4_O_I3_LUT3_I2_I1_LUT3_O_I0_LUT2_O.t_frag.XZ[0] (T_FRAG)                        1.406    20.569
delay_dff_Q_9_D_LUT3_O_14_I1_LUT4_O_I3_LUT3_I2_I1_LUT3_O.t_frag.XA2[0] (T_FRAG)                                 2.950    23.519
delay_dff_Q_9_D_LUT3_O_14_I1_LUT4_O_I3_LUT3_I2_I1_LUT3_O.t_frag.XZ[0] (T_FRAG)                                  1.519    25.038
delay_dff_Q_9_D_LUT3_O_14_I1_LUT4_O_I3_LUT3_I2.t_frag.XSL[0] (T_FRAG)                                           3.185    28.223
delay_dff_Q_9_D_LUT3_O_14_I1_LUT4_O_I3_LUT3_I2.t_frag.XZ[0] (T_FRAG)                                            1.406    29.629
R_dffe_Q_EN_LUT4_O_I3_LUT3_O_I2_LUT3_O.t_frag.XSL[0] (T_FRAG)                                                   2.551    32.180
R_dffe_Q_EN_LUT4_O_I3_LUT3_O_I2_LUT3_O.t_frag.XZ[0] (T_FRAG)                                                    1.462    33.642
R_dffe_Q_EN_LUT4_O_I3_LUT3_O.t_frag.XAB[0] (T_FRAG)                                                             3.495    37.137
R_dffe_Q_EN_LUT4_O_I3_LUT3_O.t_frag.XZ[0] (T_FRAG)                                                              1.251    38.388
R_dffe_Q_EN_LUT4_O.c_frag.TBS[0] (C_FRAG)                                                                       3.076    41.464
R_dffe_Q_EN_LUT4_O.c_frag.CZ[0] (C_FRAG)                                                                        0.996    42.459
delay_dff_Q_9_D_LUT3_O_17.t_frag.XAB[0] (T_FRAG)                                                                6.125    48.585
delay_dff_Q_9_D_LUT3_O_17.t_frag.XZ[0] (T_FRAG)                                                                 1.305    49.890
delay_dff_Q_22.QD[0] (Q_FRAG)                                                                                   0.000    49.890
data arrival time                                                                                                        49.890

clock clk (rise edge)                                                                                           0.000     0.000
clock source latency                                                                                            0.000     0.000
u_qlal4s3b_cell_macro.Sys_Clk0[0] (ASSP)                                                                        0.000     0.000
delay_dff_Q_22.QCK[0] (Q_FRAG)                                                                                 13.002    13.002
clock uncertainty                                                                                               0.000    13.002
cell setup time                                                                                                 0.105    13.107
data required time                                                                                                       13.107
-------------------------------------------------------------------------------------------------------------------------------
data required time                                                                                                       13.107
data arrival time                                                                                                       -49.890
-------------------------------------------------------------------------------------------------------------------------------
slack (VIOLATED)                                                                                                        -36.782


#Path 17
Startpoint: delay_dff_Q_25.QZ[0] (Q_FRAG clocked by clk)
Endpoint  : delay_dff_Q_14.QD[0] (Q_FRAG clocked by clk)
Path Type : setup

Point                                                                                                            Incr      Path
-------------------------------------------------------------------------------------------------------------------------------
clock clk (rise edge)                                                                                           0.000     0.000
clock source latency                                                                                            0.000     0.000
u_qlal4s3b_cell_macro.Sys_Clk0[0] (ASSP)                                                                        0.000     0.000
delay_dff_Q_25.QCK[0] (Q_FRAG)                                                                                 13.829    13.829
delay_dff_Q_25.QZ[0] (Q_FRAG) [clock-to-output]                                                                 1.701    15.530
delay_dff_Q_9_D_LUT3_O_14_I1_LUT4_O_I3_LUT3_I2_I1_LUT3_O_I0_LUT2_O.t_frag.XSL[0] (T_FRAG)                       3.633    19.163
delay_dff_Q_9_D_LUT3_O_14_I1_LUT4_O_I3_LUT3_I2_I1_LUT3_O_I0_LUT2_O.t_frag.XZ[0] (T_FRAG)                        1.406    20.569
delay_dff_Q_9_D_LUT3_O_14_I1_LUT4_O_I3_LUT3_I2_I1_LUT3_O.t_frag.XA2[0] (T_FRAG)                                 2.950    23.519
delay_dff_Q_9_D_LUT3_O_14_I1_LUT4_O_I3_LUT3_I2_I1_LUT3_O.t_frag.XZ[0] (T_FRAG)                                  1.519    25.038
delay_dff_Q_9_D_LUT3_O_14_I1_LUT4_O_I3_LUT3_I2.t_frag.XSL[0] (T_FRAG)                                           3.185    28.223
delay_dff_Q_9_D_LUT3_O_14_I1_LUT4_O_I3_LUT3_I2.t_frag.XZ[0] (T_FRAG)                                            1.406    29.629
R_dffe_Q_EN_LUT4_O_I3_LUT3_O_I2_LUT3_O.t_frag.XSL[0] (T_FRAG)                                                   2.551    32.180
R_dffe_Q_EN_LUT4_O_I3_LUT3_O_I2_LUT3_O.t_frag.XZ[0] (T_FRAG)                                                    1.462    33.642
R_dffe_Q_EN_LUT4_O_I3_LUT3_O.t_frag.XAB[0] (T_FRAG)                                                             3.495    37.137
R_dffe_Q_EN_LUT4_O_I3_LUT3_O.t_frag.XZ[0] (T_FRAG)                                                              1.251    38.388
R_dffe_Q_EN_LUT4_O.c_frag.TBS[0] (C_FRAG)                                                                       3.076    41.464
R_dffe_Q_EN_LUT4_O.c_frag.CZ[0] (C_FRAG)                                                                        0.996    42.459
delay_dff_Q_9_D_LUT3_O_10.t_frag.XAB[0] (T_FRAG)                                                                4.544    47.003
delay_dff_Q_9_D_LUT3_O_10.t_frag.XZ[0] (T_FRAG)                                                                 1.305    48.309
delay_dff_Q_14.QD[0] (Q_FRAG)                                                                                   0.000    48.309
data arrival time                                                                                                        48.309

clock clk (rise edge)                                                                                           0.000     0.000
clock source latency                                                                                            0.000     0.000
u_qlal4s3b_cell_macro.Sys_Clk0[0] (ASSP)                                                                        0.000     0.000
delay_dff_Q_14.QCK[0] (Q_FRAG)                                                                                 11.458    11.458
clock uncertainty                                                                                               0.000    11.458
cell setup time                                                                                                 0.105    11.563
data required time                                                                                                       11.563
-------------------------------------------------------------------------------------------------------------------------------
data required time                                                                                                       11.563
data arrival time                                                                                                       -48.309
-------------------------------------------------------------------------------------------------------------------------------
slack (VIOLATED)                                                                                                        -36.745


#Path 18
Startpoint: delay_dff_Q_25.QZ[0] (Q_FRAG clocked by clk)
Endpoint  : delay_dff_Q_8.QD[0] (Q_FRAG clocked by clk)
Path Type : setup

Point                                                                                                            Incr      Path
-------------------------------------------------------------------------------------------------------------------------------
clock clk (rise edge)                                                                                           0.000     0.000
clock source latency                                                                                            0.000     0.000
u_qlal4s3b_cell_macro.Sys_Clk0[0] (ASSP)                                                                        0.000     0.000
delay_dff_Q_25.QCK[0] (Q_FRAG)                                                                                 13.829    13.829
delay_dff_Q_25.QZ[0] (Q_FRAG) [clock-to-output]                                                                 1.701    15.530
delay_dff_Q_9_D_LUT3_O_14_I1_LUT4_O_I3_LUT3_I2_I1_LUT3_O_I0_LUT2_O.t_frag.XSL[0] (T_FRAG)                       3.633    19.163
delay_dff_Q_9_D_LUT3_O_14_I1_LUT4_O_I3_LUT3_I2_I1_LUT3_O_I0_LUT2_O.t_frag.XZ[0] (T_FRAG)                        1.406    20.569
delay_dff_Q_9_D_LUT3_O_14_I1_LUT4_O_I3_LUT3_I2_I1_LUT3_O.t_frag.XA2[0] (T_FRAG)                                 2.950    23.519
delay_dff_Q_9_D_LUT3_O_14_I1_LUT4_O_I3_LUT3_I2_I1_LUT3_O.t_frag.XZ[0] (T_FRAG)                                  1.519    25.038
delay_dff_Q_9_D_LUT3_O_14_I1_LUT4_O_I3_LUT3_I2.t_frag.XSL[0] (T_FRAG)                                           3.185    28.223
delay_dff_Q_9_D_LUT3_O_14_I1_LUT4_O_I3_LUT3_I2.t_frag.XZ[0] (T_FRAG)                                            1.406    29.629
R_dffe_Q_EN_LUT4_O_I3_LUT3_O_I2_LUT3_O.t_frag.XSL[0] (T_FRAG)                                                   2.551    32.180
R_dffe_Q_EN_LUT4_O_I3_LUT3_O_I2_LUT3_O.t_frag.XZ[0] (T_FRAG)                                                    1.462    33.642
R_dffe_Q_EN_LUT4_O_I3_LUT3_O.t_frag.XAB[0] (T_FRAG)                                                             3.495    37.137
R_dffe_Q_EN_LUT4_O_I3_LUT3_O.t_frag.XZ[0] (T_FRAG)                                                              1.251    38.388
R_dffe_Q_EN_LUT4_O.c_frag.TBS[0] (C_FRAG)                                                                       3.076    41.464
R_dffe_Q_EN_LUT4_O.c_frag.CZ[0] (C_FRAG)                                                                        0.996    42.459
delay_dff_Q_9_D_LUT3_O_5.t_frag.XAB[0] (T_FRAG)                                                                 4.324    46.783
delay_dff_Q_9_D_LUT3_O_5.t_frag.XZ[0] (T_FRAG)                                                                  1.305    48.088
delay_dff_Q_8.QD[0] (Q_FRAG)                                                                                    0.000    48.088
data arrival time                                                                                                        48.088

clock clk (rise edge)                                                                                           0.000     0.000
clock source latency                                                                                            0.000     0.000
u_qlal4s3b_cell_macro.Sys_Clk0[0] (ASSP)                                                                        0.000     0.000
delay_dff_Q_8.QCK[0] (Q_FRAG)                                                                                  11.373    11.373
clock uncertainty                                                                                               0.000    11.373
cell setup time                                                                                                 0.105    11.479
data required time                                                                                                       11.479
-------------------------------------------------------------------------------------------------------------------------------
data required time                                                                                                       11.479
data arrival time                                                                                                       -48.088
-------------------------------------------------------------------------------------------------------------------------------
slack (VIOLATED)                                                                                                        -36.609


#Path 19
Startpoint: delay_dff_Q_25.QZ[0] (Q_FRAG clocked by clk)
Endpoint  : Q_dffe_Q.QEN[0] (Q_FRAG clocked by clk)
Path Type : setup

Point                                                                                                            Incr      Path
-------------------------------------------------------------------------------------------------------------------------------
clock clk (rise edge)                                                                                           0.000     0.000
clock source latency                                                                                            0.000     0.000
u_qlal4s3b_cell_macro.Sys_Clk0[0] (ASSP)                                                                        0.000     0.000
delay_dff_Q_25.QCK[0] (Q_FRAG)                                                                                 13.829    13.829
delay_dff_Q_25.QZ[0] (Q_FRAG) [clock-to-output]                                                                 1.701    15.530
delay_dff_Q_9_D_LUT3_O_14_I1_LUT4_O_I3_LUT3_I2_I1_LUT3_O_I0_LUT2_O.t_frag.XSL[0] (T_FRAG)                       3.633    19.163
delay_dff_Q_9_D_LUT3_O_14_I1_LUT4_O_I3_LUT3_I2_I1_LUT3_O_I0_LUT2_O.t_frag.XZ[0] (T_FRAG)                        1.406    20.569
delay_dff_Q_9_D_LUT3_O_14_I1_LUT4_O_I3_LUT3_I2_I1_LUT3_O.t_frag.XA2[0] (T_FRAG)                                 2.950    23.519
delay_dff_Q_9_D_LUT3_O_14_I1_LUT4_O_I3_LUT3_I2_I1_LUT3_O.t_frag.XZ[0] (T_FRAG)                                  1.519    25.038
delay_dff_Q_9_D_LUT3_O_14_I1_LUT4_O_I3_LUT3_I2.t_frag.XSL[0] (T_FRAG)                                           3.185    28.223
delay_dff_Q_9_D_LUT3_O_14_I1_LUT4_O_I3_LUT3_I2.t_frag.XZ[0] (T_FRAG)                                            1.406    29.629
R_dffe_Q_EN_LUT4_O_I3_LUT3_O_I2_LUT3_O.t_frag.XSL[0] (T_FRAG)                                                   2.551    32.180
R_dffe_Q_EN_LUT4_O_I3_LUT3_O_I2_LUT3_O.t_frag.XZ[0] (T_FRAG)                                                    1.462    33.642
R_dffe_Q_EN_LUT4_O_I3_LUT3_O.t_frag.XAB[0] (T_FRAG)                                                             3.495    37.137
R_dffe_Q_EN_LUT4_O_I3_LUT3_O.t_frag.XZ[0] (T_FRAG)                                                              1.251    38.388
R_dffe_Q_EN_LUT4_O.c_frag.TBS[0] (C_FRAG)                                                                       3.076    41.464
R_dffe_Q_EN_LUT4_O.c_frag.CZ[0] (C_FRAG)                                                                        0.996    42.459
Q_dffe_Q.QEN[0] (Q_FRAG)                                                                                        5.874    48.333
data arrival time                                                                                                        48.333

clock clk (rise edge)                                                                                           0.000     0.000
clock source latency                                                                                            0.000     0.000
u_qlal4s3b_cell_macro.Sys_Clk0[0] (ASSP)                                                                        0.000     0.000
Q_dffe_Q.QCK[0] (Q_FRAG)                                                                                       12.378    12.378
clock uncertainty                                                                                               0.000    12.378
cell setup time                                                                                                -0.591    11.787
data required time                                                                                                       11.787
-------------------------------------------------------------------------------------------------------------------------------
data required time                                                                                                       11.787
data arrival time                                                                                                       -48.333
-------------------------------------------------------------------------------------------------------------------------------
slack (VIOLATED)                                                                                                        -36.546


#Path 20
Startpoint: delay_dff_Q_25.QZ[0] (Q_FRAG clocked by clk)
Endpoint  : delay_dff_Q_23.QD[0] (Q_FRAG clocked by clk)
Path Type : setup

Point                                                                                                            Incr      Path
-------------------------------------------------------------------------------------------------------------------------------
clock clk (rise edge)                                                                                           0.000     0.000
clock source latency                                                                                            0.000     0.000
u_qlal4s3b_cell_macro.Sys_Clk0[0] (ASSP)                                                                        0.000     0.000
delay_dff_Q_25.QCK[0] (Q_FRAG)                                                                                 13.829    13.829
delay_dff_Q_25.QZ[0] (Q_FRAG) [clock-to-output]                                                                 1.701    15.530
delay_dff_Q_9_D_LUT3_O_14_I1_LUT4_O_I3_LUT3_I2_I1_LUT3_O_I0_LUT2_O.t_frag.XSL[0] (T_FRAG)                       3.633    19.163
delay_dff_Q_9_D_LUT3_O_14_I1_LUT4_O_I3_LUT3_I2_I1_LUT3_O_I0_LUT2_O.t_frag.XZ[0] (T_FRAG)                        1.406    20.569
delay_dff_Q_9_D_LUT3_O_14_I1_LUT4_O_I3_LUT3_I2_I1_LUT3_O.t_frag.XA2[0] (T_FRAG)                                 2.950    23.519
delay_dff_Q_9_D_LUT3_O_14_I1_LUT4_O_I3_LUT3_I2_I1_LUT3_O.t_frag.XZ[0] (T_FRAG)                                  1.519    25.038
delay_dff_Q_9_D_LUT3_O_14_I1_LUT4_O_I3_LUT3_I2.t_frag.XSL[0] (T_FRAG)                                           3.185    28.223
delay_dff_Q_9_D_LUT3_O_14_I1_LUT4_O_I3_LUT3_I2.t_frag.XZ[0] (T_FRAG)                                            1.406    29.629
R_dffe_Q_EN_LUT4_O_I3_LUT3_O_I2_LUT3_O.t_frag.XSL[0] (T_FRAG)                                                   2.551    32.180
R_dffe_Q_EN_LUT4_O_I3_LUT3_O_I2_LUT3_O.t_frag.XZ[0] (T_FRAG)                                                    1.462    33.642
R_dffe_Q_EN_LUT4_O_I3_LUT3_O.t_frag.XAB[0] (T_FRAG)                                                             3.495    37.137
R_dffe_Q_EN_LUT4_O_I3_LUT3_O.t_frag.XZ[0] (T_FRAG)                                                              1.251    38.388
R_dffe_Q_EN_LUT4_O.c_frag.TBS[0] (C_FRAG)                                                                       3.076    41.464
R_dffe_Q_EN_LUT4_O.c_frag.CZ[0] (C_FRAG)                                                                        0.996    42.459
delay_dff_Q_9_D_LUT3_O_18.t_frag.XAB[0] (T_FRAG)                                                                4.850    47.309
delay_dff_Q_9_D_LUT3_O_18.t_frag.XZ[0] (T_FRAG)                                                                 1.305    48.614
delay_dff_Q_23.QD[0] (Q_FRAG)                                                                                   0.000    48.614
data arrival time                                                                                                        48.614

clock clk (rise edge)                                                                                           0.000     0.000
clock source latency                                                                                            0.000     0.000
u_qlal4s3b_cell_macro.Sys_Clk0[0] (ASSP)                                                                        0.000     0.000
delay_dff_Q_23.QCK[0] (Q_FRAG)                                                                                 12.073    12.073
clock uncertainty                                                                                               0.000    12.073
cell setup time                                                                                                 0.105    12.178
data required time                                                                                                       12.178
-------------------------------------------------------------------------------------------------------------------------------
data required time                                                                                                       12.178
data arrival time                                                                                                       -48.614
-------------------------------------------------------------------------------------------------------------------------------
slack (VIOLATED)                                                                                                        -36.436


#Path 21
Startpoint: delay_dff_Q_25.QZ[0] (Q_FRAG clocked by clk)
Endpoint  : delay_dff_Q_19.QD[0] (Q_FRAG clocked by clk)
Path Type : setup

Point                                                                                                            Incr      Path
-------------------------------------------------------------------------------------------------------------------------------
clock clk (rise edge)                                                                                           0.000     0.000
clock source latency                                                                                            0.000     0.000
u_qlal4s3b_cell_macro.Sys_Clk0[0] (ASSP)                                                                        0.000     0.000
delay_dff_Q_25.QCK[0] (Q_FRAG)                                                                                 13.829    13.829
delay_dff_Q_25.QZ[0] (Q_FRAG) [clock-to-output]                                                                 1.701    15.530
delay_dff_Q_9_D_LUT3_O_14_I1_LUT4_O_I3_LUT3_I2_I1_LUT3_O_I0_LUT2_O.t_frag.XSL[0] (T_FRAG)                       3.633    19.163
delay_dff_Q_9_D_LUT3_O_14_I1_LUT4_O_I3_LUT3_I2_I1_LUT3_O_I0_LUT2_O.t_frag.XZ[0] (T_FRAG)                        1.406    20.569
delay_dff_Q_9_D_LUT3_O_14_I1_LUT4_O_I3_LUT3_I2_I1_LUT3_O.t_frag.XA2[0] (T_FRAG)                                 2.950    23.519
delay_dff_Q_9_D_LUT3_O_14_I1_LUT4_O_I3_LUT3_I2_I1_LUT3_O.t_frag.XZ[0] (T_FRAG)                                  1.519    25.038
delay_dff_Q_9_D_LUT3_O_14_I1_LUT4_O_I3_LUT3_I2.t_frag.XSL[0] (T_FRAG)                                           3.185    28.223
delay_dff_Q_9_D_LUT3_O_14_I1_LUT4_O_I3_LUT3_I2.t_frag.XZ[0] (T_FRAG)                                            1.406    29.629
R_dffe_Q_EN_LUT4_O_I3_LUT3_O_I2_LUT3_O.t_frag.XSL[0] (T_FRAG)                                                   2.551    32.180
R_dffe_Q_EN_LUT4_O_I3_LUT3_O_I2_LUT3_O.t_frag.XZ[0] (T_FRAG)                                                    1.462    33.642
R_dffe_Q_EN_LUT4_O_I3_LUT3_O.t_frag.XAB[0] (T_FRAG)                                                             3.495    37.137
R_dffe_Q_EN_LUT4_O_I3_LUT3_O.t_frag.XZ[0] (T_FRAG)                                                              1.251    38.388
R_dffe_Q_EN_LUT4_O.c_frag.TBS[0] (C_FRAG)                                                                       3.076    41.464
R_dffe_Q_EN_LUT4_O.c_frag.CZ[0] (C_FRAG)                                                                        0.996    42.459
delay_dff_Q_9_D_LUT2_O_2.t_frag.XAB[0] (T_FRAG)                                                                 5.819    48.278
delay_dff_Q_9_D_LUT2_O_2.t_frag.XZ[0] (T_FRAG)                                                                  1.305    49.584
delay_dff_Q_19.QD[0] (Q_FRAG)                                                                                   0.000    49.584
data arrival time                                                                                                        49.584

clock clk (rise edge)                                                                                           0.000     0.000
clock source latency                                                                                            0.000     0.000
u_qlal4s3b_cell_macro.Sys_Clk0[0] (ASSP)                                                                        0.000     0.000
delay_dff_Q_19.QCK[0] (Q_FRAG)                                                                                 13.058    13.058
clock uncertainty                                                                                               0.000    13.058
cell setup time                                                                                                 0.105    13.164
data required time                                                                                                       13.164
-------------------------------------------------------------------------------------------------------------------------------
data required time                                                                                                       13.164
data arrival time                                                                                                       -49.584
-------------------------------------------------------------------------------------------------------------------------------
slack (VIOLATED)                                                                                                        -36.420


#Path 22
Startpoint: delay_dff_Q_25.QZ[0] (Q_FRAG clocked by clk)
Endpoint  : delay_dff_Q_25.QD[0] (Q_FRAG clocked by clk)
Path Type : setup

Point                                                                                                            Incr      Path
-------------------------------------------------------------------------------------------------------------------------------
clock clk (rise edge)                                                                                           0.000     0.000
clock source latency                                                                                            0.000     0.000
u_qlal4s3b_cell_macro.Sys_Clk0[0] (ASSP)                                                                        0.000     0.000
delay_dff_Q_25.QCK[0] (Q_FRAG)                                                                                 13.829    13.829
delay_dff_Q_25.QZ[0] (Q_FRAG) [clock-to-output]                                                                 1.701    15.530
delay_dff_Q_9_D_LUT3_O_14_I1_LUT4_O_I3_LUT3_I2_I1_LUT3_O_I0_LUT2_O.t_frag.XSL[0] (T_FRAG)                       3.633    19.163
delay_dff_Q_9_D_LUT3_O_14_I1_LUT4_O_I3_LUT3_I2_I1_LUT3_O_I0_LUT2_O.t_frag.XZ[0] (T_FRAG)                        1.406    20.569
delay_dff_Q_9_D_LUT3_O_14_I1_LUT4_O_I3_LUT3_I2_I1_LUT3_O.t_frag.XA2[0] (T_FRAG)                                 2.950    23.519
delay_dff_Q_9_D_LUT3_O_14_I1_LUT4_O_I3_LUT3_I2_I1_LUT3_O.t_frag.XZ[0] (T_FRAG)                                  1.519    25.038
delay_dff_Q_9_D_LUT3_O_14_I1_LUT4_O_I3_LUT3_I2.t_frag.XSL[0] (T_FRAG)                                           3.185    28.223
delay_dff_Q_9_D_LUT3_O_14_I1_LUT4_O_I3_LUT3_I2.t_frag.XZ[0] (T_FRAG)                                            1.406    29.629
R_dffe_Q_EN_LUT4_O_I3_LUT3_O_I2_LUT3_O.t_frag.XSL[0] (T_FRAG)                                                   2.551    32.180
R_dffe_Q_EN_LUT4_O_I3_LUT3_O_I2_LUT3_O.t_frag.XZ[0] (T_FRAG)                                                    1.462    33.642
R_dffe_Q_EN_LUT4_O_I3_LUT3_O.t_frag.XAB[0] (T_FRAG)                                                             3.495    37.137
R_dffe_Q_EN_LUT4_O_I3_LUT3_O.t_frag.XZ[0] (T_FRAG)                                                              1.251    38.388
R_dffe_Q_EN_LUT4_O.c_frag.TBS[0] (C_FRAG)                                                                       3.076    41.464
R_dffe_Q_EN_LUT4_O.c_frag.CZ[0] (C_FRAG)                                                                        0.996    42.459
delay_dff_Q_9_D_LUT3_O_19.t_frag.XAB[0] (T_FRAG)                                                                6.535    48.994
delay_dff_Q_9_D_LUT3_O_19.t_frag.XZ[0] (T_FRAG)                                                                 1.305    50.300
delay_dff_Q_25.QD[0] (Q_FRAG)                                                                                   0.000    50.300
data arrival time                                                                                                        50.300

clock clk (rise edge)                                                                                           0.000     0.000
clock source latency                                                                                            0.000     0.000
u_qlal4s3b_cell_macro.Sys_Clk0[0] (ASSP)                                                                        0.000     0.000
delay_dff_Q_25.QCK[0] (Q_FRAG)                                                                                 13.829    13.829
clock uncertainty                                                                                               0.000    13.829
cell setup time                                                                                                 0.105    13.934
data required time                                                                                                       13.934
-------------------------------------------------------------------------------------------------------------------------------
data required time                                                                                                       13.934
data arrival time                                                                                                       -50.300
-------------------------------------------------------------------------------------------------------------------------------
slack (VIOLATED)                                                                                                        -36.366


#Path 23
Startpoint: delay_dff_Q_25.QZ[0] (Q_FRAG clocked by clk)
Endpoint  : delay_dff_Q_7.QD[0] (Q_FRAG clocked by clk)
Path Type : setup

Point                                                                                                            Incr      Path
-------------------------------------------------------------------------------------------------------------------------------
clock clk (rise edge)                                                                                           0.000     0.000
clock source latency                                                                                            0.000     0.000
u_qlal4s3b_cell_macro.Sys_Clk0[0] (ASSP)                                                                        0.000     0.000
delay_dff_Q_25.QCK[0] (Q_FRAG)                                                                                 13.829    13.829
delay_dff_Q_25.QZ[0] (Q_FRAG) [clock-to-output]                                                                 1.701    15.530
delay_dff_Q_9_D_LUT3_O_14_I1_LUT4_O_I3_LUT3_I2_I1_LUT3_O_I0_LUT2_O.t_frag.XSL[0] (T_FRAG)                       3.633    19.163
delay_dff_Q_9_D_LUT3_O_14_I1_LUT4_O_I3_LUT3_I2_I1_LUT3_O_I0_LUT2_O.t_frag.XZ[0] (T_FRAG)                        1.406    20.569
delay_dff_Q_9_D_LUT3_O_14_I1_LUT4_O_I3_LUT3_I2_I1_LUT3_O.t_frag.XA2[0] (T_FRAG)                                 2.950    23.519
delay_dff_Q_9_D_LUT3_O_14_I1_LUT4_O_I3_LUT3_I2_I1_LUT3_O.t_frag.XZ[0] (T_FRAG)                                  1.519    25.038
delay_dff_Q_9_D_LUT3_O_14_I1_LUT4_O_I3_LUT3_I2.t_frag.XSL[0] (T_FRAG)                                           3.185    28.223
delay_dff_Q_9_D_LUT3_O_14_I1_LUT4_O_I3_LUT3_I2.t_frag.XZ[0] (T_FRAG)                                            1.406    29.629
R_dffe_Q_EN_LUT4_O_I3_LUT3_O_I2_LUT3_O.t_frag.XSL[0] (T_FRAG)                                                   2.551    32.180
R_dffe_Q_EN_LUT4_O_I3_LUT3_O_I2_LUT3_O.t_frag.XZ[0] (T_FRAG)                                                    1.462    33.642
R_dffe_Q_EN_LUT4_O_I3_LUT3_O.t_frag.XAB[0] (T_FRAG)                                                             3.495    37.137
R_dffe_Q_EN_LUT4_O_I3_LUT3_O.t_frag.XZ[0] (T_FRAG)                                                              1.251    38.388
R_dffe_Q_EN_LUT4_O.c_frag.TBS[0] (C_FRAG)                                                                       3.076    41.464
R_dffe_Q_EN_LUT4_O.c_frag.CZ[0] (C_FRAG)                                                                        0.996    42.459
delay_dff_Q_9_D_LUT3_O_4.t_frag.XAB[0] (T_FRAG)                                                                 4.883    47.343
delay_dff_Q_9_D_LUT3_O_4.t_frag.XZ[0] (T_FRAG)                                                                  1.305    48.648
delay_dff_Q_7.QD[0] (Q_FRAG)                                                                                    0.000    48.648
data arrival time                                                                                                        48.648

clock clk (rise edge)                                                                                           0.000     0.000
clock source latency                                                                                            0.000     0.000
u_qlal4s3b_cell_macro.Sys_Clk0[0] (ASSP)                                                                        0.000     0.000
delay_dff_Q_7.QCK[0] (Q_FRAG)                                                                                  12.255    12.255
clock uncertainty                                                                                               0.000    12.255
cell setup time                                                                                                 0.105    12.360
data required time                                                                                                       12.360
-------------------------------------------------------------------------------------------------------------------------------
data required time                                                                                                       12.360
data arrival time                                                                                                       -48.648
-------------------------------------------------------------------------------------------------------------------------------
slack (VIOLATED)                                                                                                        -36.288


#Path 24
Startpoint: delay_dff_Q_25.QZ[0] (Q_FRAG clocked by clk)
Endpoint  : delay_dff_Q_16.QD[0] (Q_FRAG clocked by clk)
Path Type : setup

Point                                                                                                            Incr      Path
-------------------------------------------------------------------------------------------------------------------------------
clock clk (rise edge)                                                                                           0.000     0.000
clock source latency                                                                                            0.000     0.000
u_qlal4s3b_cell_macro.Sys_Clk0[0] (ASSP)                                                                        0.000     0.000
delay_dff_Q_25.QCK[0] (Q_FRAG)                                                                                 13.829    13.829
delay_dff_Q_25.QZ[0] (Q_FRAG) [clock-to-output]                                                                 1.701    15.530
delay_dff_Q_9_D_LUT3_O_14_I1_LUT4_O_I3_LUT3_I2_I1_LUT3_O_I0_LUT2_O.t_frag.XSL[0] (T_FRAG)                       3.633    19.163
delay_dff_Q_9_D_LUT3_O_14_I1_LUT4_O_I3_LUT3_I2_I1_LUT3_O_I0_LUT2_O.t_frag.XZ[0] (T_FRAG)                        1.406    20.569
delay_dff_Q_9_D_LUT3_O_14_I1_LUT4_O_I3_LUT3_I2_I1_LUT3_O.t_frag.XA2[0] (T_FRAG)                                 2.950    23.519
delay_dff_Q_9_D_LUT3_O_14_I1_LUT4_O_I3_LUT3_I2_I1_LUT3_O.t_frag.XZ[0] (T_FRAG)                                  1.519    25.038
delay_dff_Q_9_D_LUT3_O_14_I1_LUT4_O_I3_LUT3_I2.t_frag.XSL[0] (T_FRAG)                                           3.185    28.223
delay_dff_Q_9_D_LUT3_O_14_I1_LUT4_O_I3_LUT3_I2.t_frag.XZ[0] (T_FRAG)                                            1.406    29.629
R_dffe_Q_EN_LUT4_O_I3_LUT3_O_I2_LUT3_O.t_frag.XSL[0] (T_FRAG)                                                   2.551    32.180
R_dffe_Q_EN_LUT4_O_I3_LUT3_O_I2_LUT3_O.t_frag.XZ[0] (T_FRAG)                                                    1.462    33.642
R_dffe_Q_EN_LUT4_O_I3_LUT3_O.t_frag.XAB[0] (T_FRAG)                                                             3.495    37.137
R_dffe_Q_EN_LUT4_O_I3_LUT3_O.t_frag.XZ[0] (T_FRAG)                                                              1.251    38.388
R_dffe_Q_EN_LUT4_O.c_frag.TBS[0] (C_FRAG)                                                                       3.076    41.464
R_dffe_Q_EN_LUT4_O.c_frag.CZ[0] (C_FRAG)                                                                        0.996    42.459
delay_dff_Q_9_D_LUT3_O_12.t_frag.XAB[0] (T_FRAG)                                                                5.612    48.071
delay_dff_Q_9_D_LUT3_O_12.t_frag.XZ[0] (T_FRAG)                                                                 1.305    49.376
delay_dff_Q_16.QD[0] (Q_FRAG)                                                                                   0.000    49.376
data arrival time                                                                                                        49.376

clock clk (rise edge)                                                                                           0.000     0.000
clock source latency                                                                                            0.000     0.000
u_qlal4s3b_cell_macro.Sys_Clk0[0] (ASSP)                                                                        0.000     0.000
delay_dff_Q_16.QCK[0] (Q_FRAG)                                                                                 13.072    13.072
clock uncertainty                                                                                               0.000    13.072
cell setup time                                                                                                 0.105    13.177
data required time                                                                                                       13.177
-------------------------------------------------------------------------------------------------------------------------------
data required time                                                                                                       13.177
data arrival time                                                                                                       -49.376
-------------------------------------------------------------------------------------------------------------------------------
slack (VIOLATED)                                                                                                        -36.199


#Path 25
Startpoint: delay_dff_Q_25.QZ[0] (Q_FRAG clocked by clk)
Endpoint  : delay_dff_Q_18.QD[0] (Q_FRAG clocked by clk)
Path Type : setup

Point                                                                                                            Incr      Path
-------------------------------------------------------------------------------------------------------------------------------
clock clk (rise edge)                                                                                           0.000     0.000
clock source latency                                                                                            0.000     0.000
u_qlal4s3b_cell_macro.Sys_Clk0[0] (ASSP)                                                                        0.000     0.000
delay_dff_Q_25.QCK[0] (Q_FRAG)                                                                                 13.829    13.829
delay_dff_Q_25.QZ[0] (Q_FRAG) [clock-to-output]                                                                 1.701    15.530
delay_dff_Q_9_D_LUT3_O_14_I1_LUT4_O_I3_LUT3_I2_I1_LUT3_O_I0_LUT2_O.t_frag.XSL[0] (T_FRAG)                       3.633    19.163
delay_dff_Q_9_D_LUT3_O_14_I1_LUT4_O_I3_LUT3_I2_I1_LUT3_O_I0_LUT2_O.t_frag.XZ[0] (T_FRAG)                        1.406    20.569
delay_dff_Q_9_D_LUT3_O_14_I1_LUT4_O_I3_LUT3_I2_I1_LUT3_O.t_frag.XA2[0] (T_FRAG)                                 2.950    23.519
delay_dff_Q_9_D_LUT3_O_14_I1_LUT4_O_I3_LUT3_I2_I1_LUT3_O.t_frag.XZ[0] (T_FRAG)                                  1.519    25.038
delay_dff_Q_9_D_LUT3_O_14_I1_LUT4_O_I3_LUT3_I2.t_frag.XSL[0] (T_FRAG)                                           3.185    28.223
delay_dff_Q_9_D_LUT3_O_14_I1_LUT4_O_I3_LUT3_I2.t_frag.XZ[0] (T_FRAG)                                            1.406    29.629
R_dffe_Q_EN_LUT4_O_I3_LUT3_O_I2_LUT3_O.t_frag.XSL[0] (T_FRAG)                                                   2.551    32.180
R_dffe_Q_EN_LUT4_O_I3_LUT3_O_I2_LUT3_O.t_frag.XZ[0] (T_FRAG)                                                    1.462    33.642
R_dffe_Q_EN_LUT4_O_I3_LUT3_O.t_frag.XAB[0] (T_FRAG)                                                             3.495    37.137
R_dffe_Q_EN_LUT4_O_I3_LUT3_O.t_frag.XZ[0] (T_FRAG)                                                              1.251    38.388
R_dffe_Q_EN_LUT4_O.c_frag.TBS[0] (C_FRAG)                                                                       3.076    41.464
R_dffe_Q_EN_LUT4_O.c_frag.CZ[0] (C_FRAG)                                                                        0.996    42.459
delay_dff_Q_9_D_LUT3_O_14.t_frag.XAB[0] (T_FRAG)                                                                4.712    47.171
delay_dff_Q_9_D_LUT3_O_14.t_frag.XZ[0] (T_FRAG)                                                                 1.305    48.476
delay_dff_Q_18.QD[0] (Q_FRAG)                                                                                   0.000    48.476
data arrival time                                                                                                        48.476

clock clk (rise edge)                                                                                           0.000     0.000
clock source latency                                                                                            0.000     0.000
u_qlal4s3b_cell_macro.Sys_Clk0[0] (ASSP)                                                                        0.000     0.000
delay_dff_Q_18.QCK[0] (Q_FRAG)                                                                                 12.207    12.207
clock uncertainty                                                                                               0.000    12.207
cell setup time                                                                                                 0.105    12.312
data required time                                                                                                       12.312
-------------------------------------------------------------------------------------------------------------------------------
data required time                                                                                                       12.312
data arrival time                                                                                                       -48.476
-------------------------------------------------------------------------------------------------------------------------------
slack (VIOLATED)                                                                                                        -36.164


#Path 26
Startpoint: delay_dff_Q_25.QZ[0] (Q_FRAG clocked by clk)
Endpoint  : delay_dff_Q_15.QD[0] (Q_FRAG clocked by clk)
Path Type : setup

Point                                                                                                            Incr      Path
-------------------------------------------------------------------------------------------------------------------------------
clock clk (rise edge)                                                                                           0.000     0.000
clock source latency                                                                                            0.000     0.000
u_qlal4s3b_cell_macro.Sys_Clk0[0] (ASSP)                                                                        0.000     0.000
delay_dff_Q_25.QCK[0] (Q_FRAG)                                                                                 13.829    13.829
delay_dff_Q_25.QZ[0] (Q_FRAG) [clock-to-output]                                                                 1.701    15.530
delay_dff_Q_9_D_LUT3_O_14_I1_LUT4_O_I3_LUT3_I2_I1_LUT3_O_I0_LUT2_O.t_frag.XSL[0] (T_FRAG)                       3.633    19.163
delay_dff_Q_9_D_LUT3_O_14_I1_LUT4_O_I3_LUT3_I2_I1_LUT3_O_I0_LUT2_O.t_frag.XZ[0] (T_FRAG)                        1.406    20.569
delay_dff_Q_9_D_LUT3_O_14_I1_LUT4_O_I3_LUT3_I2_I1_LUT3_O.t_frag.XA2[0] (T_FRAG)                                 2.950    23.519
delay_dff_Q_9_D_LUT3_O_14_I1_LUT4_O_I3_LUT3_I2_I1_LUT3_O.t_frag.XZ[0] (T_FRAG)                                  1.519    25.038
delay_dff_Q_9_D_LUT3_O_14_I1_LUT4_O_I3_LUT3_I2.t_frag.XSL[0] (T_FRAG)                                           3.185    28.223
delay_dff_Q_9_D_LUT3_O_14_I1_LUT4_O_I3_LUT3_I2.t_frag.XZ[0] (T_FRAG)                                            1.406    29.629
R_dffe_Q_EN_LUT4_O_I3_LUT3_O_I2_LUT3_O.t_frag.XSL[0] (T_FRAG)                                                   2.551    32.180
R_dffe_Q_EN_LUT4_O_I3_LUT3_O_I2_LUT3_O.t_frag.XZ[0] (T_FRAG)                                                    1.462    33.642
R_dffe_Q_EN_LUT4_O_I3_LUT3_O.t_frag.XAB[0] (T_FRAG)                                                             3.495    37.137
R_dffe_Q_EN_LUT4_O_I3_LUT3_O.t_frag.XZ[0] (T_FRAG)                                                              1.251    38.388
R_dffe_Q_EN_LUT4_O.c_frag.TBS[0] (C_FRAG)                                                                       3.076    41.464
R_dffe_Q_EN_LUT4_O.c_frag.CZ[0] (C_FRAG)                                                                        0.996    42.459
delay_dff_Q_9_D_LUT3_O_11.t_frag.XAB[0] (T_FRAG)                                                                4.098    46.557
delay_dff_Q_9_D_LUT3_O_11.t_frag.XZ[0] (T_FRAG)                                                                 1.305    47.863
delay_dff_Q_15.QD[0] (Q_FRAG)                                                                                   0.000    47.863
data arrival time                                                                                                        47.863

clock clk (rise edge)                                                                                           0.000     0.000
clock source latency                                                                                            0.000     0.000
u_qlal4s3b_cell_macro.Sys_Clk0[0] (ASSP)                                                                        0.000     0.000
delay_dff_Q_15.QCK[0] (Q_FRAG)                                                                                 12.211    12.211
clock uncertainty                                                                                               0.000    12.211
cell setup time                                                                                                 0.105    12.317
data required time                                                                                                       12.317
-------------------------------------------------------------------------------------------------------------------------------
data required time                                                                                                       12.317
data arrival time                                                                                                       -47.863
-------------------------------------------------------------------------------------------------------------------------------
slack (VIOLATED)                                                                                                        -35.546


#Path 27
Startpoint: delay_dff_Q_25.QZ[0] (Q_FRAG clocked by clk)
Endpoint  : delay_dff_Q_12.QD[0] (Q_FRAG clocked by clk)
Path Type : setup

Point                                                                                                            Incr      Path
-------------------------------------------------------------------------------------------------------------------------------
clock clk (rise edge)                                                                                           0.000     0.000
clock source latency                                                                                            0.000     0.000
u_qlal4s3b_cell_macro.Sys_Clk0[0] (ASSP)                                                                        0.000     0.000
delay_dff_Q_25.QCK[0] (Q_FRAG)                                                                                 13.829    13.829
delay_dff_Q_25.QZ[0] (Q_FRAG) [clock-to-output]                                                                 1.701    15.530
delay_dff_Q_9_D_LUT3_O_14_I1_LUT4_O_I3_LUT3_I2_I1_LUT3_O_I0_LUT2_O.t_frag.XSL[0] (T_FRAG)                       3.633    19.163
delay_dff_Q_9_D_LUT3_O_14_I1_LUT4_O_I3_LUT3_I2_I1_LUT3_O_I0_LUT2_O.t_frag.XZ[0] (T_FRAG)                        1.406    20.569
delay_dff_Q_9_D_LUT3_O_14_I1_LUT4_O_I3_LUT3_I2_I1_LUT3_O.t_frag.XA2[0] (T_FRAG)                                 2.950    23.519
delay_dff_Q_9_D_LUT3_O_14_I1_LUT4_O_I3_LUT3_I2_I1_LUT3_O.t_frag.XZ[0] (T_FRAG)                                  1.519    25.038
delay_dff_Q_9_D_LUT3_O_14_I1_LUT4_O_I3_LUT3_I2.t_frag.XSL[0] (T_FRAG)                                           3.185    28.223
delay_dff_Q_9_D_LUT3_O_14_I1_LUT4_O_I3_LUT3_I2.t_frag.XZ[0] (T_FRAG)                                            1.406    29.629
R_dffe_Q_EN_LUT4_O_I3_LUT3_O_I2_LUT3_O.t_frag.XSL[0] (T_FRAG)                                                   2.551    32.180
R_dffe_Q_EN_LUT4_O_I3_LUT3_O_I2_LUT3_O.t_frag.XZ[0] (T_FRAG)                                                    1.462    33.642
R_dffe_Q_EN_LUT4_O_I3_LUT3_O.t_frag.XAB[0] (T_FRAG)                                                             3.495    37.137
R_dffe_Q_EN_LUT4_O_I3_LUT3_O.t_frag.XZ[0] (T_FRAG)                                                              1.251    38.388
R_dffe_Q_EN_LUT4_O.c_frag.TBS[0] (C_FRAG)                                                                       3.076    41.464
R_dffe_Q_EN_LUT4_O.c_frag.CZ[0] (C_FRAG)                                                                        0.996    42.459
delay_dff_Q_9_D_LUT3_O_9.t_frag.XAB[0] (T_FRAG)                                                                 3.088    45.547
delay_dff_Q_9_D_LUT3_O_9.t_frag.XZ[0] (T_FRAG)                                                                  1.305    46.852
delay_dff_Q_12.QD[0] (Q_FRAG)                                                                                   0.000    46.852
data arrival time                                                                                                        46.852

clock clk (rise edge)                                                                                           0.000     0.000
clock source latency                                                                                            0.000     0.000
u_qlal4s3b_cell_macro.Sys_Clk0[0] (ASSP)                                                                        0.000     0.000
delay_dff_Q_12.QCK[0] (Q_FRAG)                                                                                 11.346    11.346
clock uncertainty                                                                                               0.000    11.346
cell setup time                                                                                                 0.105    11.452
data required time                                                                                                       11.452
-------------------------------------------------------------------------------------------------------------------------------
data required time                                                                                                       11.452
data arrival time                                                                                                       -46.852
-------------------------------------------------------------------------------------------------------------------------------
slack (VIOLATED)                                                                                                        -35.401


#Path 28
Startpoint: delay_dff_Q_25.QZ[0] (Q_FRAG clocked by clk)
Endpoint  : delay_dff_Q_17.QD[0] (Q_FRAG clocked by clk)
Path Type : setup

Point                                                                                                            Incr      Path
-------------------------------------------------------------------------------------------------------------------------------
clock clk (rise edge)                                                                                           0.000     0.000
clock source latency                                                                                            0.000     0.000
u_qlal4s3b_cell_macro.Sys_Clk0[0] (ASSP)                                                                        0.000     0.000
delay_dff_Q_25.QCK[0] (Q_FRAG)                                                                                 13.829    13.829
delay_dff_Q_25.QZ[0] (Q_FRAG) [clock-to-output]                                                                 1.701    15.530
delay_dff_Q_9_D_LUT3_O_14_I1_LUT4_O_I3_LUT3_I2_I1_LUT3_O_I0_LUT2_O.t_frag.XSL[0] (T_FRAG)                       3.633    19.163
delay_dff_Q_9_D_LUT3_O_14_I1_LUT4_O_I3_LUT3_I2_I1_LUT3_O_I0_LUT2_O.t_frag.XZ[0] (T_FRAG)                        1.406    20.569
delay_dff_Q_9_D_LUT3_O_14_I1_LUT4_O_I3_LUT3_I2_I1_LUT3_O.t_frag.XA2[0] (T_FRAG)                                 2.950    23.519
delay_dff_Q_9_D_LUT3_O_14_I1_LUT4_O_I3_LUT3_I2_I1_LUT3_O.t_frag.XZ[0] (T_FRAG)                                  1.519    25.038
delay_dff_Q_9_D_LUT3_O_14_I1_LUT4_O_I3_LUT3_I2.t_frag.XSL[0] (T_FRAG)                                           3.185    28.223
delay_dff_Q_9_D_LUT3_O_14_I1_LUT4_O_I3_LUT3_I2.t_frag.XZ[0] (T_FRAG)                                            1.406    29.629
R_dffe_Q_EN_LUT4_O_I3_LUT3_O_I2_LUT3_O.t_frag.XSL[0] (T_FRAG)                                                   2.551    32.180
R_dffe_Q_EN_LUT4_O_I3_LUT3_O_I2_LUT3_O.t_frag.XZ[0] (T_FRAG)                                                    1.462    33.642
R_dffe_Q_EN_LUT4_O_I3_LUT3_O.t_frag.XAB[0] (T_FRAG)                                                             3.495    37.137
R_dffe_Q_EN_LUT4_O_I3_LUT3_O.t_frag.XZ[0] (T_FRAG)                                                              1.251    38.388
R_dffe_Q_EN_LUT4_O.c_frag.TBS[0] (C_FRAG)                                                                       3.076    41.464
R_dffe_Q_EN_LUT4_O.c_frag.CZ[0] (C_FRAG)                                                                        0.996    42.459
delay_dff_Q_9_D_LUT3_O_13.t_frag.XAB[0] (T_FRAG)                                                                3.676    46.135
delay_dff_Q_9_D_LUT3_O_13.t_frag.XZ[0] (T_FRAG)                                                                 1.305    47.441
delay_dff_Q_17.QD[0] (Q_FRAG)                                                                                   0.000    47.441
data arrival time                                                                                                        47.441

clock clk (rise edge)                                                                                           0.000     0.000
clock source latency                                                                                            0.000     0.000
u_qlal4s3b_cell_macro.Sys_Clk0[0] (ASSP)                                                                        0.000     0.000
delay_dff_Q_17.QCK[0] (Q_FRAG)                                                                                 12.108    12.108
clock uncertainty                                                                                               0.000    12.108
cell setup time                                                                                                 0.105    12.213
data required time                                                                                                       12.213
-------------------------------------------------------------------------------------------------------------------------------
data required time                                                                                                       12.213
data arrival time                                                                                                       -47.441
-------------------------------------------------------------------------------------------------------------------------------
slack (VIOLATED)                                                                                                        -35.227


#Path 29
Startpoint: delay_dff_Q_25.QZ[0] (Q_FRAG clocked by clk)
Endpoint  : R_dffe_Q.QEN[0] (Q_FRAG clocked by clk)
Path Type : setup

Point                                                                                                            Incr      Path
-------------------------------------------------------------------------------------------------------------------------------
clock clk (rise edge)                                                                                           0.000     0.000
clock source latency                                                                                            0.000     0.000
u_qlal4s3b_cell_macro.Sys_Clk0[0] (ASSP)                                                                        0.000     0.000
delay_dff_Q_25.QCK[0] (Q_FRAG)                                                                                 13.829    13.829
delay_dff_Q_25.QZ[0] (Q_FRAG) [clock-to-output]                                                                 1.701    15.530
delay_dff_Q_9_D_LUT3_O_14_I1_LUT4_O_I3_LUT3_I2_I1_LUT3_O_I0_LUT2_O.t_frag.XSL[0] (T_FRAG)                       3.633    19.163
delay_dff_Q_9_D_LUT3_O_14_I1_LUT4_O_I3_LUT3_I2_I1_LUT3_O_I0_LUT2_O.t_frag.XZ[0] (T_FRAG)                        1.406    20.569
delay_dff_Q_9_D_LUT3_O_14_I1_LUT4_O_I3_LUT3_I2_I1_LUT3_O.t_frag.XA2[0] (T_FRAG)                                 2.950    23.519
delay_dff_Q_9_D_LUT3_O_14_I1_LUT4_O_I3_LUT3_I2_I1_LUT3_O.t_frag.XZ[0] (T_FRAG)                                  1.519    25.038
delay_dff_Q_9_D_LUT3_O_14_I1_LUT4_O_I3_LUT3_I2.t_frag.XSL[0] (T_FRAG)                                           3.185    28.223
delay_dff_Q_9_D_LUT3_O_14_I1_LUT4_O_I3_LUT3_I2.t_frag.XZ[0] (T_FRAG)                                            1.406    29.629
R_dffe_Q_EN_LUT4_O_I3_LUT3_O_I2_LUT3_O.t_frag.XSL[0] (T_FRAG)                                                   2.551    32.180
R_dffe_Q_EN_LUT4_O_I3_LUT3_O_I2_LUT3_O.t_frag.XZ[0] (T_FRAG)                                                    1.462    33.642
R_dffe_Q_EN_LUT4_O_I3_LUT3_O.t_frag.XAB[0] (T_FRAG)                                                             3.495    37.137
R_dffe_Q_EN_LUT4_O_I3_LUT3_O.t_frag.XZ[0] (T_FRAG)                                                              1.251    38.388
R_dffe_Q_EN_LUT4_O.c_frag.TBS[0] (C_FRAG)                                                                       3.076    41.464
R_dffe_Q_EN_LUT4_O.c_frag.CZ[0] (C_FRAG)                                                                        0.996    42.459
R_dffe_Q.QEN[0] (Q_FRAG)                                                                                        2.470    44.929
data arrival time                                                                                                        44.929

clock clk (rise edge)                                                                                           0.000     0.000
clock source latency                                                                                            0.000     0.000
u_qlal4s3b_cell_macro.Sys_Clk0[0] (ASSP)                                                                        0.000     0.000
R_dffe_Q.QCK[0] (Q_FRAG)                                                                                       11.247    11.247
clock uncertainty                                                                                               0.000    11.247
cell setup time                                                                                                -0.591    10.656
data required time                                                                                                       10.656
-------------------------------------------------------------------------------------------------------------------------------
data required time                                                                                                       10.656
data arrival time                                                                                                       -44.929
-------------------------------------------------------------------------------------------------------------------------------
slack (VIOLATED)                                                                                                        -34.273


#Path 30
Startpoint: R_dffe_Q.QZ[0] (Q_FRAG clocked by clk)
Endpoint  : out:a.outpad[0] (.output clocked by clk)
Path Type : setup

Point                                                             Incr      Path
--------------------------------------------------------------------------------
clock clk (rise edge)                                            0.000     0.000
clock source latency                                             0.000     0.000
u_qlal4s3b_cell_macro.Sys_Clk0[0] (ASSP)                         0.000     0.000
R_dffe_Q.QCK[0] (Q_FRAG)                                        11.247    11.247
R_dffe_Q.QZ[0] (Q_FRAG) [clock-to-output]                        1.701    12.949
$iopadmap$fsm.a.O_DAT[0] (BIDIR_CELL)                            8.437    21.386
$iopadmap$fsm.a.O_PAD_$out[0] (BIDIR_CELL)                       9.809    31.195
out:a.outpad[0] (.output)                                        0.000    31.195
data arrival time                                                         31.195

clock clk (rise edge)                                            0.000     0.000
clock source latency                                             0.000     0.000
clock uncertainty                                                0.000     0.000
output external delay                                            0.000     0.000
data required time                                                         0.000
--------------------------------------------------------------------------------
data required time                                                         0.000
data arrival time                                                        -31.195
--------------------------------------------------------------------------------
slack (VIOLATED)                                                         -31.195


#Path 31
Startpoint: P_dffe_Q.QZ[0] (Q_FRAG clocked by clk)
Endpoint  : out:c.outpad[0] (.output clocked by clk)
Path Type : setup

Point                                                             Incr      Path
--------------------------------------------------------------------------------
clock clk (rise edge)                                            0.000     0.000
clock source latency                                             0.000     0.000
u_qlal4s3b_cell_macro.Sys_Clk0[0] (ASSP)                         0.000     0.000
P_dffe_Q.QCK[0] (Q_FRAG)                                        10.324    10.324
P_dffe_Q.QZ[0] (Q_FRAG) [clock-to-output]                        1.701    12.025
$iopadmap$fsm.c.O_DAT[0] (BIDIR_CELL)                            8.015    20.040
$iopadmap$fsm.c.O_PAD_$out[0] (BIDIR_CELL)                       9.809    29.849
out:c.outpad[0] (.output)                                        0.000    29.849
data arrival time                                                         29.849

clock clk (rise edge)                                            0.000     0.000
clock source latency                                             0.000     0.000
clock uncertainty                                                0.000     0.000
output external delay                                            0.000     0.000
data required time                                                         0.000
--------------------------------------------------------------------------------
data required time                                                         0.000
data arrival time                                                        -29.849
--------------------------------------------------------------------------------
slack (VIOLATED)                                                         -29.849


#Path 32
Startpoint: Q_dffe_Q.QZ[0] (Q_FRAG clocked by clk)
Endpoint  : out:b.outpad[0] (.output clocked by clk)
Path Type : setup

Point                                                             Incr      Path
--------------------------------------------------------------------------------
clock clk (rise edge)                                            0.000     0.000
clock source latency                                             0.000     0.000
u_qlal4s3b_cell_macro.Sys_Clk0[0] (ASSP)                         0.000     0.000
Q_dffe_Q.QCK[0] (Q_FRAG)                                        12.378    12.378
Q_dffe_Q.QZ[0] (Q_FRAG) [clock-to-output]                        1.701    14.080
$iopadmap$fsm.b.O_DAT[0] (BIDIR_CELL)                            5.582    19.662
$iopadmap$fsm.b.O_PAD_$out[0] (BIDIR_CELL)                       9.809    29.471
out:b.outpad[0] (.output)                                        0.000    29.471
data arrival time                                                         29.471

clock clk (rise edge)                                            0.000     0.000
clock source latency                                             0.000     0.000
clock uncertainty                                                0.000     0.000
output external delay                                            0.000     0.000
data required time                                                         0.000
--------------------------------------------------------------------------------
data required time                                                         0.000
data arrival time                                                        -29.471
--------------------------------------------------------------------------------
slack (VIOLATED)                                                         -29.471


#Path 33
Startpoint: R_dffe_Q.QZ[0] (Q_FRAG clocked by clk)
Endpoint  : R_dffe_Q.QD[0] (Q_FRAG clocked by clk)
Path Type : setup

Point                                                             Incr      Path
--------------------------------------------------------------------------------
clock clk (rise edge)                                            0.000     0.000
clock source latency                                             0.000     0.000
u_qlal4s3b_cell_macro.Sys_Clk0[0] (ASSP)                         0.000     0.000
R_dffe_Q.QCK[0] (Q_FRAG)                                        11.247    11.247
R_dffe_Q.QZ[0] (Q_FRAG) [clock-to-output]                        1.701    12.949
R_LUT1_I0.f_frag.FS[0] (F_FRAG)                                  6.724    19.672
R_LUT1_I0.f_frag.FZ[0] (F_FRAG)                                  0.612    20.284
R_dffe_Q.QD[0] (Q_FRAG)                                          2.990    23.275
data arrival time                                                         23.275

clock clk (rise edge)                                            0.000     0.000
clock source latency                                             0.000     0.000
u_qlal4s3b_cell_macro.Sys_Clk0[0] (ASSP)                         0.000     0.000
R_dffe_Q.QCK[0] (Q_FRAG)                                        11.247    11.247
clock uncertainty                                                0.000    11.247
cell setup time                                                  0.105    11.353
data required time                                                        11.353
--------------------------------------------------------------------------------
data required time                                                        11.353
data arrival time                                                        -23.275
--------------------------------------------------------------------------------
slack (VIOLATED)                                                         -11.922


#Path 34
Startpoint: R_dffe_Q.QZ[0] (Q_FRAG clocked by clk)
Endpoint  : P_dffe_Q.QD[0] (Q_FRAG clocked by clk)
Path Type : setup

Point                                                             Incr      Path
--------------------------------------------------------------------------------
clock clk (rise edge)                                            0.000     0.000
clock source latency                                             0.000     0.000
u_qlal4s3b_cell_macro.Sys_Clk0[0] (ASSP)                         0.000     0.000
R_dffe_Q.QCK[0] (Q_FRAG)                                        11.247    11.247
R_dffe_Q.QZ[0] (Q_FRAG) [clock-to-output]                        1.701    12.949
P_LUT3_I0.t_frag.XAB[0] (T_FRAG)                                 6.951    19.900
P_LUT3_I0.t_frag.XZ[0] (T_FRAG)                                  1.305    21.205
P_dffe_Q.QD[0] (Q_FRAG)                                          0.000    21.205
data arrival time                                                         21.205

clock clk (rise edge)                                            0.000     0.000
clock source latency                                             0.000     0.000
u_qlal4s3b_cell_macro.Sys_Clk0[0] (ASSP)                         0.000     0.000
P_dffe_Q.QCK[0] (Q_FRAG)                                        10.324    10.324
clock uncertainty                                                0.000    10.324
cell setup time                                                  0.105    10.429
data required time                                                        10.429
--------------------------------------------------------------------------------
data required time                                                        10.429
data arrival time                                                        -21.205
--------------------------------------------------------------------------------
slack (VIOLATED)                                                         -10.776


#Path 35
Startpoint: R_dffe_Q.QZ[0] (Q_FRAG clocked by clk)
Endpoint  : Q_dffe_Q.QD[0] (Q_FRAG clocked by clk)
Path Type : setup

Point                                                             Incr      Path
--------------------------------------------------------------------------------
clock clk (rise edge)                                            0.000     0.000
clock source latency                                             0.000     0.000
u_qlal4s3b_cell_macro.Sys_Clk0[0] (ASSP)                         0.000     0.000
R_dffe_Q.QCK[0] (Q_FRAG)                                        11.247    11.247
R_dffe_Q.QZ[0] (Q_FRAG) [clock-to-output]                        1.701    12.949
Q_LUT2_I0.t_frag.XAB[0] (T_FRAG)                                 5.539    18.488
Q_LUT2_I0.t_frag.XZ[0] (T_FRAG)                                  1.305    19.793
Q_dffe_Q.QD[0] (Q_FRAG)                                          0.000    19.793
data arrival time                                                         19.793

clock clk (rise edge)                                            0.000     0.000
clock source latency                                             0.000     0.000
u_qlal4s3b_cell_macro.Sys_Clk0[0] (ASSP)                         0.000     0.000
Q_dffe_Q.QCK[0] (Q_FRAG)                                        12.378    12.378
clock uncertainty                                                0.000    12.378
cell setup time                                                  0.105    12.484
data required time                                                        12.484
--------------------------------------------------------------------------------
data required time                                                        12.484
data arrival time                                                        -19.793
--------------------------------------------------------------------------------
slack (VIOLATED)                                                          -7.309


#End of timing report
